method,source_id,machine_id,true_label,score,threshold,pred_label,is_correct
ConvAE Recon Error,test-normal/normal_id_06_00000054.wav,06,0,0.006709401961416006,0.007329173386096954,0,True
ConvAE Recon Error,test-normal/normal_id_06_00000060.wav,06,0,0.006107878405600786,0.007329173386096954,0,True
ConvAE Recon Error,test-normal/normal_id_02_00000058.wav,02,0,0.007431033533066511,0.007329173386096954,1,False
ConvAE Recon Error,test-normal/normal_id_04_00000039.wav,04,0,0.006070567294955254,0.007329173386096954,0,True
ConvAE Recon Error,test-normal/normal_id_06_00000047.wav,06,0,0.0068525280803442,0.007329173386096954,0,True
ConvAE Recon Error,test-normal/normal_id_00_00000095.wav,00,0,0.00864503812044859,0.007329173386096954,1,False
ConvAE Recon Error,test-normal/normal_id_04_00000092.wav,04,0,0.005926104728132486,0.007329173386096954,0,True
ConvAE Recon Error,test-normal/normal_id_00_00000092.wav,00,0,0.0076318178325891495,0.007329173386096954,1,False
ConvAE Recon Error,test-normal/normal_id_06_00000082.wav,06,0,0.006341350264847279,0.007329173386096954,0,True
ConvAE Recon Error,test-normal/normal_id_04_00000094.wav,04,0,0.006446185056120157,0.007329173386096954,0,True
ConvAE Recon Error,test-normal/normal_id_04_00000063.wav,04,0,0.006458518095314503,0.007329173386096954,0,True
ConvAE Recon Error,test-normal/normal_id_02_00000086.wav,02,0,0.006568814627826214,0.007329173386096954,0,True
ConvAE Recon Error,test-normal/normal_id_00_00000007.wav,00,0,0.008448011241853237,0.007329173386096954,1,False
ConvAE Recon Error,test-normal/normal_id_04_00000076.wav,04,0,0.006042017135769129,0.007329173386096954,0,True
ConvAE Recon Error,test-normal/normal_id_06_00000035.wav,06,0,0.006512943655252457,0.007329173386096954,0,True
ConvAE Recon Error,test-normal/normal_id_04_00000084.wav,04,0,0.0064237406477332115,0.007329173386096954,0,True
ConvAE Recon Error,test-normal/normal_id_00_00000060.wav,00,0,0.008061636239290237,0.007329173386096954,1,False
ConvAE Recon Error,test-normal/normal_id_06_00000053.wav,06,0,0.006231298204511404,0.007329173386096954,0,True
ConvAE Recon Error,test-normal/normal_id_04_00000033.wav,04,0,0.006161763332784176,0.007329173386096954,0,True
ConvAE Recon Error,test-normal/normal_id_00_00000088.wav,00,0,0.007156803272664547,0.007329173386096954,0,True
ConvAE Recon Error,test-normal/normal_id_06_00000040.wav,06,0,0.0069366320967674255,0.007329173386096954,0,True
ConvAE Recon Error,test-normal/normal_id_04_00000055.wav,04,0,0.006400560960173607,0.007329173386096954,0,True
ConvAE Recon Error,test-normal/normal_id_06_00000043.wav,06,0,0.0068705715239048,0.007329173386096954,0,True
ConvAE Recon Error,test-normal/normal_id_02_00000020.wav,02,0,0.007588287815451622,0.007329173386096954,1,False
ConvAE Recon Error,test-normal/normal_id_06_00000061.wav,06,0,0.00712616927921772,0.007329173386096954,0,True
ConvAE Recon Error,test-normal/normal_id_04_00000014.wav,04,0,0.006576891522854567,0.007329173386096954,0,True
ConvAE Recon Error,test-normal/normal_id_00_00000037.wav,00,0,0.007644236087799072,0.007329173386096954,1,False
ConvAE Recon Error,test-normal/normal_id_04_00000028.wav,04,0,0.006509764119982719,0.007329173386096954,0,True
ConvAE Recon Error,test-normal/normal_id_02_00000062.wav,02,0,0.00663379393517971,0.007329173386096954,0,True
ConvAE Recon Error,test-normal/normal_id_06_00000006.wav,06,0,0.007106234785169363,0.007329173386096954,0,True
ConvAE Recon Error,test-normal/normal_id_04_00000080.wav,04,0,0.006740720942616463,0.007329173386096954,0,True
ConvAE Recon Error,test-normal/normal_id_04_00000089.wav,04,0,0.006667542736977339,0.007329173386096954,0,True
ConvAE Recon Error,test-normal/normal_id_04_00000082.wav,04,0,0.006400889251381159,0.007329173386096954,0,True
ConvAE Recon Error,test-normal/normal_id_00_00000020.wav,00,0,0.007268710993230343,0.007329173386096954,0,True
ConvAE Recon Error,test-normal/normal_id_02_00000059.wav,02,0,0.006924434099346399,0.007329173386096954,0,True
ConvAE Recon Error,test-normal/normal_id_04_00000054.wav,04,0,0.006247133016586304,0.007329173386096954,0,True
ConvAE Recon Error,test-normal/normal_id_02_00000051.wav,02,0,0.007038710173219442,0.007329173386096954,0,True
ConvAE Recon Error,test-normal/normal_id_04_00000036.wav,04,0,0.00643068365752697,0.007329173386096954,0,True
ConvAE Recon Error,test-normal/normal_id_02_00000061.wav,02,0,0.0066733877174556255,0.007329173386096954,0,True
ConvAE Recon Error,test-normal/normal_id_06_00000099.wav,06,0,0.006880949251353741,0.007329173386096954,0,True
ConvAE Recon Error,test-normal/normal_id_04_00000016.wav,04,0,0.006722436286509037,0.007329173386096954,0,True
ConvAE Recon Error,test-normal/normal_id_04_00000007.wav,04,0,0.006278408691287041,0.007329173386096954,0,True
ConvAE Recon Error,test-normal/normal_id_04_00000061.wav,04,0,0.006141049787402153,0.007329173386096954,0,True
ConvAE Recon Error,test-normal/normal_id_02_00000073.wav,02,0,0.007981434464454651,0.007329173386096954,1,False
ConvAE Recon Error,test-normal/normal_id_02_00000012.wav,02,0,0.007593187037855387,0.007329173386096954,1,False
ConvAE Recon Error,test-normal/normal_id_00_00000018.wav,00,0,0.008162716403603554,0.007329173386096954,1,False
ConvAE Recon Error,test-normal/normal_id_02_00000053.wav,02,0,0.006725687067955732,0.007329173386096954,0,True
ConvAE Recon Error,test-normal/normal_id_00_00000011.wav,00,0,0.007004331331700087,0.007329173386096954,0,True
ConvAE Recon Error,test-normal/normal_id_06_00000032.wav,06,0,0.0062279305420815945,0.007329173386096954,0,True
ConvAE Recon Error,test-normal/normal_id_06_00000023.wav,06,0,0.006753027904778719,0.007329173386096954,0,True
ConvAE Recon Error,test-normal/normal_id_04_00000005.wav,04,0,0.007444530725479126,0.007329173386096954,1,False
ConvAE Recon Error,test-normal/normal_id_00_00000079.wav,00,0,0.007645850535482168,0.007329173386096954,1,False
ConvAE Recon Error,test-normal/normal_id_04_00000002.wav,04,0,0.006387229543179274,0.007329173386096954,0,True
ConvAE Recon Error,test-normal/normal_id_04_00000059.wav,04,0,0.006344918627291918,0.007329173386096954,0,True
ConvAE Recon Error,test-normal/normal_id_04_00000035.wav,04,0,0.005957345943897963,0.007329173386096954,0,True
ConvAE Recon Error,test-normal/normal_id_06_00000042.wav,06,0,0.006229354068636894,0.007329173386096954,0,True
ConvAE Recon Error,test-normal/normal_id_00_00000066.wav,00,0,0.008440779522061348,0.007329173386096954,1,False
ConvAE Recon Error,test-normal/normal_id_00_00000009.wav,00,0,0.007502587512135506,0.007329173386096954,1,False
ConvAE Recon Error,test-normal/normal_id_00_00000059.wav,00,0,0.007532937452197075,0.007329173386096954,1,False
ConvAE Recon Error,test-normal/normal_id_06_00000034.wav,06,0,0.006263231858611107,0.007329173386096954,0,True
ConvAE Recon Error,test-normal/normal_id_00_00000004.wav,00,0,0.00759486947208643,0.007329173386096954,1,False
ConvAE Recon Error,test-normal/normal_id_00_00000094.wav,00,0,0.009435086511075497,0.007329173386096954,1,False
ConvAE Recon Error,test-normal/normal_id_00_00000048.wav,00,0,0.007129594683647156,0.007329173386096954,0,True
ConvAE Recon Error,test-normal/normal_id_00_00000093.wav,00,0,0.007550830487161875,0.007329173386096954,1,False
ConvAE Recon Error,test-normal/normal_id_04_00000051.wav,04,0,0.006916536018252373,0.007329173386096954,0,True
ConvAE Recon Error,test-normal/normal_id_04_00000073.wav,04,0,0.0062949624843895435,0.007329173386096954,0,True
ConvAE Recon Error,test-normal/normal_id_00_00000032.wav,00,0,0.007525840774178505,0.007329173386096954,1,False
ConvAE Recon Error,test-normal/normal_id_02_00000055.wav,02,0,0.007510272320359945,0.007329173386096954,1,False
ConvAE Recon Error,test-normal/normal_id_02_00000028.wav,02,0,0.00700277928262949,0.007329173386096954,0,True
ConvAE Recon Error,test-normal/normal_id_02_00000021.wav,02,0,0.007620250340551138,0.007329173386096954,1,False
ConvAE Recon Error,test-normal/normal_id_04_00000027.wav,04,0,0.006459730211645365,0.007329173386096954,0,True
ConvAE Recon Error,test-normal/normal_id_02_00000030.wav,02,0,0.006582314148545265,0.007329173386096954,0,True
ConvAE Recon Error,test-normal/normal_id_00_00000081.wav,00,0,0.009649107232689857,0.007329173386096954,1,False
ConvAE Recon Error,test-normal/normal_id_00_00000052.wav,00,0,0.007933690212666988,0.007329173386096954,1,False
ConvAE Recon Error,test-normal/normal_id_06_00000028.wav,06,0,0.006632836535573006,0.007329173386096954,0,True
ConvAE Recon Error,test-normal/normal_id_00_00000028.wav,00,0,0.00781259685754776,0.007329173386096954,1,False
ConvAE Recon Error,test-normal/normal_id_06_00000052.wav,06,0,0.00698908930644393,0.007329173386096954,0,True
ConvAE Recon Error,test-normal/normal_id_04_00000009.wav,04,0,0.006685578264296055,0.007329173386096954,0,True
ConvAE Recon Error,test-normal/normal_id_02_00000006.wav,02,0,0.006645925808697939,0.007329173386096954,0,True
ConvAE Recon Error,test-normal/normal_id_06_00000037.wav,06,0,0.006921036634594202,0.007329173386096954,0,True
ConvAE Recon Error,test-normal/normal_id_06_00000094.wav,06,0,0.006938512437045574,0.007329173386096954,0,True
ConvAE Recon Error,test-normal/normal_id_00_00000021.wav,00,0,0.007921016775071621,0.007329173386096954,1,False
ConvAE Recon Error,test-normal/normal_id_04_00000018.wav,04,0,0.00646823039278388,0.007329173386096954,0,True
ConvAE Recon Error,test-normal/normal_id_06_00000050.wav,06,0,0.0070907315239310265,0.007329173386096954,0,True
ConvAE Recon Error,test-normal/normal_id_04_00000066.wav,04,0,0.007915211841464043,0.007329173386096954,1,False
ConvAE Recon Error,test-normal/normal_id_06_00000086.wav,06,0,0.007143107708543539,0.007329173386096954,0,True
ConvAE Recon Error,test-normal/normal_id_06_00000067.wav,06,0,0.006251070648431778,0.007329173386096954,0,True
ConvAE Recon Error,test-normal/normal_id_00_00000039.wav,00,0,0.00940450094640255,0.007329173386096954,1,False
ConvAE Recon Error,test-normal/normal_id_02_00000088.wav,02,0,0.008254528045654297,0.007329173386096954,1,False
ConvAE Recon Error,test-normal/normal_id_00_00000013.wav,00,0,0.0071175298653542995,0.007329173386096954,0,True
ConvAE Recon Error,test-normal/normal_id_02_00000089.wav,02,0,0.006516456604003906,0.007329173386096954,0,True
ConvAE Recon Error,test-normal/normal_id_06_00000008.wav,06,0,0.00642608804628253,0.007329173386096954,0,True
ConvAE Recon Error,test-normal/normal_id_04_00000020.wav,04,0,0.006436049938201904,0.007329173386096954,0,True
ConvAE Recon Error,test-normal/normal_id_00_00000005.wav,00,0,0.007231514435261488,0.007329173386096954,0,True
ConvAE Recon Error,test-normal/normal_id_00_00000085.wav,00,0,0.009442480280995369,0.007329173386096954,1,False
ConvAE Recon Error,test-normal/normal_id_06_00000015.wav,06,0,0.00674322247505188,0.007329173386096954,0,True
ConvAE Recon Error,test-normal/normal_id_04_00000078.wav,04,0,0.006663421168923378,0.007329173386096954,0,True
ConvAE Recon Error,test-normal/normal_id_00_00000078.wav,00,0,0.007243752479553223,0.007329173386096954,0,True
ConvAE Recon Error,test-normal/normal_id_02_00000014.wav,02,0,0.0069561428390443325,0.007329173386096954,0,True
ConvAE Recon Error,test-normal/normal_id_02_00000070.wav,02,0,0.00706382654607296,0.007329173386096954,0,True
ConvAE Recon Error,test-normal/normal_id_02_00000023.wav,02,0,0.007378512993454933,0.007329173386096954,1,False
ConvAE Recon Error,test-normal/normal_id_06_00000001.wav,06,0,0.006768849678337574,0.007329173386096954,0,True
ConvAE Recon Error,test-normal/normal_id_02_00000003.wav,02,0,0.007645283360034227,0.007329173386096954,1,False
ConvAE Recon Error,test-normal/normal_id_00_00000090.wav,00,0,0.008489083498716354,0.007329173386096954,1,False
ConvAE Recon Error,test-normal/normal_id_02_00000099.wav,02,0,0.006935661192983389,0.007329173386096954,0,True
ConvAE Recon Error,test-normal/normal_id_04_00000074.wav,04,0,0.006277855020016432,0.007329173386096954,0,True
ConvAE Recon Error,test-normal/normal_id_06_00000077.wav,06,0,0.006381776183843613,0.007329173386096954,0,True
ConvAE Recon Error,test-normal/normal_id_04_00000006.wav,04,0,0.007178753614425659,0.007329173386096954,0,True
ConvAE Recon Error,test-normal/normal_id_00_00000087.wav,00,0,0.007471469696611166,0.007329173386096954,1,False
ConvAE Recon Error,test-normal/normal_id_04_00000021.wav,04,0,0.006623032037168741,0.007329173386096954,0,True
ConvAE Recon Error,test-normal/normal_id_02_00000042.wav,02,0,0.006865642499178648,0.007329173386096954,0,True
ConvAE Recon Error,test-normal/normal_id_02_00000011.wav,02,0,0.007279965560883284,0.007329173386096954,0,True
ConvAE Recon Error,test-normal/normal_id_06_00000090.wav,06,0,0.006193169392645359,0.007329173386096954,0,True
ConvAE Recon Error,test-normal/normal_id_04_00000077.wav,04,0,0.007605871185660362,0.007329173386096954,1,False
ConvAE Recon Error,test-normal/normal_id_06_00000064.wav,06,0,0.00646934611722827,0.007329173386096954,0,True
ConvAE Recon Error,test-normal/normal_id_02_00000087.wav,02,0,0.007484101690351963,0.007329173386096954,1,False
ConvAE Recon Error,test-normal/normal_id_00_00000065.wav,00,0,0.00820027757436037,0.007329173386096954,1,False
ConvAE Recon Error,test-normal/normal_id_06_00000079.wav,06,0,0.006112056318670511,0.007329173386096954,0,True
ConvAE Recon Error,test-normal/normal_id_00_00000099.wav,00,0,0.00806613638997078,0.007329173386096954,1,False
ConvAE Recon Error,test-normal/normal_id_00_00000071.wav,00,0,0.007736513391137123,0.007329173386096954,1,False
ConvAE Recon Error,test-normal/normal_id_06_00000059.wav,06,0,0.006800465285778046,0.007329173386096954,0,True
ConvAE Recon Error,test-normal/normal_id_00_00000069.wav,00,0,0.010684494860470295,0.007329173386096954,1,False
ConvAE Recon Error,test-normal/normal_id_06_00000024.wav,06,0,0.0067588528618216515,0.007329173386096954,0,True
ConvAE Recon Error,test-normal/normal_id_02_00000025.wav,02,0,0.00781246367841959,0.007329173386096954,1,False
ConvAE Recon Error,test-normal/normal_id_02_00000077.wav,02,0,0.006906693335622549,0.007329173386096954,0,True
ConvAE Recon Error,test-normal/normal_id_04_00000024.wav,04,0,0.006574664730578661,0.007329173386096954,0,True
ConvAE Recon Error,test-normal/normal_id_06_00000087.wav,06,0,0.0069070011377334595,0.007329173386096954,0,True
ConvAE Recon Error,test-normal/normal_id_02_00000017.wav,02,0,0.007148435339331627,0.007329173386096954,0,True
ConvAE Recon Error,test-normal/normal_id_00_00000074.wav,00,0,0.008018613792955875,0.007329173386096954,1,False
ConvAE Recon Error,test-normal/normal_id_00_00000010.wav,00,0,0.008389715105295181,0.007329173386096954,1,False
ConvAE Recon Error,test-normal/normal_id_02_00000016.wav,02,0,0.007156176492571831,0.007329173386096954,0,True
ConvAE Recon Error,test-normal/normal_id_06_00000041.wav,06,0,0.007070878986269236,0.007329173386096954,0,True
ConvAE Recon Error,test-normal/normal_id_02_00000057.wav,02,0,0.00891717616468668,0.007329173386096954,1,False
ConvAE Recon Error,test-normal/normal_id_00_00000063.wav,00,0,0.008121808059513569,0.007329173386096954,1,False
ConvAE Recon Error,test-normal/normal_id_04_00000023.wav,04,0,0.006451167166233063,0.007329173386096954,0,True
ConvAE Recon Error,test-normal/normal_id_00_00000001.wav,00,0,0.0075998613610863686,0.007329173386096954,1,False
ConvAE Recon Error,test-normal/normal_id_00_00000042.wav,00,0,0.008820867165923119,0.007329173386096954,1,False
ConvAE Recon Error,test-normal/normal_id_02_00000022.wav,02,0,0.0070744846016168594,0.007329173386096954,0,True
ConvAE Recon Error,test-normal/normal_id_00_00000017.wav,00,0,0.007913980633020401,0.007329173386096954,1,False
ConvAE Recon Error,test-normal/normal_id_02_00000067.wav,02,0,0.007269763387739658,0.007329173386096954,0,True
ConvAE Recon Error,test-normal/normal_id_04_00000097.wav,04,0,0.0067462436854839325,0.007329173386096954,0,True
ConvAE Recon Error,test-normal/normal_id_06_00000009.wav,06,0,0.00698232464492321,0.007329173386096954,0,True
ConvAE Recon Error,test-normal/normal_id_00_00000076.wav,00,0,0.007248387672007084,0.007329173386096954,0,True
ConvAE Recon Error,test-normal/normal_id_06_00000013.wav,06,0,0.006669570226222277,0.007329173386096954,0,True
ConvAE Recon Error,test-normal/normal_id_04_00000096.wav,04,0,0.006346238311380148,0.007329173386096954,0,True
ConvAE Recon Error,test-normal/normal_id_04_00000008.wav,04,0,0.007061598356813192,0.007329173386096954,0,True
ConvAE Recon Error,test-normal/normal_id_06_00000025.wav,06,0,0.006805759854614735,0.007329173386096954,0,True
ConvAE Recon Error,test-normal/normal_id_00_00000031.wav,00,0,0.007961464114487171,0.007329173386096954,1,False
ConvAE Recon Error,test-normal/normal_id_02_00000029.wav,02,0,0.007719255052506924,0.007329173386096954,1,False
ConvAE Recon Error,test-normal/normal_id_06_00000051.wav,06,0,0.006380458362400532,0.007329173386096954,0,True
ConvAE Recon Error,test-normal/normal_id_02_00000005.wav,02,0,0.007340254727751017,0.007329173386096954,1,False
ConvAE Recon Error,test-normal/normal_id_04_00000090.wav,04,0,0.006366567686200142,0.007329173386096954,0,True
ConvAE Recon Error,test-normal/normal_id_04_00000067.wav,04,0,0.00629955530166626,0.007329173386096954,0,True
ConvAE Recon Error,test-normal/normal_id_04_00000012.wav,04,0,0.006201887037605047,0.007329173386096954,0,True
ConvAE Recon Error,test-normal/normal_id_00_00000043.wav,00,0,0.006867529358714819,0.007329173386096954,0,True
ConvAE Recon Error,test-normal/normal_id_06_00000073.wav,06,0,0.005977155640721321,0.007329173386096954,0,True
ConvAE Recon Error,test-normal/normal_id_02_00000060.wav,02,0,0.006893033627420664,0.007329173386096954,0,True
ConvAE Recon Error,test-normal/normal_id_06_00000017.wav,06,0,0.006235222797840834,0.007329173386096954,0,True
ConvAE Recon Error,test-normal/normal_id_00_00000057.wav,00,0,0.007931254804134369,0.007329173386096954,1,False
ConvAE Recon Error,test-normal/normal_id_04_00000079.wav,04,0,0.006687196437269449,0.007329173386096954,0,True
ConvAE Recon Error,test-normal/normal_id_00_00000023.wav,00,0,0.007588130887597799,0.007329173386096954,1,False
ConvAE Recon Error,test-normal/normal_id_04_00000072.wav,04,0,0.006185248028486967,0.007329173386096954,0,True
ConvAE Recon Error,test-normal/normal_id_00_00000015.wav,00,0,0.007282022852450609,0.007329173386096954,0,True
ConvAE Recon Error,test-normal/normal_id_06_00000016.wav,06,0,0.00656619668006897,0.007329173386096954,0,True
ConvAE Recon Error,test-normal/normal_id_02_00000009.wav,02,0,0.006803526077419519,0.007329173386096954,0,True
ConvAE Recon Error,test-normal/normal_id_02_00000037.wav,02,0,0.006891883909702301,0.007329173386096954,0,True
ConvAE Recon Error,test-normal/normal_id_02_00000090.wav,02,0,0.006939159240573645,0.007329173386096954,0,True
ConvAE Recon Error,test-normal/normal_id_04_00000087.wav,04,0,0.006373662035912275,0.007329173386096954,0,True
ConvAE Recon Error,test-normal/normal_id_00_00000016.wav,00,0,0.008618656545877457,0.007329173386096954,1,False
ConvAE Recon Error,test-normal/normal_id_06_00000000.wav,06,0,0.006326095666736364,0.007329173386096954,0,True
ConvAE Recon Error,test-normal/normal_id_04_00000040.wav,04,0,0.0065255239605903625,0.007329173386096954,0,True
ConvAE Recon Error,test-normal/normal_id_02_00000010.wav,02,0,0.006778953596949577,0.007329173386096954,0,True
ConvAE Recon Error,test-normal/normal_id_02_00000095.wav,02,0,0.006967802066355944,0.007329173386096954,0,True
ConvAE Recon Error,test-normal/normal_id_00_00000034.wav,00,0,0.007366083562374115,0.007329173386096954,1,False
ConvAE Recon Error,test-normal/normal_id_04_00000086.wav,04,0,0.006052372977137566,0.007329173386096954,0,True
ConvAE Recon Error,test-normal/normal_id_06_00000014.wav,06,0,0.006269231904298067,0.007329173386096954,0,True
ConvAE Recon Error,test-normal/normal_id_00_00000035.wav,00,0,0.007534033618867397,0.007329173386096954,1,False
ConvAE Recon Error,test-normal/normal_id_06_00000033.wav,06,0,0.008444220758974552,0.007329173386096954,1,False
ConvAE Recon Error,test-normal/normal_id_02_00000082.wav,02,0,0.006539986934512854,0.007329173386096954,0,True
ConvAE Recon Error,test-normal/normal_id_00_00000049.wav,00,0,0.008278555236756802,0.007329173386096954,1,False
ConvAE Recon Error,test-normal/normal_id_00_00000006.wav,00,0,0.007648025173693895,0.007329173386096954,1,False
ConvAE Recon Error,test-normal/normal_id_02_00000002.wav,02,0,0.00809936411678791,0.007329173386096954,1,False
ConvAE Recon Error,test-normal/normal_id_02_00000075.wav,02,0,0.0067865983583033085,0.007329173386096954,0,True
ConvAE Recon Error,test-normal/normal_id_02_00000039.wav,02,0,0.007566375192254782,0.007329173386096954,1,False
ConvAE Recon Error,test-normal/normal_id_06_00000085.wav,06,0,0.006886732764542103,0.007329173386096954,0,True
ConvAE Recon Error,test-normal/normal_id_00_00000041.wav,00,0,0.007275580428540707,0.007329173386096954,0,True
ConvAE Recon Error,test-normal/normal_id_06_00000066.wav,06,0,0.0067013842053711414,0.007329173386096954,0,True
ConvAE Recon Error,test-normal/normal_id_00_00000022.wav,00,0,0.007315425202250481,0.007329173386096954,0,True
ConvAE Recon Error,test-normal/normal_id_04_00000075.wav,04,0,0.006363568361848593,0.007329173386096954,0,True
ConvAE Recon Error,test-normal/normal_id_02_00000063.wav,02,0,0.007174885831773281,0.007329173386096954,0,True
ConvAE Recon Error,test-normal/normal_id_06_00000020.wav,06,0,0.006035683676600456,0.007329173386096954,0,True
ConvAE Recon Error,test-normal/normal_id_06_00000003.wav,06,0,0.0071834078989923,0.007329173386096954,0,True
ConvAE Recon Error,test-normal/normal_id_02_00000013.wav,02,0,0.008603849448263645,0.007329173386096954,1,False
ConvAE Recon Error,test-normal/normal_id_04_00000037.wav,04,0,0.006062832660973072,0.007329173386096954,0,True
ConvAE Recon Error,test-normal/normal_id_00_00000014.wav,00,0,0.007351241074502468,0.007329173386096954,1,False
ConvAE Recon Error,test-normal/normal_id_02_00000041.wav,02,0,0.006891331635415554,0.007329173386096954,0,True
ConvAE Recon Error,test-normal/normal_id_02_00000094.wav,02,0,0.007359394803643227,0.007329173386096954,1,False
ConvAE Recon Error,test-normal/normal_id_00_00000036.wav,00,0,0.007301967125386,0.007329173386096954,0,True
ConvAE Recon Error,test-normal/normal_id_00_00000097.wav,00,0,0.007141399662941694,0.007329173386096954,0,True
ConvAE Recon Error,test-normal/normal_id_02_00000036.wav,02,0,0.007768252864480019,0.007329173386096954,1,False
ConvAE Recon Error,anomaly/anomaly_id_02_00000089.wav,02,1,0.008328542113304138,0.007329173386096954,1,True
ConvAE Recon Error,anomaly/anomaly_id_04_00000073.wav,04,1,0.0071435365825891495,0.007329173386096954,0,False
ConvAE Recon Error,anomaly/anomaly_id_06_00000051.wav,06,1,0.0076892622746527195,0.007329173386096954,1,True
ConvAE Recon Error,anomaly/anomaly_id_04_00000035.wav,04,1,0.006862609647214413,0.007329173386096954,0,False
ConvAE Recon Error,anomaly/anomaly_id_04_00000001.wav,04,1,0.007029647007584572,0.007329173386096954,0,False
ConvAE Recon Error,anomaly/anomaly_id_04_00000011.wav,04,1,0.007103622891008854,0.007329173386096954,0,False
ConvAE Recon Error,anomaly/anomaly_id_04_00000080.wav,04,1,0.00754000898450613,0.007329173386096954,1,True
ConvAE Recon Error,anomaly/anomaly_id_06_00000036.wav,06,1,0.007311023771762848,0.007329173386096954,0,False
ConvAE Recon Error,anomaly/anomaly_id_00_00000024.wav,00,1,0.006855795159935951,0.007329173386096954,0,False
ConvAE Recon Error,anomaly/anomaly_id_04_00000098.wav,04,1,0.007850047200918198,0.007329173386096954,1,True
ConvAE Recon Error,anomaly/anomaly_id_04_00000058.wav,04,1,0.008171040564775467,0.007329173386096954,1,True
ConvAE Recon Error,anomaly/anomaly_id_02_00000091.wav,02,1,0.006863354705274105,0.007329173386096954,0,False
ConvAE Recon Error,anomaly/anomaly_id_04_00000037.wav,04,1,0.007305591367185116,0.007329173386096954,0,False
ConvAE Recon Error,anomaly/anomaly_id_04_00000070.wav,04,1,0.007307420950382948,0.007329173386096954,0,False
ConvAE Recon Error,anomaly/anomaly_id_00_00000068.wav,00,1,0.00840569194406271,0.007329173386096954,1,True
ConvAE Recon Error,anomaly/anomaly_id_00_00000056.wav,00,1,0.006692830473184586,0.007329173386096954,0,False
ConvAE Recon Error,anomaly/anomaly_id_02_00000087.wav,02,1,0.007821481674909592,0.007329173386096954,1,True
ConvAE Recon Error,anomaly/anomaly_id_00_00000019.wav,00,1,0.008403180167078972,0.007329173386096954,1,True
ConvAE Recon Error,anomaly/anomaly_id_02_00000021.wav,02,1,0.007988658733665943,0.007329173386096954,1,True
ConvAE Recon Error,anomaly/anomaly_id_02_00000095.wav,02,1,0.006432788912206888,0.007329173386096954,0,False
ConvAE Recon Error,anomaly/anomaly_id_06_00000088.wav,06,1,0.00818454660475254,0.007329173386096954,1,True
ConvAE Recon Error,anomaly/anomaly_id_02_00000070.wav,02,1,0.007434988394379616,0.007329173386096954,1,True
ConvAE Recon Error,anomaly/anomaly_id_00_00000060.wav,00,1,0.008546890690922737,0.007329173386096954,1,True
ConvAE Recon Error,anomaly/anomaly_id_06_00000026.wav,06,1,0.006458844989538193,0.007329173386096954,0,False
ConvAE Recon Error,anomaly/anomaly_id_00_00000073.wav,00,1,0.009046831168234348,0.007329173386096954,1,True
ConvAE Recon Error,anomaly/anomaly_id_02_00000090.wav,02,1,0.006721780635416508,0.007329173386096954,0,False
ConvAE Recon Error,anomaly/anomaly_id_00_00000003.wav,00,1,0.007873372174799442,0.007329173386096954,1,True
ConvAE Recon Error,anomaly/anomaly_id_04_00000053.wav,04,1,0.007819656282663345,0.007329173386096954,1,True
ConvAE Recon Error,anomaly/anomaly_id_06_00000067.wav,06,1,0.007096795365214348,0.007329173386096954,0,False
ConvAE Recon Error,anomaly/anomaly_id_06_00000013.wav,06,1,0.006630340591073036,0.007329173386096954,0,False
ConvAE Recon Error,anomaly/anomaly_id_06_00000028.wav,06,1,0.00652365991845727,0.007329173386096954,0,False
ConvAE Recon Error,anomaly/anomaly_id_04_00000005.wav,04,1,0.008190318010747433,0.007329173386096954,1,True
ConvAE Recon Error,anomaly/anomaly_id_02_00000035.wav,02,1,0.0072563085705041885,0.007329173386096954,0,False
ConvAE Recon Error,anomaly/anomaly_id_04_00000086.wav,04,1,0.0075652459636330605,0.007329173386096954,1,True
ConvAE Recon Error,anomaly/anomaly_id_00_00000118.wav,00,1,0.008213004097342491,0.007329173386096954,1,True
ConvAE Recon Error,anomaly/anomaly_id_02_00000106.wav,02,1,0.007191703654825687,0.007329173386096954,0,False
ConvAE Recon Error,anomaly/anomaly_id_04_00000029.wav,04,1,0.007435051258653402,0.007329173386096954,1,True
ConvAE Recon Error,anomaly/anomaly_id_00_00000047.wav,00,1,0.007709320168942213,0.007329173386096954,1,True
ConvAE Recon Error,anomaly/anomaly_id_02_00000092.wav,02,1,0.0082597266882658,0.007329173386096954,1,True
ConvAE Recon Error,anomaly/anomaly_id_00_00000127.wav,00,1,0.008192078210413456,0.007329173386096954,1,True
ConvAE Recon Error,anomaly/anomaly_id_02_00000003.wav,02,1,0.006635813042521477,0.007329173386096954,0,False
ConvAE Recon Error,anomaly/anomaly_id_06_00000071.wav,06,1,0.006159961689263582,0.007329173386096954,0,False
ConvAE Recon Error,anomaly/anomaly_id_00_00000027.wav,00,1,0.008623946458101273,0.007329173386096954,1,True
ConvAE Recon Error,anomaly/anomaly_id_06_00000010.wav,06,1,0.006668121088296175,0.007329173386096954,0,False
ConvAE Recon Error,anomaly/anomaly_id_00_00000062.wav,00,1,0.007103702984750271,0.007329173386096954,0,False
ConvAE Recon Error,anomaly/anomaly_id_06_00000027.wav,06,1,0.006204527337104082,0.007329173386096954,0,False
ConvAE Recon Error,anomaly/anomaly_id_06_00000098.wav,06,1,0.006933326367288828,0.007329173386096954,0,False
ConvAE Recon Error,anomaly/anomaly_id_04_00000096.wav,04,1,0.008754263631999493,0.007329173386096954,1,True
ConvAE Recon Error,anomaly/anomaly_id_04_00000064.wav,04,1,0.007527011912316084,0.007329173386096954,1,True
ConvAE Recon Error,anomaly/anomaly_id_02_00000110.wav,02,1,0.006719005759805441,0.007329173386096954,0,False
ConvAE Recon Error,anomaly/anomaly_id_04_00000000.wav,04,1,0.008301535621285439,0.007329173386096954,1,True
ConvAE Recon Error,anomaly/anomaly_id_06_00000060.wav,06,1,0.007615198846906424,0.007329173386096954,1,True
ConvAE Recon Error,anomaly/anomaly_id_02_00000000.wav,02,1,0.008299126289784908,0.007329173386096954,1,True
ConvAE Recon Error,anomaly/anomaly_id_02_00000057.wav,02,1,0.008584746159613132,0.007329173386096954,1,True
ConvAE Recon Error,anomaly/anomaly_id_04_00000026.wav,04,1,0.006864722818136215,0.007329173386096954,0,False
ConvAE Recon Error,anomaly/anomaly_id_00_00000038.wav,00,1,0.00750732934102416,0.007329173386096954,1,True
ConvAE Recon Error,anomaly/anomaly_id_06_00000023.wav,06,1,0.0071563622914254665,0.007329173386096954,0,False
ConvAE Recon Error,anomaly/anomaly_id_00_00000029.wav,00,1,0.00971263088285923,0.007329173386096954,1,True
ConvAE Recon Error,anomaly/anomaly_id_00_00000089.wav,00,1,0.006939584854990244,0.007329173386096954,0,False
ConvAE Recon Error,anomaly/anomaly_id_02_00000093.wav,02,1,0.0065645077265799046,0.007329173386096954,0,False
ConvAE Recon Error,anomaly/anomaly_id_00_00000098.wav,00,1,0.007232211530208588,0.007329173386096954,0,False
ConvAE Recon Error,anomaly/anomaly_id_00_00000119.wav,00,1,0.0089708948507905,0.007329173386096954,1,True
ConvAE Recon Error,anomaly/anomaly_id_02_00000005.wav,02,1,0.006714914925396442,0.007329173386096954,0,False
ConvAE Recon Error,anomaly/anomaly_id_02_00000053.wav,02,1,0.007977250963449478,0.007329173386096954,1,True
ConvAE Recon Error,anomaly/anomaly_id_04_00000093.wav,04,1,0.007861310616135597,0.007329173386096954,1,True
ConvAE Recon Error,anomaly/anomaly_id_04_00000038.wav,04,1,0.0071848249062895775,0.007329173386096954,0,False
ConvAE Recon Error,anomaly/anomaly_id_00_00000134.wav,00,1,0.008029199205338955,0.007329173386096954,1,True
ConvAE Recon Error,anomaly/anomaly_id_02_00000068.wav,02,1,0.008311454206705093,0.007329173386096954,1,True
ConvAE Recon Error,anomaly/anomaly_id_00_00000012.wav,00,1,0.007119330111891031,0.007329173386096954,0,False
ConvAE Recon Error,anomaly/anomaly_id_02_00000082.wav,02,1,0.007832753472030163,0.007329173386096954,1,True
ConvAE Recon Error,anomaly/anomaly_id_00_00000067.wav,00,1,0.008989161811769009,0.007329173386096954,1,True
ConvAE Recon Error,anomaly/anomaly_id_00_00000108.wav,00,1,0.006973921321332455,0.007329173386096954,0,False
ConvAE Recon Error,anomaly/anomaly_id_00_00000084.wav,00,1,0.007508032955229282,0.007329173386096954,1,True
ConvAE Recon Error,anomaly/anomaly_id_04_00000094.wav,04,1,0.007467275485396385,0.007329173386096954,1,True
ConvAE Recon Error,anomaly/anomaly_id_02_00000058.wav,02,1,0.008251536637544632,0.007329173386096954,1,True
ConvAE Recon Error,anomaly/anomaly_id_06_00000019.wav,06,1,0.006722595542669296,0.007329173386096954,0,False
ConvAE Recon Error,anomaly/anomaly_id_06_00000093.wav,06,1,0.006116974633187056,0.007329173386096954,0,False
ConvAE Recon Error,anomaly/anomaly_id_00_00000030.wav,00,1,0.007457488216459751,0.007329173386096954,1,True
ConvAE Recon Error,anomaly/anomaly_id_00_00000007.wav,00,1,0.006821213290095329,0.007329173386096954,0,False
ConvAE Recon Error,anomaly/anomaly_id_06_00000022.wav,06,1,0.006789351813495159,0.007329173386096954,0,False
ConvAE Recon Error,anomaly/anomaly_id_06_00000091.wav,06,1,0.006651388015598059,0.007329173386096954,0,False
ConvAE Recon Error,anomaly/anomaly_id_02_00000102.wav,02,1,0.00658880639821291,0.007329173386096954,0,False
ConvAE Recon Error,anomaly/anomaly_id_00_00000025.wav,00,1,0.008541329763829708,0.007329173386096954,1,True
ConvAE Recon Error,anomaly/anomaly_id_00_00000092.wav,00,1,0.006789542734622955,0.007329173386096954,0,False
ConvAE Recon Error,anomaly/anomaly_id_04_00000050.wav,04,1,0.010211908258497715,0.007329173386096954,1,True
ConvAE Recon Error,anomaly/anomaly_id_06_00000080.wav,06,1,0.00631234236061573,0.007329173386096954,0,False
ConvAE Recon Error,anomaly/anomaly_id_06_00000087.wav,06,1,0.006616292055696249,0.007329173386096954,0,False
ConvAE Recon Error,anomaly/anomaly_id_06_00000094.wav,06,1,0.006707427091896534,0.007329173386096954,0,False
ConvAE Recon Error,anomaly/anomaly_id_04_00000019.wav,04,1,0.008293828926980495,0.007329173386096954,1,True
ConvAE Recon Error,anomaly/anomaly_id_02_00000104.wav,02,1,0.00809584092348814,0.007329173386096954,1,True
ConvAE Recon Error,anomaly/anomaly_id_00_00000040.wav,00,1,0.007940384559333324,0.007329173386096954,1,True
ConvAE Recon Error,anomaly/anomaly_id_06_00000015.wav,06,1,0.007262698374688625,0.007329173386096954,0,False
ConvAE Recon Error,anomaly/anomaly_id_02_00000013.wav,02,1,0.006535875145345926,0.007329173386096954,0,False
ConvAE Recon Error,anomaly/anomaly_id_06_00000075.wav,06,1,0.00622792961075902,0.007329173386096954,0,False
ConvAE Recon Error,anomaly/anomaly_id_02_00000038.wav,02,1,0.0068761869333684444,0.007329173386096954,0,False
ConvAE Recon Error,anomaly/anomaly_id_04_00000074.wav,04,1,0.012617832981050014,0.007329173386096954,1,True
ConvAE Recon Error,anomaly/anomaly_id_00_00000104.wav,00,1,0.009271596558392048,0.007329173386096954,1,True
ConvAE Recon Error,anomaly/anomaly_id_00_00000075.wav,00,1,0.007408132776618004,0.007329173386096954,1,True
ConvAE Recon Error,anomaly/anomaly_id_04_00000069.wav,04,1,0.00694509269669652,0.007329173386096954,0,False
ConvAE Recon Error,anomaly/anomaly_id_02_00000037.wav,02,1,0.0071365791372954845,0.007329173386096954,0,False
ConvAE Recon Error,anomaly/anomaly_id_04_00000028.wav,04,1,0.007340306881815195,0.007329173386096954,1,True
ConvAE Recon Error,anomaly/anomaly_id_00_00000135.wav,00,1,0.007477614562958479,0.007329173386096954,1,True
ConvAE Recon Error,anomaly/anomaly_id_02_00000022.wav,02,1,0.006801387760788202,0.007329173386096954,0,False
ConvAE Recon Error,anomaly/anomaly_id_02_00000050.wav,02,1,0.008116248063743114,0.007329173386096954,1,True
ConvAE Recon Error,anomaly/anomaly_id_00_00000091.wav,00,1,0.007331539411097765,0.007329173386096954,1,True
ConvAE Recon Error,anomaly/anomaly_id_04_00000017.wav,04,1,0.006958337500691414,0.007329173386096954,0,False
ConvAE Recon Error,anomaly/anomaly_id_04_00000067.wav,04,1,0.007075304165482521,0.007329173386096954,0,False
ConvAE Recon Error,anomaly/anomaly_id_06_00000089.wav,06,1,0.007872811518609524,0.007329173386096954,1,True
ConvAE Recon Error,anomaly/anomaly_id_02_00000002.wav,02,1,0.006407235283404589,0.007329173386096954,0,False
ConvAE Recon Error,anomaly/anomaly_id_06_00000064.wav,06,1,0.009037654846906662,0.007329173386096954,1,True
ConvAE Recon Error,anomaly/anomaly_id_02_00000074.wav,02,1,0.007691315375268459,0.007329173386096954,1,True
ConvAE Recon Error,anomaly/anomaly_id_06_00000011.wav,06,1,0.007813422940671444,0.007329173386096954,1,True
ConvAE Recon Error,anomaly/anomaly_id_02_00000006.wav,02,1,0.006683995481580496,0.007329173386096954,0,False
ConvAE Recon Error,anomaly/anomaly_id_00_00000126.wav,00,1,0.008343168534338474,0.007329173386096954,1,True
ConvAE Recon Error,anomaly/anomaly_id_06_00000045.wav,06,1,0.007481102366000414,0.007329173386096954,1,True
ConvAE Recon Error,anomaly/anomaly_id_00_00000070.wav,00,1,0.007769558113068342,0.007329173386096954,1,True
ConvAE Recon Error,anomaly/anomaly_id_04_00000089.wav,04,1,0.006669444963335991,0.007329173386096954,0,False
ConvAE Recon Error,anomaly/anomaly_id_02_00000029.wav,02,1,0.006535837426781654,0.007329173386096954,0,False
ConvAE Recon Error,anomaly/anomaly_id_06_00000002.wav,06,1,0.0068514347076416016,0.007329173386096954,0,False
ConvAE Recon Error,anomaly/anomaly_id_02_00000107.wav,02,1,0.007812720723450184,0.007329173386096954,1,True
ConvAE Recon Error,anomaly/anomaly_id_00_00000054.wav,00,1,0.007959693670272827,0.007329173386096954,1,True
ConvAE Recon Error,anomaly/anomaly_id_02_00000026.wav,02,1,0.008473868481814861,0.007329173386096954,1,True
ConvAE Recon Error,anomaly/anomaly_id_04_00000027.wav,04,1,0.006910908501595259,0.007329173386096954,0,False
ConvAE Recon Error,anomaly/anomaly_id_02_00000072.wav,02,1,0.0064327651634812355,0.007329173386096954,0,False
ConvAE Recon Error,anomaly/anomaly_id_06_00000053.wav,06,1,0.00721438555046916,0.007329173386096954,0,False
ConvAE Recon Error,anomaly/anomaly_id_06_00000059.wav,06,1,0.008097711950540543,0.007329173386096954,1,True
ConvAE Recon Error,anomaly/anomaly_id_02_00000015.wav,02,1,0.0064643919467926025,0.007329173386096954,0,False
ConvAE Recon Error,anomaly/anomaly_id_06_00000101.wav,06,1,0.006966730114072561,0.007329173386096954,0,False
ConvAE Recon Error,anomaly/anomaly_id_00_00000095.wav,00,1,0.008771702647209167,0.007329173386096954,1,True
ConvAE Recon Error,anomaly/anomaly_id_06_00000081.wav,06,1,0.006346455775201321,0.007329173386096954,0,False
ConvAE Recon Error,anomaly/anomaly_id_04_00000051.wav,04,1,0.006850255653262138,0.007329173386096954,0,False
ConvAE Recon Error,anomaly/anomaly_id_02_00000043.wav,02,1,0.007610844448208809,0.007329173386096954,1,True
ConvAE Recon Error,anomaly/anomaly_id_04_00000009.wav,04,1,0.007098768372088671,0.007329173386096954,0,False
ConvAE Recon Error,anomaly/anomaly_id_04_00000003.wav,04,1,0.007683331146836281,0.007329173386096954,1,True
ConvAE Recon Error,anomaly/anomaly_id_04_00000061.wav,04,1,0.007289989851415157,0.007329173386096954,0,False
ConvAE Recon Error,anomaly/anomaly_id_04_00000052.wav,04,1,0.00798597652465105,0.007329173386096954,1,True
ConvAE Recon Error,anomaly/anomaly_id_06_00000052.wav,06,1,0.006995874922722578,0.007329173386096954,0,False
ConvAE Recon Error,anomaly/anomaly_id_00_00000088.wav,00,1,0.007366599515080452,0.007329173386096954,1,True
ConvAE Recon Error,anomaly/anomaly_id_04_00000090.wav,04,1,0.007230853196233511,0.007329173386096954,0,False
ConvAE Recon Error,anomaly/anomaly_id_06_00000069.wav,06,1,0.006496860645711422,0.007329173386096954,0,False
ConvAE Recon Error,anomaly/anomaly_id_02_00000105.wav,02,1,0.007259691134095192,0.007329173386096954,0,False
ConvAE Recon Error,anomaly/anomaly_id_02_00000071.wav,02,1,0.0067523689940571785,0.007329173386096954,0,False
ConvAE Recon Error,anomaly/anomaly_id_00_00000037.wav,00,1,0.007379599846899509,0.007329173386096954,1,True
ConvAE Recon Error,anomaly/anomaly_id_06_00000001.wav,06,1,0.006669230759143829,0.007329173386096954,0,False
ConvAE Recon Error,anomaly/anomaly_id_04_00000016.wav,04,1,0.0067833829671144485,0.007329173386096954,0,False
ConvAE Recon Error,anomaly/anomaly_id_06_00000076.wav,06,1,0.007481119595468044,0.007329173386096954,1,True
ConvAE Recon Error,anomaly/anomaly_id_04_00000022.wav,04,1,0.007425118703395128,0.007329173386096954,1,True
ConvAE Recon Error,anomaly/anomaly_id_02_00000018.wav,02,1,0.006390292197465897,0.007329173386096954,0,False
ConvAE Recon Error,anomaly/anomaly_id_02_00000073.wav,02,1,0.006593682337552309,0.007329173386096954,0,False
ConvAE Recon Error,anomaly/anomaly_id_02_00000064.wav,02,1,0.006448871456086636,0.007329173386096954,0,False
ConvAE Recon Error,anomaly/anomaly_id_06_00000090.wav,06,1,0.007026359438896179,0.007329173386096954,0,False
ConvAE Recon Error,anomaly/anomaly_id_02_00000030.wav,02,1,0.008345660753548145,0.007329173386096954,1,True
ConvAE Recon Error,anomaly/anomaly_id_00_00000112.wav,00,1,0.0066201952286064625,0.007329173386096954,0,False
ConvAE Recon Error,anomaly/anomaly_id_00_00000018.wav,00,1,0.0069381194189190865,0.007329173386096954,0,False
ConvAE Recon Error,anomaly/anomaly_id_02_00000010.wav,02,1,0.007874875329434872,0.007329173386096954,1,True
ConvAE Recon Error,anomaly/anomaly_id_00_00000011.wav,00,1,0.007836968638002872,0.007329173386096954,1,True
ConvAE Recon Error,anomaly/anomaly_id_06_00000030.wav,06,1,0.008009903132915497,0.007329173386096954,1,True
ConvAE Recon Error,anomaly/anomaly_id_02_00000062.wav,02,1,0.00838660728186369,0.007329173386096954,1,True
ConvAE Recon Error,anomaly/anomaly_id_04_00000081.wav,04,1,0.006826109252870083,0.007329173386096954,0,False
ConvAE Recon Error,anomaly/anomaly_id_06_00000040.wav,06,1,0.006612895987927914,0.007329173386096954,0,False
ConvAE Recon Error,anomaly/anomaly_id_00_00000066.wav,00,1,0.0092531219124794,0.007329173386096954,1,True
ConvAE Recon Error,anomaly/anomaly_id_00_00000009.wav,00,1,0.008788990788161755,0.007329173386096954,1,True
ConvAE Recon Error,anomaly/anomaly_id_06_00000009.wav,06,1,0.00652239890769124,0.007329173386096954,0,False
ConvAE Recon Error,anomaly/anomaly_id_00_00000059.wav,00,1,0.0062410724349319935,0.007329173386096954,0,False
ConvAE Recon Error,anomaly/anomaly_id_06_00000032.wav,06,1,0.00779856089502573,0.007329173386096954,1,True
ConvAE Recon Error,anomaly/anomaly_id_06_00000038.wav,06,1,0.007466104347258806,0.007329173386096954,1,True
ConvAE Recon Error,anomaly/anomaly_id_00_00000004.wav,00,1,0.008905810303986073,0.007329173386096954,1,True
ConvAE Recon Error,anomaly/anomaly_id_00_00000094.wav,00,1,0.008306744508445263,0.007329173386096954,1,True
ConvAE Recon Error,anomaly/anomaly_id_00_00000048.wav,00,1,0.008041602559387684,0.007329173386096954,1,True
ConvAE Recon Error,anomaly/anomaly_id_00_00000093.wav,00,1,0.007157122250646353,0.007329173386096954,0,False
ConvAE Recon Error,anomaly/anomaly_id_02_00000108.wav,02,1,0.006869824603199959,0.007329173386096954,0,False
ConvAE Recon Error,anomaly/anomaly_id_06_00000056.wav,06,1,0.008048389106988907,0.007329173386096954,1,True
ConvAE Recon Error,anomaly/anomaly_id_00_00000032.wav,00,1,0.008523356169462204,0.007329173386096954,1,True
ConvAE Recon Error,anomaly/anomaly_id_02_00000012.wav,02,1,0.00840360950678587,0.007329173386096954,1,True
ConvAE Recon Error,anomaly/anomaly_id_00_00000128.wav,00,1,0.00900229997932911,0.007329173386096954,1,True
ConvAE Recon Error,anomaly/anomaly_id_00_00000121.wav,00,1,0.007177606225013733,0.007329173386096954,0,False
ConvAE Recon Error,anomaly/anomaly_id_02_00000084.wav,02,1,0.006640003062784672,0.007329173386096954,0,False
ConvAE Recon Error,anomaly/anomaly_id_00_00000130.wav,00,1,0.00786580890417099,0.007329173386096954,1,True
ConvAE Recon Error,anomaly/anomaly_id_00_00000081.wav,00,1,0.006284791976213455,0.007329173386096954,0,False
ConvAE Recon Error,anomaly/anomaly_id_04_00000054.wav,04,1,0.0067818788811564445,0.007329173386096954,0,False
ConvAE Recon Error,anomaly/anomaly_id_04_00000057.wav,04,1,0.00685094902291894,0.007329173386096954,0,False
ConvAE Recon Error,anomaly/anomaly_id_00_00000052.wav,00,1,0.0069756838493049145,0.007329173386096954,0,False
ConvAE Recon Error,anomaly/anomaly_id_06_00000025.wav,06,1,0.00654092151671648,0.007329173386096954,0,False
ConvAE Recon Error,anomaly/anomaly_id_00_00000028.wav,00,1,0.009169051423668861,0.007329173386096954,1,True
ConvAE Recon Error,anomaly/anomaly_id_06_00000050.wav,06,1,0.007379643619060516,0.007329173386096954,1,True
ConvAE Recon Error,anomaly/anomaly_id_02_00000066.wav,02,1,0.0065315766260027885,0.007329173386096954,0,False
ConvAE Recon Error,anomaly/anomaly_id_00_00000106.wav,00,1,0.008492972701787949,0.007329173386096954,1,True
ConvAE Recon Error,anomaly/anomaly_id_06_00000035.wav,06,1,0.006105887703597546,0.007329173386096954,0,False
ConvAE Recon Error,anomaly/anomaly_id_06_00000100.wav,06,1,0.008753638714551926,0.007329173386096954,1,True
ConvAE Recon Error,anomaly/anomaly_id_00_00000021.wav,00,1,0.007962006144225597,0.007329173386096954,1,True
ConvAE Recon Error,anomaly/anomaly_id_02_00000075.wav,02,1,0.006656748708337545,0.007329173386096954,0,False
ConvAE Recon Error,anomaly/anomaly_id_06_00000048.wav,06,1,0.006274644751101732,0.007329173386096954,0,False
ConvAE Recon Error,anomaly/anomaly_id_04_00000012.wav,04,1,0.008286911994218826,0.007329173386096954,1,True
ConvAE Recon Error,anomaly/anomaly_id_06_00000065.wav,06,1,0.007852453738451004,0.007329173386096954,1,True
ConvAE Recon Error,anomaly/anomaly_id_04_00000077.wav,04,1,0.006784246303141117,0.007329173386096954,0,False
ConvAE Recon Error,anomaly/anomaly_id_00_00000039.wav,00,1,0.006667233072221279,0.007329173386096954,0,False
ConvAE Recon Error,anomaly/anomaly_id_02_00000045.wav,02,1,0.0073435804806649685,0.007329173386096954,1,True
ConvAE Recon Error,anomaly/anomaly_id_00_00000013.wav,00,1,0.00801112875342369,0.007329173386096954,1,True
ConvAE Recon Error,anomaly/anomaly_id_02_00000046.wav,02,1,0.007778671104460955,0.007329173386096954,1,True
ConvAE Recon Error,anomaly/anomaly_id_04_00000091.wav,04,1,0.006798688787966967,0.007329173386096954,0,False
ConvAE Recon Error,anomaly/anomaly_id_06_00000003.wav,06,1,0.007074485998600721,0.007329173386096954,0,False
ConvAE Recon Error,anomaly/anomaly_id_02_00000077.wav,02,1,0.007602110505104065,0.007329173386096954,1,True
ConvAE Recon Error,anomaly/anomaly_id_00_00000005.wav,00,1,0.008908893913030624,0.007329173386096954,1,True
ConvAE Recon Error,anomaly/anomaly_id_00_00000085.wav,00,1,0.007228442467749119,0.007329173386096954,0,False
ConvAE Recon Error,anomaly/anomaly_id_06_00000085.wav,06,1,0.007275126874446869,0.007329173386096954,0,False
ConvAE Recon Error,anomaly/anomaly_id_06_00000007.wav,06,1,0.007928072474896908,0.007329173386096954,1,True
ConvAE Recon Error,anomaly/anomaly_id_04_00000078.wav,04,1,0.007495468016713858,0.007329173386096954,1,True
ConvAE Recon Error,anomaly/anomaly_id_04_00000024.wav,04,1,0.008082665503025055,0.007329173386096954,1,True
ConvAE Recon Error,anomaly/anomaly_id_00_00000078.wav,00,1,0.008320961147546768,0.007329173386096954,1,True
ConvAE Recon Error,anomaly/anomaly_id_06_00000068.wav,06,1,0.006715334486216307,0.007329173386096954,0,False
ConvAE Recon Error,anomaly/anomaly_id_00_00000114.wav,00,1,0.006965871434658766,0.007329173386096954,0,False
ConvAE Recon Error,anomaly/anomaly_id_02_00000027.wav,02,1,0.006562488153576851,0.007329173386096954,0,False
ConvAE Recon Error,anomaly/anomaly_id_04_00000085.wav,04,1,0.007117114961147308,0.007329173386096954,0,False
ConvAE Recon Error,anomaly/anomaly_id_00_00000123.wav,00,1,0.008162688463926315,0.007329173386096954,1,True
ConvAE Recon Error,anomaly/anomaly_id_04_00000047.wav,04,1,0.007670566439628601,0.007329173386096954,1,True
ConvAE Recon Error,anomaly/anomaly_id_00_00000103.wav,00,1,0.010528690181672573,0.007329173386096954,1,True
ConvAE Recon Error,anomaly/anomaly_id_00_00000090.wav,00,1,0.008192072622478008,0.007329173386096954,1,True
ConvAE Recon Error,anomaly/anomaly_id_02_00000056.wav,02,1,0.00779758719727397,0.007329173386096954,1,True
ConvAE Recon Error,anomaly/anomaly_id_04_00000020.wav,04,1,0.007158014457672834,0.007329173386096954,0,False
ConvAE Recon Error,anomaly/anomaly_id_06_00000031.wav,06,1,0.007878906093537807,0.007329173386096954,1,True
ConvAE Recon Error,anomaly/anomaly_id_02_00000063.wav,02,1,0.008576763793826103,0.007329173386096954,1,True
ConvAE Recon Error,anomaly/anomaly_id_00_00000087.wav,00,1,0.0074844458140432835,0.007329173386096954,1,True
ConvAE Recon Error,anomaly/anomaly_id_02_00000078.wav,02,1,0.007942404597997665,0.007329173386096954,1,True
ConvAE Recon Error,anomaly/anomaly_id_00_00000142.wav,00,1,0.007329280022531748,0.007329173386096954,1,True
ConvAE Recon Error,anomaly/anomaly_id_00_00000111.wav,00,1,0.007745566312223673,0.007329173386096954,1,True
ConvAE Recon Error,anomaly/anomaly_id_04_00000075.wav,04,1,0.007649767678231001,0.007329173386096954,1,True
ConvAE Recon Error,anomaly/anomaly_id_06_00000017.wav,06,1,0.007101917639374733,0.007329173386096954,0,False
ConvAE Recon Error,anomaly/anomaly_id_04_00000023.wav,04,1,0.008031576871871948,0.007329173386096954,1,True
ConvAE Recon Error,anomaly/anomaly_id_04_00000095.wav,04,1,0.007124375086277723,0.007329173386096954,0,False
ConvAE Recon Error,anomaly/anomaly_id_06_00000063.wav,06,1,0.008100081235170364,0.007329173386096954,1,True
ConvAE Recon Error,anomaly/anomaly_id_02_00000044.wav,02,1,0.006817838177084923,0.007329173386096954,0,False
ConvAE Recon Error,anomaly/anomaly_id_00_00000065.wav,00,1,0.00933363102376461,0.007329173386096954,1,True
ConvAE Recon Error,anomaly/anomaly_id_06_00000078.wav,06,1,0.006312726065516472,0.007329173386096954,0,False
ConvAE Recon Error,anomaly/anomaly_id_00_00000099.wav,00,1,0.008612660691142082,0.007329173386096954,1,True
ConvAE Recon Error,anomaly/anomaly_id_00_00000071.wav,00,1,0.006909503135830164,0.007329173386096954,0,False
ConvAE Recon Error,anomaly/anomaly_id_06_00000058.wav,06,1,0.008092501200735569,0.007329173386096954,1,True
ConvAE Recon Error,anomaly/anomaly_id_00_00000069.wav,00,1,0.007305306848138571,0.007329173386096954,0,False
ConvAE Recon Error,anomaly/anomaly_id_06_00000021.wav,06,1,0.008088592439889908,0.007329173386096954,1,True
ConvAE Recon Error,anomaly/anomaly_id_00_00000125.wav,00,1,0.007732287980616093,0.007329173386096954,1,True
ConvAE Recon Error,anomaly/anomaly_id_02_00000034.wav,02,1,0.0069045075215399265,0.007329173386096954,0,False
ConvAE Recon Error,anomaly/anomaly_id_02_00000081.wav,02,1,0.006692660506814718,0.007329173386096954,0,False
ConvAE Recon Error,anomaly/anomaly_id_06_00000086.wav,06,1,0.006468417588621378,0.007329173386096954,0,False
ConvAE Recon Error,anomaly/anomaly_id_00_00000117.wav,00,1,0.006593669299036264,0.007329173386096954,0,False
ConvAE Recon Error,anomaly/anomaly_id_00_00000074.wav,00,1,0.006231860723346472,0.007329173386096954,0,False
ConvAE Recon Error,anomaly/anomaly_id_06_00000018.wav,06,1,0.006891855038702488,0.007329173386096954,0,False
ConvAE Recon Error,anomaly/anomaly_id_00_00000010.wav,00,1,0.008086340501904488,0.007329173386096954,1,True
ConvAE Recon Error,anomaly/anomaly_id_00_00000116.wav,00,1,0.009367046877741814,0.007329173386096954,1,True
ConvAE Recon Error,anomaly/anomaly_id_06_00000039.wav,06,1,0.008061793632805347,0.007329173386096954,1,True
ConvAE Recon Error,anomaly/anomaly_id_02_00000014.wav,02,1,0.006778423674404621,0.007329173386096954,0,False
ConvAE Recon Error,anomaly/anomaly_id_00_00000063.wav,00,1,0.00689307227730751,0.007329173386096954,0,False
ConvAE Recon Error,anomaly/anomaly_id_02_00000080.wav,02,1,0.0069194152019917965,0.007329173386096954,0,False
ConvAE Recon Error,anomaly/anomaly_id_00_00000001.wav,00,1,0.007587358355522156,0.007329173386096954,1,True
ConvAE Recon Error,anomaly/anomaly_id_00_00000042.wav,00,1,0.00863150879740715,0.007329173386096954,1,True
ConvAE Recon Error,anomaly/anomaly_id_00_00000122.wav,00,1,0.006664612330496311,0.007329173386096954,0,False
ConvAE Recon Error,anomaly/anomaly_id_00_00000017.wav,00,1,0.008499535731971264,0.007329173386096954,1,True
ConvAE Recon Error,anomaly/anomaly_id_02_00000024.wav,02,1,0.006699689198285341,0.007329173386096954,0,False
ConvAE Recon Error,anomaly/anomaly_id_04_00000043.wav,04,1,0.0073522478342056274,0.007329173386096954,1,True
ConvAE Recon Error,anomaly/anomaly_id_04_00000055.wav,04,1,0.007301149424165487,0.007329173386096954,0,False
ConvAE Recon Error,anomaly/anomaly_id_00_00000076.wav,00,1,0.006864919792860746,0.007329173386096954,0,False
ConvAE Recon Error,anomaly/anomaly_id_04_00000059.wav,04,1,0.007316970266401768,0.007329173386096954,0,False
ConvAE Recon Error,anomaly/anomaly_id_04_00000042.wav,04,1,0.00730260880663991,0.007329173386096954,0,False
ConvAE Recon Error,anomaly/anomaly_id_02_00000065.wav,02,1,0.008158218115568161,0.007329173386096954,1,True
ConvAE Recon Error,anomaly/anomaly_id_04_00000071.wav,04,1,0.007118473295122385,0.007329173386096954,0,False
ConvAE Recon Error,anomaly/anomaly_id_00_00000031.wav,00,1,0.009485759772360325,0.007329173386096954,1,True
ConvAE Recon Error,anomaly/anomaly_id_00_00000129.wav,00,1,0.007671651896089315,0.007329173386096954,1,True
ConvAE Recon Error,anomaly/anomaly_id_06_00000049.wav,06,1,0.006665327586233616,0.007329173386096954,0,False
ConvAE Recon Error,anomaly/anomaly_id_00_00000105.wav,00,1,0.007323721889406443,0.007329173386096954,0,False
ConvAE Recon Error,anomaly/anomaly_id_04_00000036.wav,04,1,0.00759182358160615,0.007329173386096954,1,True
ConvAE Recon Error,anomaly/anomaly_id_04_00000013.wav,04,1,0.007018122356384993,0.007329173386096954,0,False
ConvAE Recon Error,anomaly/anomaly_id_06_00000044.wav,06,1,0.006184501573443413,0.007329173386096954,0,False
ConvAE Recon Error,anomaly/anomaly_id_02_00000069.wav,02,1,0.006751552224159241,0.007329173386096954,0,False
ConvAE Recon Error,anomaly/anomaly_id_00_00000043.wav,00,1,0.008721173740923405,0.007329173386096954,1,True
ConvAE Recon Error,anomaly/anomaly_id_06_00000072.wav,06,1,0.007350320462137461,0.007329173386096954,1,True
ConvAE Recon Error,anomaly/anomaly_id_02_00000017.wav,02,1,0.006480869837105274,0.007329173386096954,0,False
ConvAE Recon Error,anomaly/anomaly_id_04_00000063.wav,04,1,0.007895237766206264,0.007329173386096954,1,True
ConvAE Recon Error,anomaly/anomaly_id_00_00000057.wav,00,1,0.006794636603444815,0.007329173386096954,0,False
ConvAE Recon Error,anomaly/anomaly_id_04_00000025.wav,04,1,0.008102606981992722,0.007329173386096954,1,True
ConvAE Recon Error,anomaly/anomaly_id_00_00000023.wav,00,1,0.008733759634196758,0.007329173386096954,1,True
ConvAE Recon Error,anomaly/anomaly_id_04_00000018.wav,04,1,0.00813991017639637,0.007329173386096954,1,True
ConvAE Recon Error,anomaly/anomaly_id_00_00000015.wav,00,1,0.009220314212143421,0.007329173386096954,1,True
ConvAE Recon Error,anomaly/anomaly_id_04_00000062.wav,04,1,0.007255466654896736,0.007329173386096954,0,False
ConvAE Recon Error,anomaly/anomaly_id_00_00000109.wav,00,1,0.008812286891043186,0.007329173386096954,1,True
ConvAE Recon Error,anomaly/anomaly_id_00_00000137.wav,00,1,0.007229323033243418,0.007329173386096954,0,False
ConvAE Recon Error,anomaly/anomaly_id_02_00000047.wav,02,1,0.00644012400880456,0.007329173386096954,0,False
ConvAE Recon Error,anomaly/anomaly_id_04_00000033.wav,04,1,0.00751196825876832,0.007329173386096954,1,True
ConvAE Recon Error,anomaly/anomaly_id_00_00000016.wav,00,1,0.006937792524695396,0.007329173386096954,0,False
ConvAE Recon Error,anomaly/anomaly_id_04_00000046.wav,04,1,0.007002493366599083,0.007329173386096954,0,False
ConvAE Recon Error,anomaly/anomaly_id_02_00000097.wav,02,1,0.008165917359292507,0.007329173386096954,1,True
ConvAE Recon Error,anomaly/anomaly_id_00_00000110.wav,00,1,0.006784407421946526,0.007329173386096954,0,False
ConvAE Recon Error,anomaly/anomaly_id_02_00000052.wav,02,1,0.006937440950423479,0.007329173386096954,0,False
ConvAE Recon Error,anomaly/anomaly_id_00_00000034.wav,00,1,0.008283844217658043,0.007329173386096954,1,True
ConvAE Recon Error,anomaly/anomaly_id_04_00000032.wav,04,1,0.007293636444956064,0.007329173386096954,0,False
ConvAE Recon Error,anomaly/anomaly_id_04_00000060.wav,04,1,0.00707274442538619,0.007329173386096954,0,False
ConvAE Recon Error,anomaly/anomaly_id_00_00000035.wav,00,1,0.00832140538841486,0.007329173386096954,1,True
ConvAE Recon Error,anomaly/anomaly_id_04_00000079.wav,04,1,0.008473374880850315,0.007329173386096954,1,True
ConvAE Recon Error,anomaly/anomaly_id_02_00000039.wav,02,1,0.0066443681716918945,0.007329173386096954,0,False
ConvAE Recon Error,anomaly/anomaly_id_00_00000049.wav,00,1,0.008437078446149826,0.007329173386096954,1,True
ConvAE Recon Error,anomaly/anomaly_id_00_00000006.wav,00,1,0.006700295954942703,0.007329173386096954,0,False
ConvAE Recon Error,anomaly/anomaly_id_00_00000102.wav,00,1,0.00925281923264265,0.007329173386096954,1,True
ConvAE Recon Error,anomaly/anomaly_id_02_00000032.wav,02,1,0.006752488669008017,0.007329173386096954,0,False
ConvAE Recon Error,anomaly/anomaly_id_00_00000139.wav,00,1,0.0077466461807489395,0.007329173386096954,1,True
ConvAE Recon Error,anomaly/anomaly_id_06_00000084.wav,06,1,0.0065705603919923306,0.007329173386096954,0,False
ConvAE Recon Error,anomaly/anomaly_id_00_00000041.wav,00,1,0.009281115606427193,0.007329173386096954,1,True
ConvAE Recon Error,anomaly/anomaly_id_06_00000012.wav,06,1,0.008022268302738667,0.007329173386096954,1,True
ConvAE Recon Error,anomaly/anomaly_id_00_00000022.wav,00,1,0.006764440797269344,0.007329173386096954,0,False
ConvAE Recon Error,anomaly/anomaly_id_04_00000021.wav,04,1,0.006817011162638664,0.007329173386096954,0,False
ConvAE Recon Error,anomaly/anomaly_id_02_00000020.wav,02,1,0.007594069000333548,0.007329173386096954,1,True
ConvAE Recon Error,anomaly/anomaly_id_04_00000066.wav,04,1,0.006757181603461504,0.007329173386096954,0,False
ConvAE Recon Error,anomaly/anomaly_id_04_00000049.wav,04,1,0.008322987705469131,0.007329173386096954,1,True
ConvAE Recon Error,anomaly/anomaly_id_00_00000113.wav,00,1,0.009328820742666721,0.007329173386096954,1,True
ConvAE Recon Error,anomaly/anomaly_id_02_00000094.wav,02,1,0.00735271954908967,0.007329173386096954,1,True
ConvAE Recon Error,anomaly/anomaly_id_06_00000042.wav,06,1,0.006410533562302589,0.007329173386096954,0,False
ConvAE Recon Error,anomaly/anomaly_id_06_00000083.wav,06,1,0.007302714046090841,0.007329173386096954,0,False
ConvAE Recon Error,anomaly/anomaly_id_00_00000014.wav,00,1,0.00801334623247385,0.007329173386096954,1,True
ConvAE Recon Error,anomaly/anomaly_id_00_00000141.wav,00,1,0.0073912921361625195,0.007329173386096954,1,True
ConvAE Recon Error,anomaly/anomaly_id_02_00000051.wav,02,1,0.00704361405223608,0.007329173386096954,0,False
ConvAE Recon Error,anomaly/anomaly_id_00_00000036.wav,00,1,0.0081377187743783,0.007329173386096954,1,True
ConvAE Recon Error,anomaly/anomaly_id_00_00000097.wav,00,1,0.008788391016423702,0.007329173386096954,1,True
ConvAE Recon Error,anomaly/anomaly_id_06_00000095.wav,06,1,0.009279180318117142,0.007329173386096954,1,True
ConvAE Recon Error,anomaly/anomaly_id_00_00000136.wav,00,1,0.006636650301516056,0.007329173386096954,0,False
ConvAE + IF,test-normal/normal_id_06_00000054.wav,06,0,-0.02723062567432524,-0.05819185989586842,1,False
ConvAE + IF,test-normal/normal_id_06_00000060.wav,06,0,-0.09451250918658392,-0.05819185989586842,0,True
ConvAE + IF,test-normal/normal_id_02_00000058.wav,02,0,-0.05385249448881359,-0.05819185989586842,1,False
ConvAE + IF,test-normal/normal_id_04_00000039.wav,04,0,-0.033657434266702514,-0.05819185989586842,1,False
ConvAE + IF,test-normal/normal_id_06_00000047.wav,06,0,-0.06660511397002307,-0.05819185989586842,0,True
ConvAE + IF,test-normal/normal_id_00_00000095.wav,00,0,-0.03615651167380104,-0.05819185989586842,1,False
ConvAE + IF,test-normal/normal_id_04_00000092.wav,04,0,-0.0393715958229566,-0.05819185989586842,1,False
ConvAE + IF,test-normal/normal_id_00_00000092.wav,00,0,-0.04355787134919055,-0.05819185989586842,1,False
ConvAE + IF,test-normal/normal_id_06_00000082.wav,06,0,-0.10968054802790325,-0.05819185989586842,0,True
ConvAE + IF,test-normal/normal_id_04_00000094.wav,04,0,-0.06647689948710969,-0.05819185989586842,0,True
ConvAE + IF,test-normal/normal_id_04_00000063.wav,04,0,-0.030503189717193555,-0.05819185989586842,1,False
ConvAE + IF,test-normal/normal_id_02_00000086.wav,02,0,-0.12827711361495642,-0.05819185989586842,0,True
ConvAE + IF,test-normal/normal_id_00_00000007.wav,00,0,-0.05745063725490724,-0.05819185989586842,1,False
ConvAE + IF,test-normal/normal_id_04_00000076.wav,04,0,-0.04002361670094623,-0.05819185989586842,1,False
ConvAE + IF,test-normal/normal_id_06_00000035.wav,06,0,-0.08866537359512877,-0.05819185989586842,0,True
ConvAE + IF,test-normal/normal_id_04_00000084.wav,04,0,-0.07257655714858191,-0.05819185989586842,0,True
ConvAE + IF,test-normal/normal_id_00_00000060.wav,00,0,-0.056254941828836995,-0.05819185989586842,1,False
ConvAE + IF,test-normal/normal_id_06_00000053.wav,06,0,-0.1039051204665224,-0.05819185989586842,0,True
ConvAE + IF,test-normal/normal_id_04_00000033.wav,04,0,-0.05588106935818831,-0.05819185989586842,1,False
ConvAE + IF,test-normal/normal_id_00_00000088.wav,00,0,-0.1200928184815478,-0.05819185989586842,0,True
ConvAE + IF,test-normal/normal_id_06_00000040.wav,06,0,-0.012418823754735693,-0.05819185989586842,1,False
ConvAE + IF,test-normal/normal_id_04_00000055.wav,04,0,-0.04397029960634056,-0.05819185989586842,1,False
ConvAE + IF,test-normal/normal_id_06_00000043.wav,06,0,0.013947946436987177,-0.05819185989586842,1,False
ConvAE + IF,test-normal/normal_id_02_00000020.wav,02,0,-0.10428194966303056,-0.05819185989586842,0,True
ConvAE + IF,test-normal/normal_id_06_00000061.wav,06,0,-0.03371629935452138,-0.05819185989586842,1,False
ConvAE + IF,test-normal/normal_id_04_00000014.wav,04,0,-0.06355285713686715,-0.05819185989586842,0,True
ConvAE + IF,test-normal/normal_id_00_00000037.wav,00,0,-0.09296498889529986,-0.05819185989586842,0,True
ConvAE + IF,test-normal/normal_id_04_00000028.wav,04,0,-0.05938768423321994,-0.05819185989586842,0,True
ConvAE + IF,test-normal/normal_id_02_00000062.wav,02,0,-0.07804414943709231,-0.05819185989586842,0,True
ConvAE + IF,test-normal/normal_id_06_00000006.wav,06,0,-0.035948903685215,-0.05819185989586842,1,False
ConvAE + IF,test-normal/normal_id_04_00000080.wav,04,0,-0.0058166875761355395,-0.05819185989586842,1,False
ConvAE + IF,test-normal/normal_id_04_00000089.wav,04,0,-0.06558450776138826,-0.05819185989586842,0,True
ConvAE + IF,test-normal/normal_id_04_00000082.wav,04,0,-0.07921888772954097,-0.05819185989586842,0,True
ConvAE + IF,test-normal/normal_id_00_00000020.wav,00,0,-0.11322808869999118,-0.05819185989586842,0,True
ConvAE + IF,test-normal/normal_id_02_00000059.wav,02,0,-0.09453551372472747,-0.05819185989586842,0,True
ConvAE + IF,test-normal/normal_id_04_00000054.wav,04,0,-0.10050190904757657,-0.05819185989586842,0,True
ConvAE + IF,test-normal/normal_id_02_00000051.wav,02,0,-0.11933157775268673,-0.05819185989586842,0,True
ConvAE + IF,test-normal/normal_id_04_00000036.wav,04,0,-0.09320861548046087,-0.05819185989586842,0,True
ConvAE + IF,test-normal/normal_id_02_00000061.wav,02,0,-0.12774744115793343,-0.05819185989586842,0,True
ConvAE + IF,test-normal/normal_id_06_00000099.wav,06,0,0.008045176652941879,-0.05819185989586842,1,False
ConvAE + IF,test-normal/normal_id_04_00000016.wav,04,0,-0.06007835966988154,-0.05819185989586842,0,True
ConvAE + IF,test-normal/normal_id_04_00000007.wav,04,0,-0.04311255414800871,-0.05819185989586842,1,False
ConvAE + IF,test-normal/normal_id_04_00000061.wav,04,0,-0.11079847266620096,-0.05819185989586842,0,True
ConvAE + IF,test-normal/normal_id_02_00000073.wav,02,0,-0.11025715748177735,-0.05819185989586842,0,True
ConvAE + IF,test-normal/normal_id_02_00000012.wav,02,0,-0.11122237418412577,-0.05819185989586842,0,True
ConvAE + IF,test-normal/normal_id_00_00000018.wav,00,0,-0.08332538297560882,-0.05819185989586842,0,True
ConvAE + IF,test-normal/normal_id_02_00000053.wav,02,0,-0.06221218122067581,-0.05819185989586842,0,True
ConvAE + IF,test-normal/normal_id_00_00000011.wav,00,0,-0.004929411846459058,-0.05819185989586842,1,False
ConvAE + IF,test-normal/normal_id_06_00000032.wav,06,0,-0.11628124218703133,-0.05819185989586842,0,True
ConvAE + IF,test-normal/normal_id_06_00000023.wav,06,0,0.028994661523457865,-0.05819185989586842,1,False
ConvAE + IF,test-normal/normal_id_04_00000005.wav,04,0,-0.05805503617387083,-0.05819185989586842,1,False
ConvAE + IF,test-normal/normal_id_00_00000079.wav,00,0,-0.04244531692937556,-0.05819185989586842,1,False
ConvAE + IF,test-normal/normal_id_04_00000002.wav,04,0,-0.03993222387940392,-0.05819185989586842,1,False
ConvAE + IF,test-normal/normal_id_04_00000059.wav,04,0,0.006091709975976856,-0.05819185989586842,1,False
ConvAE + IF,test-normal/normal_id_04_00000035.wav,04,0,-0.035621507816507865,-0.05819185989586842,1,False
ConvAE + IF,test-normal/normal_id_06_00000042.wav,06,0,-0.04181648789353469,-0.05819185989586842,1,False
ConvAE + IF,test-normal/normal_id_00_00000066.wav,00,0,-0.025899292750341682,-0.05819185989586842,1,False
ConvAE + IF,test-normal/normal_id_00_00000009.wav,00,0,-0.0982378297186023,-0.05819185989586842,0,True
ConvAE + IF,test-normal/normal_id_00_00000059.wav,00,0,-0.1156249416187893,-0.05819185989586842,0,True
ConvAE + IF,test-normal/normal_id_06_00000034.wav,06,0,-0.0902318987097847,-0.05819185989586842,0,True
ConvAE + IF,test-normal/normal_id_00_00000004.wav,00,0,-0.08641588032548225,-0.05819185989586842,0,True
ConvAE + IF,test-normal/normal_id_00_00000094.wav,00,0,-0.07363916872205649,-0.05819185989586842,0,True
ConvAE + IF,test-normal/normal_id_00_00000048.wav,00,0,-0.12374053785640188,-0.05819185989586842,0,True
ConvAE + IF,test-normal/normal_id_00_00000093.wav,00,0,-0.06885861047640612,-0.05819185989586842,0,True
ConvAE + IF,test-normal/normal_id_04_00000051.wav,04,0,-0.0649749096754499,-0.05819185989586842,0,True
ConvAE + IF,test-normal/normal_id_04_00000073.wav,04,0,-0.0960315628688618,-0.05819185989586842,0,True
ConvAE + IF,test-normal/normal_id_00_00000032.wav,00,0,-0.06619897106998514,-0.05819185989586842,0,True
ConvAE + IF,test-normal/normal_id_02_00000055.wav,02,0,-0.0755563352895916,-0.05819185989586842,0,True
ConvAE + IF,test-normal/normal_id_02_00000028.wav,02,0,-0.10588218069058844,-0.05819185989586842,0,True
ConvAE + IF,test-normal/normal_id_02_00000021.wav,02,0,-0.05811792077276258,-0.05819185989586842,1,False
ConvAE + IF,test-normal/normal_id_04_00000027.wav,04,0,-0.05722765214418778,-0.05819185989586842,1,False
ConvAE + IF,test-normal/normal_id_02_00000030.wav,02,0,-0.05694039515416269,-0.05819185989586842,1,False
ConvAE + IF,test-normal/normal_id_00_00000081.wav,00,0,-0.05222800027787422,-0.05819185989586842,1,False
ConvAE + IF,test-normal/normal_id_00_00000052.wav,00,0,-0.05520067282231803,-0.05819185989586842,1,False
ConvAE + IF,test-normal/normal_id_06_00000028.wav,06,0,-0.050532521460926606,-0.05819185989586842,1,False
ConvAE + IF,test-normal/normal_id_00_00000028.wav,00,0,-0.03633556808313997,-0.05819185989586842,1,False
ConvAE + IF,test-normal/normal_id_06_00000052.wav,06,0,-0.030696875497436223,-0.05819185989586842,1,False
ConvAE + IF,test-normal/normal_id_04_00000009.wav,04,0,-0.11173416365771487,-0.05819185989586842,0,True
ConvAE + IF,test-normal/normal_id_02_00000006.wav,02,0,-0.12313995079592509,-0.05819185989586842,0,True
ConvAE + IF,test-normal/normal_id_06_00000037.wav,06,0,-0.036437554168425236,-0.05819185989586842,1,False
ConvAE + IF,test-normal/normal_id_06_00000094.wav,06,0,-0.08524625366181593,-0.05819185989586842,0,True
ConvAE + IF,test-normal/normal_id_00_00000021.wav,00,0,-0.0730051279456099,-0.05819185989586842,0,True
ConvAE + IF,test-normal/normal_id_04_00000018.wav,04,0,-0.083348687871387,-0.05819185989586842,0,True
ConvAE + IF,test-normal/normal_id_06_00000050.wav,06,0,0.026136541153587593,-0.05819185989586842,1,False
ConvAE + IF,test-normal/normal_id_04_00000066.wav,04,0,-0.030543238763733754,-0.05819185989586842,1,False
ConvAE + IF,test-normal/normal_id_06_00000086.wav,06,0,-0.039903523150540715,-0.05819185989586842,1,False
ConvAE + IF,test-normal/normal_id_06_00000067.wav,06,0,-0.09516068696104493,-0.05819185989586842,0,True
ConvAE + IF,test-normal/normal_id_00_00000039.wav,00,0,-0.05587721209104271,-0.05819185989586842,1,False
ConvAE + IF,test-normal/normal_id_02_00000088.wav,02,0,-0.042870250527909694,-0.05819185989586842,1,False
ConvAE + IF,test-normal/normal_id_00_00000013.wav,00,0,-0.11752204509185764,-0.05819185989586842,0,True
ConvAE + IF,test-normal/normal_id_02_00000089.wav,02,0,-0.1249153965597683,-0.05819185989586842,0,True
ConvAE + IF,test-normal/normal_id_06_00000008.wav,06,0,-0.1036001625021074,-0.05819185989586842,0,True
ConvAE + IF,test-normal/normal_id_04_00000020.wav,04,0,-0.09493885999971699,-0.05819185989586842,0,True
ConvAE + IF,test-normal/normal_id_00_00000005.wav,00,0,-0.09550514914301075,-0.05819185989586842,0,True
ConvAE + IF,test-normal/normal_id_00_00000085.wav,00,0,-0.029451889065385293,-0.05819185989586842,1,False
ConvAE + IF,test-normal/normal_id_06_00000015.wav,06,0,-0.024557302562780412,-0.05819185989586842,1,False
ConvAE + IF,test-normal/normal_id_04_00000078.wav,04,0,-0.018897249993839665,-0.05819185989586842,1,False
ConvAE + IF,test-normal/normal_id_00_00000078.wav,00,0,-0.11134273205078123,-0.05819185989586842,0,True
ConvAE + IF,test-normal/normal_id_02_00000014.wav,02,0,-0.09610571550033509,-0.05819185989586842,0,True
ConvAE + IF,test-normal/normal_id_02_00000070.wav,02,0,-0.08936691499277583,-0.05819185989586842,0,True
ConvAE + IF,test-normal/normal_id_02_00000023.wav,02,0,-0.03457271780239865,-0.05819185989586842,1,False
ConvAE + IF,test-normal/normal_id_06_00000001.wav,06,0,0.003691322156407717,-0.05819185989586842,1,False
ConvAE + IF,test-normal/normal_id_02_00000003.wav,02,0,-0.09942470958653021,-0.05819185989586842,0,True
ConvAE + IF,test-normal/normal_id_00_00000090.wav,00,0,-0.07187815401141766,-0.05819185989586842,0,True
ConvAE + IF,test-normal/normal_id_02_00000099.wav,02,0,-0.05737043127851346,-0.05819185989586842,1,False
ConvAE + IF,test-normal/normal_id_04_00000074.wav,04,0,-0.08541632683990646,-0.05819185989586842,0,True
ConvAE + IF,test-normal/normal_id_06_00000077.wav,06,0,-0.10826718199900921,-0.05819185989586842,0,True
ConvAE + IF,test-normal/normal_id_04_00000006.wav,04,0,-0.05969476801271794,-0.05819185989586842,0,True
ConvAE + IF,test-normal/normal_id_00_00000087.wav,00,0,-0.056233962699028854,-0.05819185989586842,1,False
ConvAE + IF,test-normal/normal_id_04_00000021.wav,04,0,-0.0399163163305654,-0.05819185989586842,1,False
ConvAE + IF,test-normal/normal_id_02_00000042.wav,02,0,-0.1231107773734397,-0.05819185989586842,0,True
ConvAE + IF,test-normal/normal_id_02_00000011.wav,02,0,-0.06243241533128087,-0.05819185989586842,0,True
ConvAE + IF,test-normal/normal_id_06_00000090.wav,06,0,-0.04891581502238192,-0.05819185989586842,1,False
ConvAE + IF,test-normal/normal_id_04_00000077.wav,04,0,-0.048420088890088815,-0.05819185989586842,1,False
ConvAE + IF,test-normal/normal_id_06_00000064.wav,06,0,-0.08243863984117733,-0.05819185989586842,0,True
ConvAE + IF,test-normal/normal_id_02_00000087.wav,02,0,-0.05100773997660994,-0.05819185989586842,1,False
ConvAE + IF,test-normal/normal_id_00_00000065.wav,00,0,-0.07934059187518026,-0.05819185989586842,0,True
ConvAE + IF,test-normal/normal_id_06_00000079.wav,06,0,-0.052212989612825986,-0.05819185989586842,1,False
ConvAE + IF,test-normal/normal_id_00_00000099.wav,00,0,-0.03587318326831359,-0.05819185989586842,1,False
ConvAE + IF,test-normal/normal_id_00_00000071.wav,00,0,-0.06923152011461474,-0.05819185989586842,0,True
ConvAE + IF,test-normal/normal_id_06_00000059.wav,06,0,-0.05609744127494708,-0.05819185989586842,1,False
ConvAE + IF,test-normal/normal_id_00_00000069.wav,00,0,0.006231953051356758,-0.05819185989586842,1,False
ConvAE + IF,test-normal/normal_id_06_00000024.wav,06,0,-0.10519543262427528,-0.05819185989586842,0,True
ConvAE + IF,test-normal/normal_id_02_00000025.wav,02,0,-0.09929416607561453,-0.05819185989586842,0,True
ConvAE + IF,test-normal/normal_id_02_00000077.wav,02,0,-0.06161143301547467,-0.05819185989586842,0,True
ConvAE + IF,test-normal/normal_id_04_00000024.wav,04,0,-0.06659471073987809,-0.05819185989586842,0,True
ConvAE + IF,test-normal/normal_id_06_00000087.wav,06,0,-0.03710722286342618,-0.05819185989586842,1,False
ConvAE + IF,test-normal/normal_id_02_00000017.wav,02,0,-0.09358719505670966,-0.05819185989586842,0,True
ConvAE + IF,test-normal/normal_id_00_00000074.wav,00,0,-0.10970941615747003,-0.05819185989586842,0,True
ConvAE + IF,test-normal/normal_id_00_00000010.wav,00,0,-0.04567604122899379,-0.05819185989586842,1,False
ConvAE + IF,test-normal/normal_id_02_00000016.wav,02,0,-0.1095857212150934,-0.05819185989586842,0,True
ConvAE + IF,test-normal/normal_id_06_00000041.wav,06,0,-0.06671079091978083,-0.05819185989586842,0,True
ConvAE + IF,test-normal/normal_id_02_00000057.wav,02,0,-0.02825058949546731,-0.05819185989586842,1,False
ConvAE + IF,test-normal/normal_id_00_00000063.wav,00,0,-0.06392760028373018,-0.05819185989586842,0,True
ConvAE + IF,test-normal/normal_id_04_00000023.wav,04,0,-0.06686804810638042,-0.05819185989586842,0,True
ConvAE + IF,test-normal/normal_id_00_00000001.wav,00,0,-0.08896610845453456,-0.05819185989586842,0,True
ConvAE + IF,test-normal/normal_id_00_00000042.wav,00,0,-0.05833280743798234,-0.05819185989586842,0,True
ConvAE + IF,test-normal/normal_id_02_00000022.wav,02,0,-0.04599201244367566,-0.05819185989586842,1,False
ConvAE + IF,test-normal/normal_id_00_00000017.wav,00,0,-0.10585960975544555,-0.05819185989586842,0,True
ConvAE + IF,test-normal/normal_id_02_00000067.wav,02,0,-0.07816490333153195,-0.05819185989586842,0,True
ConvAE + IF,test-normal/normal_id_04_00000097.wav,04,0,-0.062009632144171135,-0.05819185989586842,0,True
ConvAE + IF,test-normal/normal_id_06_00000009.wav,06,0,-0.024215367075228717,-0.05819185989586842,1,False
ConvAE + IF,test-normal/normal_id_00_00000076.wav,00,0,-0.114427682140006,-0.05819185989586842,0,True
ConvAE + IF,test-normal/normal_id_06_00000013.wav,06,0,0.019411929377440136,-0.05819185989586842,1,False
ConvAE + IF,test-normal/normal_id_04_00000096.wav,04,0,-0.027909590713839527,-0.05819185989586842,1,False
ConvAE + IF,test-normal/normal_id_04_00000008.wav,04,0,-0.011673276525716758,-0.05819185989586842,1,False
ConvAE + IF,test-normal/normal_id_06_00000025.wav,06,0,-0.05823916995312777,-0.05819185989586842,0,True
ConvAE + IF,test-normal/normal_id_00_00000031.wav,00,0,-0.12025400402067994,-0.05819185989586842,0,True
ConvAE + IF,test-normal/normal_id_02_00000029.wav,02,0,-0.055977819466832064,-0.05819185989586842,1,False
ConvAE + IF,test-normal/normal_id_06_00000051.wav,06,0,-0.11434396895922998,-0.05819185989586842,0,True
ConvAE + IF,test-normal/normal_id_02_00000005.wav,02,0,-0.08977822998344746,-0.05819185989586842,0,True
ConvAE + IF,test-normal/normal_id_04_00000090.wav,04,0,-0.08453509251054261,-0.05819185989586842,0,True
ConvAE + IF,test-normal/normal_id_04_00000067.wav,04,0,-0.10503596060104131,-0.05819185989586842,0,True
ConvAE + IF,test-normal/normal_id_04_00000012.wav,04,0,-0.09600195239520798,-0.05819185989586842,0,True
ConvAE + IF,test-normal/normal_id_00_00000043.wav,00,0,-0.11946947078812069,-0.05819185989586842,0,True
ConvAE + IF,test-normal/normal_id_06_00000073.wav,06,0,-0.008843557265350879,-0.05819185989586842,1,False
ConvAE + IF,test-normal/normal_id_02_00000060.wav,02,0,-0.11807765654701544,-0.05819185989586842,0,True
ConvAE + IF,test-normal/normal_id_06_00000017.wav,06,0,-0.025738031813442405,-0.05819185989586842,1,False
ConvAE + IF,test-normal/normal_id_00_00000057.wav,00,0,-0.0575450244632239,-0.05819185989586842,1,False
ConvAE + IF,test-normal/normal_id_04_00000079.wav,04,0,-0.045545892793710276,-0.05819185989586842,1,False
ConvAE + IF,test-normal/normal_id_00_00000023.wav,00,0,-0.03899865913583022,-0.05819185989586842,1,False
ConvAE + IF,test-normal/normal_id_04_00000072.wav,04,0,-0.017056993885488276,-0.05819185989586842,1,False
ConvAE + IF,test-normal/normal_id_00_00000015.wav,00,0,-0.0356692014392734,-0.05819185989586842,1,False
ConvAE + IF,test-normal/normal_id_06_00000016.wav,06,0,-0.10818858613340078,-0.05819185989586842,0,True
ConvAE + IF,test-normal/normal_id_02_00000009.wav,02,0,-0.0471411117496489,-0.05819185989586842,1,False
ConvAE + IF,test-normal/normal_id_02_00000037.wav,02,0,-0.12998638337411017,-0.05819185989586842,0,True
ConvAE + IF,test-normal/normal_id_02_00000090.wav,02,0,-0.09591791093940397,-0.05819185989586842,0,True
ConvAE + IF,test-normal/normal_id_04_00000087.wav,04,0,-0.0776544277605949,-0.05819185989586842,0,True
ConvAE + IF,test-normal/normal_id_00_00000016.wav,00,0,-0.016773549925247235,-0.05819185989586842,1,False
ConvAE + IF,test-normal/normal_id_06_00000000.wav,06,0,-0.049249391066756604,-0.05819185989586842,1,False
ConvAE + IF,test-normal/normal_id_04_00000040.wav,04,0,-0.0926516891487507,-0.05819185989586842,0,True
ConvAE + IF,test-normal/normal_id_02_00000010.wav,02,0,-0.12318268304920117,-0.05819185989586842,0,True
ConvAE + IF,test-normal/normal_id_02_00000095.wav,02,0,-0.09874429538416934,-0.05819185989586842,0,True
ConvAE + IF,test-normal/normal_id_00_00000034.wav,00,0,-0.10344415035699372,-0.05819185989586842,0,True
ConvAE + IF,test-normal/normal_id_04_00000086.wav,04,0,-0.06152373692339408,-0.05819185989586842,0,True
ConvAE + IF,test-normal/normal_id_06_00000014.wav,06,0,-0.04177621733992039,-0.05819185989586842,1,False
ConvAE + IF,test-normal/normal_id_00_00000035.wav,00,0,-0.05461636724844831,-0.05819185989586842,1,False
ConvAE + IF,test-normal/normal_id_06_00000033.wav,06,0,-0.03712619513236902,-0.05819185989586842,1,False
ConvAE + IF,test-normal/normal_id_02_00000082.wav,02,0,-0.04872792488986547,-0.05819185989586842,1,False
ConvAE + IF,test-normal/normal_id_00_00000049.wav,00,0,-0.047899196948534506,-0.05819185989586842,1,False
ConvAE + IF,test-normal/normal_id_00_00000006.wav,00,0,-0.06694525081006214,-0.05819185989586842,0,True
ConvAE + IF,test-normal/normal_id_02_00000002.wav,02,0,-0.0636450271960704,-0.05819185989586842,0,True
ConvAE + IF,test-normal/normal_id_02_00000075.wav,02,0,-0.10811270515040869,-0.05819185989586842,0,True
ConvAE + IF,test-normal/normal_id_02_00000039.wav,02,0,-0.10286141038009149,-0.05819185989586842,0,True
ConvAE + IF,test-normal/normal_id_06_00000085.wav,06,0,-0.07605876958201419,-0.05819185989586842,0,True
ConvAE + IF,test-normal/normal_id_00_00000041.wav,00,0,-0.11955665592453503,-0.05819185989586842,0,True
ConvAE + IF,test-normal/normal_id_06_00000066.wav,06,0,-0.05786811767075511,-0.05819185989586842,1,False
ConvAE + IF,test-normal/normal_id_00_00000022.wav,00,0,-0.018536382315568183,-0.05819185989586842,1,False
ConvAE + IF,test-normal/normal_id_04_00000075.wav,04,0,-0.08725106138545267,-0.05819185989586842,0,True
ConvAE + IF,test-normal/normal_id_02_00000063.wav,02,0,-0.04664049533685278,-0.05819185989586842,1,False
ConvAE + IF,test-normal/normal_id_06_00000020.wav,06,0,-0.03370635385516915,-0.05819185989586842,1,False
ConvAE + IF,test-normal/normal_id_06_00000003.wav,06,0,0.03456121699622643,-0.05819185989586842,1,False
ConvAE + IF,test-normal/normal_id_02_00000013.wav,02,0,-0.03201640272460742,-0.05819185989586842,1,False
ConvAE + IF,test-normal/normal_id_04_00000037.wav,04,0,-0.029264564493669085,-0.05819185989586842,1,False
ConvAE + IF,test-normal/normal_id_00_00000014.wav,00,0,-0.11998527526306457,-0.05819185989586842,0,True
ConvAE + IF,test-normal/normal_id_02_00000041.wav,02,0,-0.029737409246189624,-0.05819185989586842,1,False
ConvAE + IF,test-normal/normal_id_02_00000094.wav,02,0,-0.040048316042483934,-0.05819185989586842,1,False
ConvAE + IF,test-normal/normal_id_00_00000036.wav,00,0,-0.04365838793087065,-0.05819185989586842,1,False
ConvAE + IF,test-normal/normal_id_00_00000097.wav,00,0,-0.1073490701628174,-0.05819185989586842,0,True
ConvAE + IF,test-normal/normal_id_02_00000036.wav,02,0,-0.11248307822315967,-0.05819185989586842,0,True
ConvAE + IF,anomaly/anomaly_id_02_00000089.wav,02,1,-0.025150320686383208,-0.05819185989586842,1,True
ConvAE + IF,anomaly/anomaly_id_04_00000073.wav,04,1,-0.05815568386822575,-0.05819185989586842,1,True
ConvAE + IF,anomaly/anomaly_id_06_00000051.wav,06,1,-0.049760864882746704,-0.05819185989586842,1,True
ConvAE + IF,anomaly/anomaly_id_04_00000035.wav,04,1,-0.09918064759904402,-0.05819185989586842,0,False
ConvAE + IF,anomaly/anomaly_id_04_00000001.wav,04,1,-0.07936290213621343,-0.05819185989586842,0,False
ConvAE + IF,anomaly/anomaly_id_04_00000011.wav,04,1,-0.07584392072405838,-0.05819185989586842,0,False
ConvAE + IF,anomaly/anomaly_id_04_00000080.wav,04,1,-0.08313551056482132,-0.05819185989586842,0,False
ConvAE + IF,anomaly/anomaly_id_06_00000036.wav,06,1,-0.06662749639316247,-0.05819185989586842,0,False
ConvAE + IF,anomaly/anomaly_id_00_00000024.wav,00,1,-0.0492309335536841,-0.05819185989586842,1,True
ConvAE + IF,anomaly/anomaly_id_04_00000098.wav,04,1,-0.00925247925809587,-0.05819185989586842,1,True
ConvAE + IF,anomaly/anomaly_id_04_00000058.wav,04,1,-0.018239628625199074,-0.05819185989586842,1,True
ConvAE + IF,anomaly/anomaly_id_02_00000091.wav,02,1,-0.012205197594939845,-0.05819185989586842,1,True
ConvAE + IF,anomaly/anomaly_id_04_00000037.wav,04,1,-0.09528134140153564,-0.05819185989586842,0,False
ConvAE + IF,anomaly/anomaly_id_04_00000070.wav,04,1,-0.012969248228051795,-0.05819185989586842,1,True
ConvAE + IF,anomaly/anomaly_id_00_00000068.wav,00,1,0.024495062173854838,-0.05819185989586842,1,True
ConvAE + IF,anomaly/anomaly_id_00_00000056.wav,00,1,-0.11667523025253887,-0.05819185989586842,0,False
ConvAE + IF,anomaly/anomaly_id_02_00000087.wav,02,1,-0.023854305698429144,-0.05819185989586842,1,True
ConvAE + IF,anomaly/anomaly_id_00_00000019.wav,00,1,-0.02966287429234031,-0.05819185989586842,1,True
ConvAE + IF,anomaly/anomaly_id_02_00000021.wav,02,1,-0.031816889559598494,-0.05819185989586842,1,True
ConvAE + IF,anomaly/anomaly_id_02_00000095.wav,02,1,-0.1298980193491854,-0.05819185989586842,0,False
ConvAE + IF,anomaly/anomaly_id_06_00000088.wav,06,1,-0.02975366383280745,-0.05819185989586842,1,True
ConvAE + IF,anomaly/anomaly_id_02_00000070.wav,02,1,-0.060553981467213754,-0.05819185989586842,0,False
ConvAE + IF,anomaly/anomaly_id_00_00000060.wav,00,1,-0.023190165670059455,-0.05819185989586842,1,True
ConvAE + IF,anomaly/anomaly_id_06_00000026.wav,06,1,-0.08810317752884893,-0.05819185989586842,0,False
ConvAE + IF,anomaly/anomaly_id_00_00000073.wav,00,1,-0.09218649037792463,-0.05819185989586842,0,False
ConvAE + IF,anomaly/anomaly_id_02_00000090.wav,02,1,-0.10016269389521179,-0.05819185989586842,0,False
ConvAE + IF,anomaly/anomaly_id_00_00000003.wav,00,1,-0.026120387650411508,-0.05819185989586842,1,True
ConvAE + IF,anomaly/anomaly_id_04_00000053.wav,04,1,-0.03547627687786963,-0.05819185989586842,1,True
ConvAE + IF,anomaly/anomaly_id_06_00000067.wav,06,1,-0.0901674414049855,-0.05819185989586842,0,False
ConvAE + IF,anomaly/anomaly_id_06_00000013.wav,06,1,-0.09834252501964119,-0.05819185989586842,0,False
ConvAE + IF,anomaly/anomaly_id_06_00000028.wav,06,1,-0.08059359748819722,-0.05819185989586842,0,False
ConvAE + IF,anomaly/anomaly_id_04_00000005.wav,04,1,-0.015225532708317292,-0.05819185989586842,1,True
ConvAE + IF,anomaly/anomaly_id_02_00000035.wav,02,1,-0.06269191986914763,-0.05819185989586842,0,False
ConvAE + IF,anomaly/anomaly_id_04_00000086.wav,04,1,-0.0382565023812709,-0.05819185989586842,1,True
ConvAE + IF,anomaly/anomaly_id_00_00000118.wav,00,1,-0.07620295948784027,-0.05819185989586842,0,False
ConvAE + IF,anomaly/anomaly_id_02_00000106.wav,02,1,-0.03809994055422508,-0.05819185989586842,1,True
ConvAE + IF,anomaly/anomaly_id_04_00000029.wav,04,1,-0.10462674758266349,-0.05819185989586842,0,False
ConvAE + IF,anomaly/anomaly_id_00_00000047.wav,00,1,0.02900457135220058,-0.05819185989586842,1,True
ConvAE + IF,anomaly/anomaly_id_02_00000092.wav,02,1,-0.0012386234626951666,-0.05819185989586842,1,True
ConvAE + IF,anomaly/anomaly_id_00_00000127.wav,00,1,-0.06740178081792388,-0.05819185989586842,0,False
ConvAE + IF,anomaly/anomaly_id_02_00000003.wav,02,1,-0.06749809351009615,-0.05819185989586842,0,False
ConvAE + IF,anomaly/anomaly_id_06_00000071.wav,06,1,-0.09825694166777764,-0.05819185989586842,0,False
ConvAE + IF,anomaly/anomaly_id_00_00000027.wav,00,1,-0.03806796849095287,-0.05819185989586842,1,True
ConvAE + IF,anomaly/anomaly_id_06_00000010.wav,06,1,0.010672576658571112,-0.05819185989586842,1,True
ConvAE + IF,anomaly/anomaly_id_00_00000062.wav,00,1,-0.05014432077962112,-0.05819185989586842,1,True
ConvAE + IF,anomaly/anomaly_id_06_00000027.wav,06,1,-0.10102853571761547,-0.05819185989586842,0,False
ConvAE + IF,anomaly/anomaly_id_06_00000098.wav,06,1,-0.10545699547314635,-0.05819185989586842,0,False
ConvAE + IF,anomaly/anomaly_id_04_00000096.wav,04,1,0.04816910371424564,-0.05819185989586842,1,True
ConvAE + IF,anomaly/anomaly_id_04_00000064.wav,04,1,-0.042031657081279546,-0.05819185989586842,1,True
ConvAE + IF,anomaly/anomaly_id_02_00000110.wav,02,1,-0.051948128128918386,-0.05819185989586842,1,True
ConvAE + IF,anomaly/anomaly_id_04_00000000.wav,04,1,-0.028978873740865378,-0.05819185989586842,1,True
ConvAE + IF,anomaly/anomaly_id_06_00000060.wav,06,1,0.007760769589645456,-0.05819185989586842,1,True
ConvAE + IF,anomaly/anomaly_id_02_00000000.wav,02,1,-0.0022803886653492977,-0.05819185989586842,1,True
ConvAE + IF,anomaly/anomaly_id_02_00000057.wav,02,1,0.0372461374224696,-0.05819185989586842,1,True
ConvAE + IF,anomaly/anomaly_id_04_00000026.wav,04,1,-0.10231385936909286,-0.05819185989586842,0,False
ConvAE + IF,anomaly/anomaly_id_00_00000038.wav,00,1,-0.046522828930174426,-0.05819185989586842,1,True
ConvAE + IF,anomaly/anomaly_id_06_00000023.wav,06,1,-0.03549194364622044,-0.05819185989586842,1,True
ConvAE + IF,anomaly/anomaly_id_00_00000029.wav,00,1,-0.04614312480956847,-0.05819185989586842,1,True
ConvAE + IF,anomaly/anomaly_id_00_00000089.wav,00,1,-0.09877520265968427,-0.05819185989586842,0,False
ConvAE + IF,anomaly/anomaly_id_02_00000093.wav,02,1,-0.026485086382046052,-0.05819185989586842,1,True
ConvAE + IF,anomaly/anomaly_id_00_00000098.wav,00,1,-0.012203503228588899,-0.05819185989586842,1,True
ConvAE + IF,anomaly/anomaly_id_00_00000119.wav,00,1,-0.028028416743684226,-0.05819185989586842,1,True
ConvAE + IF,anomaly/anomaly_id_02_00000005.wav,02,1,-0.11617330868795792,-0.05819185989586842,0,False
ConvAE + IF,anomaly/anomaly_id_02_00000053.wav,02,1,-0.028154340187049178,-0.05819185989586842,1,True
ConvAE + IF,anomaly/anomaly_id_04_00000093.wav,04,1,0.014856494154513115,-0.05819185989586842,1,True
ConvAE + IF,anomaly/anomaly_id_04_00000038.wav,04,1,-0.06277059193399936,-0.05819185989586842,0,False
ConvAE + IF,anomaly/anomaly_id_00_00000134.wav,00,1,-0.024662599926650527,-0.05819185989586842,1,True
ConvAE + IF,anomaly/anomaly_id_02_00000068.wav,02,1,-0.0041446230082372955,-0.05819185989586842,1,True
ConvAE + IF,anomaly/anomaly_id_00_00000012.wav,00,1,-0.04555557357962328,-0.05819185989586842,1,True
ConvAE + IF,anomaly/anomaly_id_02_00000082.wav,02,1,-0.008662630824195395,-0.05819185989586842,1,True
ConvAE + IF,anomaly/anomaly_id_00_00000067.wav,00,1,-0.08083849256397116,-0.05819185989586842,0,False
ConvAE + IF,anomaly/anomaly_id_00_00000108.wav,00,1,-0.05898025908963881,-0.05819185989586842,0,False
ConvAE + IF,anomaly/anomaly_id_00_00000084.wav,00,1,-0.05471415288426277,-0.05819185989586842,1,True
ConvAE + IF,anomaly/anomaly_id_04_00000094.wav,04,1,-0.0329208728430336,-0.05819185989586842,1,True
ConvAE + IF,anomaly/anomaly_id_02_00000058.wav,02,1,-0.019744834632335815,-0.05819185989586842,1,True
ConvAE + IF,anomaly/anomaly_id_06_00000019.wav,06,1,-0.09023599033874308,-0.05819185989586842,0,False
ConvAE + IF,anomaly/anomaly_id_06_00000093.wav,06,1,-0.11240728321337176,-0.05819185989586842,0,False
ConvAE + IF,anomaly/anomaly_id_00_00000030.wav,00,1,-0.009013625532814571,-0.05819185989586842,1,True
ConvAE + IF,anomaly/anomaly_id_00_00000007.wav,00,1,-0.08619858164444781,-0.05819185989586842,0,False
ConvAE + IF,anomaly/anomaly_id_06_00000022.wav,06,1,-0.06851130017848939,-0.05819185989586842,0,False
ConvAE + IF,anomaly/anomaly_id_06_00000091.wav,06,1,-0.09730016425625095,-0.05819185989586842,0,False
ConvAE + IF,anomaly/anomaly_id_02_00000102.wav,02,1,-0.05796798170553197,-0.05819185989586842,1,True
ConvAE + IF,anomaly/anomaly_id_00_00000025.wav,00,1,-0.09309354770903479,-0.05819185989586842,0,False
ConvAE + IF,anomaly/anomaly_id_00_00000092.wav,00,1,-0.13042060003057096,-0.05819185989586842,0,False
ConvAE + IF,anomaly/anomaly_id_04_00000050.wav,04,1,-0.012853083699730181,-0.05819185989586842,1,True
ConvAE + IF,anomaly/anomaly_id_06_00000080.wav,06,1,-0.10092455409060865,-0.05819185989586842,0,False
ConvAE + IF,anomaly/anomaly_id_06_00000087.wav,06,1,-0.041515352509709696,-0.05819185989586842,1,True
ConvAE + IF,anomaly/anomaly_id_06_00000094.wav,06,1,-0.08831368933374607,-0.05819185989586842,0,False
ConvAE + IF,anomaly/anomaly_id_04_00000019.wav,04,1,-0.00029036642680837745,-0.05819185989586842,1,True
ConvAE + IF,anomaly/anomaly_id_02_00000104.wav,02,1,-0.0030634180991938103,-0.05819185989586842,1,True
ConvAE + IF,anomaly/anomaly_id_00_00000040.wav,00,1,-0.03051176023501606,-0.05819185989586842,1,True
ConvAE + IF,anomaly/anomaly_id_06_00000015.wav,06,1,-0.05930182950124627,-0.05819185989586842,0,False
ConvAE + IF,anomaly/anomaly_id_02_00000013.wav,02,1,-0.11129975871714433,-0.05819185989586842,0,False
ConvAE + IF,anomaly/anomaly_id_06_00000075.wav,06,1,-0.09690394172594496,-0.05819185989586842,0,False
ConvAE + IF,anomaly/anomaly_id_02_00000038.wav,02,1,-0.08815576268986039,-0.05819185989586842,0,False
ConvAE + IF,anomaly/anomaly_id_04_00000074.wav,04,1,0.026594974007137086,-0.05819185989586842,1,True
ConvAE + IF,anomaly/anomaly_id_00_00000104.wav,00,1,-0.07653439319110278,-0.05819185989586842,0,False
ConvAE + IF,anomaly/anomaly_id_00_00000075.wav,00,1,-0.07321516553485626,-0.05819185989586842,0,False
ConvAE + IF,anomaly/anomaly_id_04_00000069.wav,04,1,-0.0911062311295725,-0.05819185989586842,0,False
ConvAE + IF,anomaly/anomaly_id_02_00000037.wav,02,1,-0.050639834861977234,-0.05819185989586842,1,True
ConvAE + IF,anomaly/anomaly_id_04_00000028.wav,04,1,-0.0923748373003877,-0.05819185989586842,0,False
ConvAE + IF,anomaly/anomaly_id_00_00000135.wav,00,1,-0.04719772638244724,-0.05819185989586842,1,True
ConvAE + IF,anomaly/anomaly_id_02_00000022.wav,02,1,-0.09775213074229121,-0.05819185989586842,0,False
ConvAE + IF,anomaly/anomaly_id_02_00000050.wav,02,1,0.0015683941796917097,-0.05819185989586842,1,True
ConvAE + IF,anomaly/anomaly_id_00_00000091.wav,00,1,-0.0867258161862321,-0.05819185989586842,0,False
ConvAE + IF,anomaly/anomaly_id_04_00000017.wav,04,1,-0.08974335007810448,-0.05819185989586842,0,False
ConvAE + IF,anomaly/anomaly_id_04_00000067.wav,04,1,-0.04054849215043852,-0.05819185989586842,1,True
ConvAE + IF,anomaly/anomaly_id_06_00000089.wav,06,1,-0.03872166609331722,-0.05819185989586842,1,True
ConvAE + IF,anomaly/anomaly_id_02_00000002.wav,02,1,-0.03729111248497312,-0.05819185989586842,1,True
ConvAE + IF,anomaly/anomaly_id_06_00000064.wav,06,1,0.005033368197376677,-0.05819185989586842,1,True
ConvAE + IF,anomaly/anomaly_id_02_00000074.wav,02,1,-0.04705932662596263,-0.05819185989586842,1,True
ConvAE + IF,anomaly/anomaly_id_06_00000011.wav,06,1,-0.03623802513397341,-0.05819185989586842,1,True
ConvAE + IF,anomaly/anomaly_id_02_00000006.wav,02,1,-0.07908243826262079,-0.05819185989586842,0,False
ConvAE + IF,anomaly/anomaly_id_00_00000126.wav,00,1,-0.06308226793361411,-0.05819185989586842,0,False
ConvAE + IF,anomaly/anomaly_id_06_00000045.wav,06,1,-0.03554023338071717,-0.05819185989586842,1,True
ConvAE + IF,anomaly/anomaly_id_00_00000070.wav,00,1,-0.03252884182150509,-0.05819185989586842,1,True
ConvAE + IF,anomaly/anomaly_id_04_00000089.wav,04,1,-0.1078996184617041,-0.05819185989586842,0,False
ConvAE + IF,anomaly/anomaly_id_02_00000029.wav,02,1,-0.1289084453932767,-0.05819185989586842,0,False
ConvAE + IF,anomaly/anomaly_id_06_00000002.wav,06,1,-0.04141672437455054,-0.05819185989586842,1,True
ConvAE + IF,anomaly/anomaly_id_02_00000107.wav,02,1,-0.012604722150385217,-0.05819185989586842,1,True
ConvAE + IF,anomaly/anomaly_id_00_00000054.wav,00,1,-0.022463209127680104,-0.05819185989586842,1,True
ConvAE + IF,anomaly/anomaly_id_02_00000026.wav,02,1,-0.0165180223254829,-0.05819185989586842,1,True
ConvAE + IF,anomaly/anomaly_id_04_00000027.wav,04,1,-0.06061317195829923,-0.05819185989586842,0,False
ConvAE + IF,anomaly/anomaly_id_02_00000072.wav,02,1,-0.1181948379707583,-0.05819185989586842,0,False
ConvAE + IF,anomaly/anomaly_id_06_00000053.wav,06,1,-0.0546868093225041,-0.05819185989586842,1,True
ConvAE + IF,anomaly/anomaly_id_06_00000059.wav,06,1,-0.022349507505641582,-0.05819185989586842,1,True
ConvAE + IF,anomaly/anomaly_id_02_00000015.wav,02,1,-0.11658018833227432,-0.05819185989586842,0,False
ConvAE + IF,anomaly/anomaly_id_06_00000101.wav,06,1,0.013748098902537191,-0.05819185989586842,1,True
ConvAE + IF,anomaly/anomaly_id_00_00000095.wav,00,1,-0.07277452093419437,-0.05819185989586842,0,False
ConvAE + IF,anomaly/anomaly_id_06_00000081.wav,06,1,-0.09825603671719696,-0.05819185989586842,0,False
ConvAE + IF,anomaly/anomaly_id_04_00000051.wav,04,1,-0.016584714552836135,-0.05819185989586842,1,True
ConvAE + IF,anomaly/anomaly_id_02_00000043.wav,02,1,-0.056226946124810336,-0.05819185989586842,1,True
ConvAE + IF,anomaly/anomaly_id_04_00000009.wav,04,1,-0.09618776828086066,-0.05819185989586842,0,False
ConvAE + IF,anomaly/anomaly_id_04_00000003.wav,04,1,-0.04873810921547341,-0.05819185989586842,1,True
ConvAE + IF,anomaly/anomaly_id_04_00000061.wav,04,1,-0.022795936400377224,-0.05819185989586842,1,True
ConvAE + IF,anomaly/anomaly_id_04_00000052.wav,04,1,-0.08382104718188804,-0.05819185989586842,0,False
ConvAE + IF,anomaly/anomaly_id_06_00000052.wav,06,1,-0.018330107263534717,-0.05819185989586842,1,True
ConvAE + IF,anomaly/anomaly_id_00_00000088.wav,00,1,-0.019126982173798268,-0.05819185989586842,1,True
ConvAE + IF,anomaly/anomaly_id_04_00000090.wav,04,1,-0.05814374738105031,-0.05819185989586842,1,True
ConvAE + IF,anomaly/anomaly_id_06_00000069.wav,06,1,-0.06840342106432083,-0.05819185989586842,0,False
ConvAE + IF,anomaly/anomaly_id_02_00000105.wav,02,1,-0.07958394001224756,-0.05819185989586842,0,False
ConvAE + IF,anomaly/anomaly_id_02_00000071.wav,02,1,-0.04593539313413846,-0.05819185989586842,1,True
ConvAE + IF,anomaly/anomaly_id_00_00000037.wav,00,1,-0.006039016714631782,-0.05819185989586842,1,True
ConvAE + IF,anomaly/anomaly_id_06_00000001.wav,06,1,-0.08410808179212063,-0.05819185989586842,0,False
ConvAE + IF,anomaly/anomaly_id_04_00000016.wav,04,1,-0.11339327025819583,-0.05819185989586842,0,False
ConvAE + IF,anomaly/anomaly_id_06_00000076.wav,06,1,-0.05450912582329668,-0.05819185989586842,1,True
ConvAE + IF,anomaly/anomaly_id_04_00000022.wav,04,1,-0.017095031610540823,-0.05819185989586842,1,True
ConvAE + IF,anomaly/anomaly_id_02_00000018.wav,02,1,-0.11710890250285007,-0.05819185989586842,0,False
ConvAE + IF,anomaly/anomaly_id_02_00000073.wav,02,1,-0.10406266618511209,-0.05819185989586842,0,False
ConvAE + IF,anomaly/anomaly_id_02_00000064.wav,02,1,-0.06337949797476655,-0.05819185989586842,0,False
ConvAE + IF,anomaly/anomaly_id_06_00000090.wav,06,1,-0.04514056918462829,-0.05819185989586842,1,True
ConvAE + IF,anomaly/anomaly_id_02_00000030.wav,02,1,-0.00217622700478759,-0.05819185989586842,1,True
ConvAE + IF,anomaly/anomaly_id_00_00000112.wav,00,1,-0.06973044859954783,-0.05819185989586842,0,False
ConvAE + IF,anomaly/anomaly_id_00_00000018.wav,00,1,-0.08176421144506736,-0.05819185989586842,0,False
ConvAE + IF,anomaly/anomaly_id_02_00000010.wav,02,1,-0.017624263370108386,-0.05819185989586842,1,True
ConvAE + IF,anomaly/anomaly_id_00_00000011.wav,00,1,-0.06959982564455462,-0.05819185989586842,0,False
ConvAE + IF,anomaly/anomaly_id_06_00000030.wav,06,1,-0.00257433513413114,-0.05819185989586842,1,True
ConvAE + IF,anomaly/anomaly_id_02_00000062.wav,02,1,0.03826517466724308,-0.05819185989586842,1,True
ConvAE + IF,anomaly/anomaly_id_04_00000081.wav,04,1,-0.09883016333393448,-0.05819185989586842,0,False
ConvAE + IF,anomaly/anomaly_id_06_00000040.wav,06,1,-0.019504220153044753,-0.05819185989586842,1,True
ConvAE + IF,anomaly/anomaly_id_00_00000066.wav,00,1,-0.054090238443937094,-0.05819185989586842,1,True
ConvAE + IF,anomaly/anomaly_id_00_00000009.wav,00,1,-0.036858061690016194,-0.05819185989586842,1,True
ConvAE + IF,anomaly/anomaly_id_06_00000009.wav,06,1,-0.0970636785371979,-0.05819185989586842,0,False
ConvAE + IF,anomaly/anomaly_id_00_00000059.wav,00,1,-0.005923892386428185,-0.05819185989586842,1,True
ConvAE + IF,anomaly/anomaly_id_06_00000032.wav,06,1,-0.03261052004034509,-0.05819185989586842,1,True
ConvAE + IF,anomaly/anomaly_id_06_00000038.wav,06,1,-0.048710733723307656,-0.05819185989586842,1,True
ConvAE + IF,anomaly/anomaly_id_00_00000004.wav,00,1,-0.09058901092513552,-0.05819185989586842,0,False
ConvAE + IF,anomaly/anomaly_id_00_00000094.wav,00,1,-0.08671539565255862,-0.05819185989586842,0,False
ConvAE + IF,anomaly/anomaly_id_00_00000048.wav,00,1,-0.035332290062798664,-0.05819185989586842,1,True
ConvAE + IF,anomaly/anomaly_id_00_00000093.wav,00,1,-0.058347039496696965,-0.05819185989586842,0,False
ConvAE + IF,anomaly/anomaly_id_02_00000108.wav,02,1,-0.10118861699875982,-0.05819185989586842,0,False
ConvAE + IF,anomaly/anomaly_id_06_00000056.wav,06,1,-0.0392942126779822,-0.05819185989586842,1,True
ConvAE + IF,anomaly/anomaly_id_00_00000032.wav,00,1,-0.01078576561485438,-0.05819185989586842,1,True
ConvAE + IF,anomaly/anomaly_id_02_00000012.wav,02,1,0.018279683040920376,-0.05819185989586842,1,True
ConvAE + IF,anomaly/anomaly_id_00_00000128.wav,00,1,-0.08978477563383927,-0.05819185989586842,0,False
ConvAE + IF,anomaly/anomaly_id_00_00000121.wav,00,1,-0.09365819260935405,-0.05819185989586842,0,False
ConvAE + IF,anomaly/anomaly_id_02_00000084.wav,02,1,-0.11637777892012657,-0.05819185989586842,0,False
ConvAE + IF,anomaly/anomaly_id_00_00000130.wav,00,1,-0.07973040480227023,-0.05819185989586842,0,False
ConvAE + IF,anomaly/anomaly_id_00_00000081.wav,00,1,-0.09799366981803256,-0.05819185989586842,0,False
ConvAE + IF,anomaly/anomaly_id_04_00000054.wav,04,1,-0.05380359287959147,-0.05819185989586842,1,True
ConvAE + IF,anomaly/anomaly_id_04_00000057.wav,04,1,-0.10451852988131888,-0.05819185989586842,0,False
ConvAE + IF,anomaly/anomaly_id_00_00000052.wav,00,1,-0.029207997786275697,-0.05819185989586842,1,True
ConvAE + IF,anomaly/anomaly_id_06_00000025.wav,06,1,-0.09229412854533084,-0.05819185989586842,0,False
ConvAE + IF,anomaly/anomaly_id_00_00000028.wav,00,1,-0.08212298626261716,-0.05819185989586842,0,False
ConvAE + IF,anomaly/anomaly_id_06_00000050.wav,06,1,-0.0077457041947273835,-0.05819185989586842,1,True
ConvAE + IF,anomaly/anomaly_id_02_00000066.wav,02,1,-0.12358547215341538,-0.05819185989586842,0,False
ConvAE + IF,anomaly/anomaly_id_00_00000106.wav,00,1,-0.08047763715392217,-0.05819185989586842,0,False
ConvAE + IF,anomaly/anomaly_id_06_00000035.wav,06,1,-0.10032805778969858,-0.05819185989586842,0,False
ConvAE + IF,anomaly/anomaly_id_06_00000100.wav,06,1,-0.0060233552899810845,-0.05819185989586842,1,True
ConvAE + IF,anomaly/anomaly_id_00_00000021.wav,00,1,-0.012142020714618777,-0.05819185989586842,1,True
ConvAE + IF,anomaly/anomaly_id_02_00000075.wav,02,1,-0.08252410164274389,-0.05819185989586842,0,False
ConvAE + IF,anomaly/anomaly_id_06_00000048.wav,06,1,-0.11739203747069811,-0.05819185989586842,0,False
ConvAE + IF,anomaly/anomaly_id_04_00000012.wav,04,1,-0.020753836188367753,-0.05819185989586842,1,True
ConvAE + IF,anomaly/anomaly_id_06_00000065.wav,06,1,-0.026129009623280408,-0.05819185989586842,1,True
ConvAE + IF,anomaly/anomaly_id_04_00000077.wav,04,1,-0.07560055272095005,-0.05819185989586842,0,False
ConvAE + IF,anomaly/anomaly_id_00_00000039.wav,00,1,-0.054278365939135174,-0.05819185989586842,1,True
ConvAE + IF,anomaly/anomaly_id_02_00000045.wav,02,1,-0.04917862839025787,-0.05819185989586842,1,True
ConvAE + IF,anomaly/anomaly_id_00_00000013.wav,00,1,-0.04115494863883706,-0.05819185989586842,1,True
ConvAE + IF,anomaly/anomaly_id_02_00000046.wav,02,1,-0.035488295176373044,-0.05819185989586842,1,True
ConvAE + IF,anomaly/anomaly_id_04_00000091.wav,04,1,-0.017407757647037805,-0.05819185989586842,1,True
ConvAE + IF,anomaly/anomaly_id_06_00000003.wav,06,1,-0.04999554710062545,-0.05819185989586842,1,True
ConvAE + IF,anomaly/anomaly_id_02_00000077.wav,02,1,-0.05743241370514735,-0.05819185989586842,1,True
ConvAE + IF,anomaly/anomaly_id_00_00000005.wav,00,1,-0.03436992209582057,-0.05819185989586842,1,True
ConvAE + IF,anomaly/anomaly_id_00_00000085.wav,00,1,-0.06085208897622742,-0.05819185989586842,0,False
ConvAE + IF,anomaly/anomaly_id_06_00000085.wav,06,1,-0.042480766841754024,-0.05819185989586842,1,True
ConvAE + IF,anomaly/anomaly_id_06_00000007.wav,06,1,-0.031055448888096488,-0.05819185989586842,1,True
ConvAE + IF,anomaly/anomaly_id_04_00000078.wav,04,1,-0.033091430306910335,-0.05819185989586842,1,True
ConvAE + IF,anomaly/anomaly_id_04_00000024.wav,04,1,-0.028405232523847523,-0.05819185989586842,1,True
ConvAE + IF,anomaly/anomaly_id_00_00000078.wav,00,1,-0.04746037094678431,-0.05819185989586842,1,True
ConvAE + IF,anomaly/anomaly_id_06_00000068.wav,06,1,-0.07635099232352484,-0.05819185989586842,0,False
ConvAE + IF,anomaly/anomaly_id_00_00000114.wav,00,1,-0.04688142946769715,-0.05819185989586842,1,True
ConvAE + IF,anomaly/anomaly_id_02_00000027.wav,02,1,-0.0537327300821885,-0.05819185989586842,1,True
ConvAE + IF,anomaly/anomaly_id_04_00000085.wav,04,1,-0.04233673222440877,-0.05819185989586842,1,True
ConvAE + IF,anomaly/anomaly_id_00_00000123.wav,00,1,-0.015763349656476515,-0.05819185989586842,1,True
ConvAE + IF,anomaly/anomaly_id_04_00000047.wav,04,1,-0.06175382215269666,-0.05819185989586842,0,False
ConvAE + IF,anomaly/anomaly_id_00_00000103.wav,00,1,0.025510751266412002,-0.05819185989586842,1,True
ConvAE + IF,anomaly/anomaly_id_00_00000090.wav,00,1,-0.012046216933396895,-0.05819185989586842,1,True
ConvAE + IF,anomaly/anomaly_id_02_00000056.wav,02,1,-0.0009264669419651687,-0.05819185989586842,1,True
ConvAE + IF,anomaly/anomaly_id_04_00000020.wav,04,1,-0.101510879061013,-0.05819185989586842,0,False
ConvAE + IF,anomaly/anomaly_id_06_00000031.wav,06,1,-0.035356361444601615,-0.05819185989586842,1,True
ConvAE + IF,anomaly/anomaly_id_02_00000063.wav,02,1,-0.020923554414720665,-0.05819185989586842,1,True
ConvAE + IF,anomaly/anomaly_id_00_00000087.wav,00,1,-0.02597675270898126,-0.05819185989586842,1,True
ConvAE + IF,anomaly/anomaly_id_02_00000078.wav,02,1,-0.004196505849392635,-0.05819185989586842,1,True
ConvAE + IF,anomaly/anomaly_id_00_00000142.wav,00,1,-0.07625463118453585,-0.05819185989586842,0,False
ConvAE + IF,anomaly/anomaly_id_00_00000111.wav,00,1,-0.08758447202753625,-0.05819185989586842,0,False
ConvAE + IF,anomaly/anomaly_id_04_00000075.wav,04,1,-0.08463850333269513,-0.05819185989586842,0,False
ConvAE + IF,anomaly/anomaly_id_06_00000017.wav,06,1,-0.06752255961455897,-0.05819185989586842,0,False
ConvAE + IF,anomaly/anomaly_id_04_00000023.wav,04,1,-0.05728650366206171,-0.05819185989586842,1,True
ConvAE + IF,anomaly/anomaly_id_04_00000095.wav,04,1,0.02896469139249278,-0.05819185989586842,1,True
ConvAE + IF,anomaly/anomaly_id_06_00000063.wav,06,1,-0.03626262394414434,-0.05819185989586842,1,True
ConvAE + IF,anomaly/anomaly_id_02_00000044.wav,02,1,-0.03872983756333678,-0.05819185989586842,1,True
ConvAE + IF,anomaly/anomaly_id_00_00000065.wav,00,1,-0.019130439431004103,-0.05819185989586842,1,True
ConvAE + IF,anomaly/anomaly_id_06_00000078.wav,06,1,-0.09258895923563672,-0.05819185989586842,0,False
ConvAE + IF,anomaly/anomaly_id_00_00000099.wav,00,1,-0.07560969997523036,-0.05819185989586842,0,False
ConvAE + IF,anomaly/anomaly_id_00_00000071.wav,00,1,-0.053995192667407904,-0.05819185989586842,1,True
ConvAE + IF,anomaly/anomaly_id_06_00000058.wav,06,1,-0.04034180794349641,-0.05819185989586842,1,True
ConvAE + IF,anomaly/anomaly_id_00_00000069.wav,00,1,-0.019470439398267314,-0.05819185989586842,1,True
ConvAE + IF,anomaly/anomaly_id_06_00000021.wav,06,1,-0.0029555787337515183,-0.05819185989586842,1,True
ConvAE + IF,anomaly/anomaly_id_00_00000125.wav,00,1,-0.04300883729357639,-0.05819185989586842,1,True
ConvAE + IF,anomaly/anomaly_id_02_00000034.wav,02,1,-0.09928119675051046,-0.05819185989586842,0,False
ConvAE + IF,anomaly/anomaly_id_02_00000081.wav,02,1,-0.10878049910875721,-0.05819185989586842,0,False
ConvAE + IF,anomaly/anomaly_id_06_00000086.wav,06,1,-0.1044216452514391,-0.05819185989586842,0,False
ConvAE + IF,anomaly/anomaly_id_00_00000117.wav,00,1,-0.13371028717628794,-0.05819185989586842,0,False
ConvAE + IF,anomaly/anomaly_id_00_00000074.wav,00,1,-0.09219541562256134,-0.05819185989586842,0,False
ConvAE + IF,anomaly/anomaly_id_06_00000018.wav,06,1,-0.06959653470981651,-0.05819185989586842,0,False
ConvAE + IF,anomaly/anomaly_id_00_00000010.wav,00,1,-0.013771778314989602,-0.05819185989586842,1,True
ConvAE + IF,anomaly/anomaly_id_00_00000116.wav,00,1,-0.06780250890672566,-0.05819185989586842,0,False
ConvAE + IF,anomaly/anomaly_id_06_00000039.wav,06,1,-0.027994634612903375,-0.05819185989586842,1,True
ConvAE + IF,anomaly/anomaly_id_02_00000014.wav,02,1,-0.10350937859037947,-0.05819185989586842,0,False
ConvAE + IF,anomaly/anomaly_id_00_00000063.wav,00,1,-0.04941534353003508,-0.05819185989586842,1,True
ConvAE + IF,anomaly/anomaly_id_02_00000080.wav,02,1,-0.03969544967708821,-0.05819185989586842,1,True
ConvAE + IF,anomaly/anomaly_id_00_00000001.wav,00,1,-0.07583604521157704,-0.05819185989586842,0,False
ConvAE + IF,anomaly/anomaly_id_00_00000042.wav,00,1,-0.07649704510908346,-0.05819185989586842,0,False
ConvAE + IF,anomaly/anomaly_id_00_00000122.wav,00,1,-0.06616135792608098,-0.05819185989586842,0,False
ConvAE + IF,anomaly/anomaly_id_00_00000017.wav,00,1,0.03467205316607494,-0.05819185989586842,1,True
ConvAE + IF,anomaly/anomaly_id_02_00000024.wav,02,1,-0.043877862563198713,-0.05819185989586842,1,True
ConvAE + IF,anomaly/anomaly_id_04_00000043.wav,04,1,-0.0413452846447648,-0.05819185989586842,1,True
ConvAE + IF,anomaly/anomaly_id_04_00000055.wav,04,1,-0.00777557584644786,-0.05819185989586842,1,True
ConvAE + IF,anomaly/anomaly_id_00_00000076.wav,00,1,-0.044301044706668305,-0.05819185989586842,1,True
ConvAE + IF,anomaly/anomaly_id_04_00000059.wav,04,1,-0.06543785183173118,-0.05819185989586842,0,False
ConvAE + IF,anomaly/anomaly_id_04_00000042.wav,04,1,-0.0027309673649496915,-0.05819185989586842,1,True
ConvAE + IF,anomaly/anomaly_id_02_00000065.wav,02,1,-0.019525056235288107,-0.05819185989586842,1,True
ConvAE + IF,anomaly/anomaly_id_04_00000071.wav,04,1,-0.09229037514542664,-0.05819185989586842,0,False
ConvAE + IF,anomaly/anomaly_id_00_00000031.wav,00,1,-0.04616298391026406,-0.05819185989586842,1,True
ConvAE + IF,anomaly/anomaly_id_00_00000129.wav,00,1,-0.03835958704393154,-0.05819185989586842,1,True
ConvAE + IF,anomaly/anomaly_id_06_00000049.wav,06,1,-0.016563022309188633,-0.05819185989586842,1,True
ConvAE + IF,anomaly/anomaly_id_00_00000105.wav,00,1,-0.05257153679165337,-0.05819185989586842,1,True
ConvAE + IF,anomaly/anomaly_id_04_00000036.wav,04,1,-0.038695894831857654,-0.05819185989586842,1,True
ConvAE + IF,anomaly/anomaly_id_04_00000013.wav,04,1,-0.052101244594544266,-0.05819185989586842,1,True
ConvAE + IF,anomaly/anomaly_id_06_00000044.wav,06,1,-0.10170717531986576,-0.05819185989586842,0,False
ConvAE + IF,anomaly/anomaly_id_02_00000069.wav,02,1,-0.10172706366280243,-0.05819185989586842,0,False
ConvAE + IF,anomaly/anomaly_id_00_00000043.wav,00,1,-0.09096349706053114,-0.05819185989586842,0,False
ConvAE + IF,anomaly/anomaly_id_06_00000072.wav,06,1,-0.04843094647573986,-0.05819185989586842,1,True
ConvAE + IF,anomaly/anomaly_id_02_00000017.wav,02,1,-0.12277161223950979,-0.05819185989586842,0,False
ConvAE + IF,anomaly/anomaly_id_04_00000063.wav,04,1,-0.023020555409763,-0.05819185989586842,1,True
ConvAE + IF,anomaly/anomaly_id_00_00000057.wav,00,1,-0.02769438510331191,-0.05819185989586842,1,True
ConvAE + IF,anomaly/anomaly_id_04_00000025.wav,04,1,-0.0548094143182056,-0.05819185989586842,1,True
ConvAE + IF,anomaly/anomaly_id_00_00000023.wav,00,1,-0.06540381153599968,-0.05819185989586842,0,False
ConvAE + IF,anomaly/anomaly_id_04_00000018.wav,04,1,-0.037605000922144485,-0.05819185989586842,1,True
ConvAE + IF,anomaly/anomaly_id_00_00000015.wav,00,1,-0.037341579115987664,-0.05819185989586842,1,True
ConvAE + IF,anomaly/anomaly_id_04_00000062.wav,04,1,-0.07995031786054484,-0.05819185989586842,0,False
ConvAE + IF,anomaly/anomaly_id_00_00000109.wav,00,1,-0.09096842296465349,-0.05819185989586842,0,False
ConvAE + IF,anomaly/anomaly_id_00_00000137.wav,00,1,-0.01685921276925088,-0.05819185989586842,1,True
ConvAE + IF,anomaly/anomaly_id_02_00000047.wav,02,1,-0.10740784048217568,-0.05819185989586842,0,False
ConvAE + IF,anomaly/anomaly_id_04_00000033.wav,04,1,-0.04968953271466894,-0.05819185989586842,1,True
ConvAE + IF,anomaly/anomaly_id_00_00000016.wav,00,1,-0.057153017914047304,-0.05819185989586842,1,True
ConvAE + IF,anomaly/anomaly_id_04_00000046.wav,04,1,-0.09649970975506249,-0.05819185989586842,0,False
ConvAE + IF,anomaly/anomaly_id_02_00000097.wav,02,1,0.009879967620578307,-0.05819185989586842,1,True
ConvAE + IF,anomaly/anomaly_id_00_00000110.wav,00,1,-0.04989840897372757,-0.05819185989586842,1,True
ConvAE + IF,anomaly/anomaly_id_02_00000052.wav,02,1,-0.057043339084916246,-0.05819185989586842,1,True
ConvAE + IF,anomaly/anomaly_id_00_00000034.wav,00,1,-0.04762442443204466,-0.05819185989586842,1,True
ConvAE + IF,anomaly/anomaly_id_04_00000032.wav,04,1,-0.07640680950497421,-0.05819185989586842,0,False
ConvAE + IF,anomaly/anomaly_id_04_00000060.wav,04,1,-0.05753438267620714,-0.05819185989586842,1,True
ConvAE + IF,anomaly/anomaly_id_00_00000035.wav,00,1,-0.011203585952060897,-0.05819185989586842,1,True
ConvAE + IF,anomaly/anomaly_id_04_00000079.wav,04,1,-0.04402269646947363,-0.05819185989586842,1,True
ConvAE + IF,anomaly/anomaly_id_02_00000039.wav,02,1,-0.10290552716333388,-0.05819185989586842,0,False
ConvAE + IF,anomaly/anomaly_id_00_00000049.wav,00,1,-0.07344760428715985,-0.05819185989586842,0,False
ConvAE + IF,anomaly/anomaly_id_00_00000006.wav,00,1,-0.006773185700649264,-0.05819185989586842,1,True
ConvAE + IF,anomaly/anomaly_id_00_00000102.wav,00,1,-0.0011992861953186102,-0.05819185989586842,1,True
ConvAE + IF,anomaly/anomaly_id_02_00000032.wav,02,1,-0.029798119262127505,-0.05819185989586842,1,True
ConvAE + IF,anomaly/anomaly_id_00_00000139.wav,00,1,-0.03952459932522836,-0.05819185989586842,1,True
ConvAE + IF,anomaly/anomaly_id_06_00000084.wav,06,1,-0.11487185232665957,-0.05819185989586842,0,False
ConvAE + IF,anomaly/anomaly_id_00_00000041.wav,00,1,-0.028266634620354843,-0.05819185989586842,1,True
ConvAE + IF,anomaly/anomaly_id_06_00000012.wav,06,1,-0.017064809012493836,-0.05819185989586842,1,True
ConvAE + IF,anomaly/anomaly_id_00_00000022.wav,00,1,-0.08353674779592918,-0.05819185989586842,0,False
ConvAE + IF,anomaly/anomaly_id_04_00000021.wav,04,1,-0.11336989747221654,-0.05819185989586842,0,False
ConvAE + IF,anomaly/anomaly_id_02_00000020.wav,02,1,-0.029364907581158492,-0.05819185989586842,1,True
ConvAE + IF,anomaly/anomaly_id_04_00000066.wav,04,1,-0.11973195432018602,-0.05819185989586842,0,False
ConvAE + IF,anomaly/anomaly_id_04_00000049.wav,04,1,-0.02107813079635907,-0.05819185989586842,1,True
ConvAE + IF,anomaly/anomaly_id_00_00000113.wav,00,1,-0.06333605825224008,-0.05819185989586842,0,False
ConvAE + IF,anomaly/anomaly_id_02_00000094.wav,02,1,-0.031242305802099832,-0.05819185989586842,1,True
ConvAE + IF,anomaly/anomaly_id_06_00000042.wav,06,1,-0.07521878503906304,-0.05819185989586842,0,False
ConvAE + IF,anomaly/anomaly_id_06_00000083.wav,06,1,-0.05881499022572066,-0.05819185989586842,0,False
ConvAE + IF,anomaly/anomaly_id_00_00000014.wav,00,1,-0.03597340762173208,-0.05819185989586842,1,True
ConvAE + IF,anomaly/anomaly_id_00_00000141.wav,00,1,-0.08803906371860526,-0.05819185989586842,0,False
ConvAE + IF,anomaly/anomaly_id_02_00000051.wav,02,1,-0.044457857450399006,-0.05819185989586842,1,True
ConvAE + IF,anomaly/anomaly_id_00_00000036.wav,00,1,-0.06717260035443652,-0.05819185989586842,0,False
ConvAE + IF,anomaly/anomaly_id_00_00000097.wav,00,1,-0.0778051809120826,-0.05819185989586842,0,False
ConvAE + IF,anomaly/anomaly_id_06_00000095.wav,06,1,-0.00728530553057717,-0.05819185989586842,1,True
ConvAE + IF,anomaly/anomaly_id_00_00000136.wav,00,1,-0.11973642997239163,-0.05819185989586842,0,False
ConvAE + LOF,test-normal/normal_id_06_00000054.wav,06,0,-0.43012645840644836,-0.23223240673542023,0,True
ConvAE + LOF,test-normal/normal_id_06_00000060.wav,06,0,-0.21938031911849976,-0.23223240673542023,1,False
ConvAE + LOF,test-normal/normal_id_02_00000058.wav,02,0,-0.2763993740081787,-0.23223240673542023,0,True
ConvAE + LOF,test-normal/normal_id_04_00000039.wav,04,0,-0.48932117223739624,-0.23223240673542023,0,True
ConvAE + LOF,test-normal/normal_id_06_00000047.wav,06,0,-0.1418115496635437,-0.23223240673542023,1,False
ConvAE + LOF,test-normal/normal_id_00_00000095.wav,00,0,-0.2902589440345764,-0.23223240673542023,0,True
ConvAE + LOF,test-normal/normal_id_04_00000092.wav,04,0,-0.2336273193359375,-0.23223240673542023,0,True
ConvAE + LOF,test-normal/normal_id_00_00000092.wav,00,0,-0.32295680046081543,-0.23223240673542023,0,True
ConvAE + LOF,test-normal/normal_id_06_00000082.wav,06,0,-0.2695496380329132,-0.23223240673542023,0,True
ConvAE + LOF,test-normal/normal_id_04_00000094.wav,04,0,-0.47076019644737244,-0.23223240673542023,0,True
ConvAE + LOF,test-normal/normal_id_04_00000063.wav,04,0,-0.317588210105896,-0.23223240673542023,0,True
ConvAE + LOF,test-normal/normal_id_02_00000086.wav,02,0,-0.4894285202026367,-0.23223240673542023,0,True
ConvAE + LOF,test-normal/normal_id_00_00000007.wav,00,0,-0.4238916337490082,-0.23223240673542023,0,True
ConvAE + LOF,test-normal/normal_id_04_00000076.wav,04,0,-0.5008442401885986,-0.23223240673542023,0,True
ConvAE + LOF,test-normal/normal_id_06_00000035.wav,06,0,-0.346763014793396,-0.23223240673542023,0,True
ConvAE + LOF,test-normal/normal_id_04_00000084.wav,04,0,-0.4904538691043854,-0.23223240673542023,0,True
ConvAE + LOF,test-normal/normal_id_00_00000060.wav,00,0,-0.3330422043800354,-0.23223240673542023,0,True
ConvAE + LOF,test-normal/normal_id_06_00000053.wav,06,0,-0.21692043542861938,-0.23223240673542023,1,False
ConvAE + LOF,test-normal/normal_id_04_00000033.wav,04,0,-0.3926335871219635,-0.23223240673542023,0,True
ConvAE + LOF,test-normal/normal_id_00_00000088.wav,00,0,-0.4628528356552124,-0.23223240673542023,0,True
ConvAE + LOF,test-normal/normal_id_06_00000040.wav,06,0,-0.15719372034072876,-0.23223240673542023,1,False
ConvAE + LOF,test-normal/normal_id_04_00000055.wav,04,0,-0.4661695659160614,-0.23223240673542023,0,True
ConvAE + LOF,test-normal/normal_id_06_00000043.wav,06,0,0.23032702505588531,-0.23223240673542023,1,False
ConvAE + LOF,test-normal/normal_id_02_00000020.wav,02,0,-0.3598634898662567,-0.23223240673542023,0,True
ConvAE + LOF,test-normal/normal_id_06_00000061.wav,06,0,-0.1409747451543808,-0.23223240673542023,1,False
ConvAE + LOF,test-normal/normal_id_04_00000014.wav,04,0,-0.47350603342056274,-0.23223240673542023,0,True
ConvAE + LOF,test-normal/normal_id_00_00000037.wav,00,0,-0.48846346139907837,-0.23223240673542023,0,True
ConvAE + LOF,test-normal/normal_id_04_00000028.wav,04,0,-0.45720168948173523,-0.23223240673542023,0,True
ConvAE + LOF,test-normal/normal_id_02_00000062.wav,02,0,-0.4938366115093231,-0.23223240673542023,0,True
ConvAE + LOF,test-normal/normal_id_06_00000006.wav,06,0,-0.4861357510089874,-0.23223240673542023,0,True
ConvAE + LOF,test-normal/normal_id_04_00000080.wav,04,0,-0.18093091249465942,-0.23223240673542023,1,False
ConvAE + LOF,test-normal/normal_id_04_00000089.wav,04,0,-0.47772279381752014,-0.23223240673542023,0,True
ConvAE + LOF,test-normal/normal_id_04_00000082.wav,04,0,-0.4090283215045929,-0.23223240673542023,0,True
ConvAE + LOF,test-normal/normal_id_00_00000020.wav,00,0,-0.2898521423339844,-0.23223240673542023,0,True
ConvAE + LOF,test-normal/normal_id_02_00000059.wav,02,0,-0.4562147855758667,-0.23223240673542023,0,True
ConvAE + LOF,test-normal/normal_id_04_00000054.wav,04,0,-0.46892642974853516,-0.23223240673542023,0,True
ConvAE + LOF,test-normal/normal_id_02_00000051.wav,02,0,-0.4479372203350067,-0.23223240673542023,0,True
ConvAE + LOF,test-normal/normal_id_04_00000036.wav,04,0,-0.47444576025009155,-0.23223240673542023,0,True
ConvAE + LOF,test-normal/normal_id_02_00000061.wav,02,0,-0.4830762445926666,-0.23223240673542023,0,True
ConvAE + LOF,test-normal/normal_id_06_00000099.wav,06,0,-0.17476524412631989,-0.23223240673542023,1,False
ConvAE + LOF,test-normal/normal_id_04_00000016.wav,04,0,-0.47754648327827454,-0.23223240673542023,0,True
ConvAE + LOF,test-normal/normal_id_04_00000007.wav,04,0,-0.431149959564209,-0.23223240673542023,0,True
ConvAE + LOF,test-normal/normal_id_04_00000061.wav,04,0,-0.48622560501098633,-0.23223240673542023,0,True
ConvAE + LOF,test-normal/normal_id_02_00000073.wav,02,0,-0.35117754340171814,-0.23223240673542023,0,True
ConvAE + LOF,test-normal/normal_id_02_00000012.wav,02,0,-0.35222184658050537,-0.23223240673542023,0,True
ConvAE + LOF,test-normal/normal_id_00_00000018.wav,00,0,-0.4337756931781769,-0.23223240673542023,0,True
ConvAE + LOF,test-normal/normal_id_02_00000053.wav,02,0,-0.5028466582298279,-0.23223240673542023,0,True
ConvAE + LOF,test-normal/normal_id_00_00000011.wav,00,0,-0.4593528211116791,-0.23223240673542023,0,True
ConvAE + LOF,test-normal/normal_id_06_00000032.wav,06,0,-0.3796210289001465,-0.23223240673542023,0,True
ConvAE + LOF,test-normal/normal_id_06_00000023.wav,06,0,-0.09140977263450623,-0.23223240673542023,1,False
ConvAE + LOF,test-normal/normal_id_04_00000005.wav,04,0,0.04787927120923996,-0.23223240673542023,1,False
ConvAE + LOF,test-normal/normal_id_00_00000079.wav,00,0,-0.5100479125976562,-0.23223240673542023,0,True
ConvAE + LOF,test-normal/normal_id_04_00000002.wav,04,0,-0.46555063128471375,-0.23223240673542023,0,True
ConvAE + LOF,test-normal/normal_id_04_00000059.wav,04,0,-0.3486354351043701,-0.23223240673542023,0,True
ConvAE + LOF,test-normal/normal_id_04_00000035.wav,04,0,-0.43466717004776,-0.23223240673542023,0,True
ConvAE + LOF,test-normal/normal_id_06_00000042.wav,06,0,0.06792167574167252,-0.23223240673542023,1,False
ConvAE + LOF,test-normal/normal_id_00_00000066.wav,00,0,-0.4428471326828003,-0.23223240673542023,0,True
ConvAE + LOF,test-normal/normal_id_00_00000009.wav,00,0,-0.42606836557388306,-0.23223240673542023,0,True
ConvAE + LOF,test-normal/normal_id_00_00000059.wav,00,0,-0.36421096324920654,-0.23223240673542023,0,True
ConvAE + LOF,test-normal/normal_id_06_00000034.wav,06,0,-0.27180400490760803,-0.23223240673542023,0,True
ConvAE + LOF,test-normal/normal_id_00_00000004.wav,00,0,-0.24278296530246735,-0.23223240673542023,0,True
ConvAE + LOF,test-normal/normal_id_00_00000094.wav,00,0,-0.44843122363090515,-0.23223240673542023,0,True
ConvAE + LOF,test-normal/normal_id_00_00000048.wav,00,0,-0.2811823785305023,-0.23223240673542023,0,True
ConvAE + LOF,test-normal/normal_id_00_00000093.wav,00,0,-0.436580628156662,-0.23223240673542023,0,True
ConvAE + LOF,test-normal/normal_id_04_00000051.wav,04,0,-0.48905113339424133,-0.23223240673542023,0,True
ConvAE + LOF,test-normal/normal_id_04_00000073.wav,04,0,-0.4698115885257721,-0.23223240673542023,0,True
ConvAE + LOF,test-normal/normal_id_00_00000032.wav,00,0,-0.48820960521698,-0.23223240673542023,0,True
ConvAE + LOF,test-normal/normal_id_02_00000055.wav,02,0,0.03148479014635086,-0.23223240673542023,1,False
ConvAE + LOF,test-normal/normal_id_02_00000028.wav,02,0,-0.3550402522087097,-0.23223240673542023,0,True
ConvAE + LOF,test-normal/normal_id_02_00000021.wav,02,0,-0.4675859212875366,-0.23223240673542023,0,True
ConvAE + LOF,test-normal/normal_id_04_00000027.wav,04,0,-0.43129462003707886,-0.23223240673542023,0,True
ConvAE + LOF,test-normal/normal_id_02_00000030.wav,02,0,-0.4732789993286133,-0.23223240673542023,0,True
ConvAE + LOF,test-normal/normal_id_00_00000081.wav,00,0,0.005131615325808525,-0.23223240673542023,1,False
ConvAE + LOF,test-normal/normal_id_00_00000052.wav,00,0,-0.02958691120147705,-0.23223240673542023,1,False
ConvAE + LOF,test-normal/normal_id_06_00000028.wav,06,0,-0.38648509979248047,-0.23223240673542023,0,True
ConvAE + LOF,test-normal/normal_id_00_00000028.wav,00,0,-0.2578975260257721,-0.23223240673542023,0,True
ConvAE + LOF,test-normal/normal_id_06_00000052.wav,06,0,-0.4877151846885681,-0.23223240673542023,0,True
ConvAE + LOF,test-normal/normal_id_04_00000009.wav,04,0,-0.46760231256484985,-0.23223240673542023,0,True
ConvAE + LOF,test-normal/normal_id_02_00000006.wav,02,0,-0.4921267330646515,-0.23223240673542023,0,True
ConvAE + LOF,test-normal/normal_id_06_00000037.wav,06,0,0.20401008427143097,-0.23223240673542023,1,False
ConvAE + LOF,test-normal/normal_id_06_00000094.wav,06,0,-0.468322217464447,-0.23223240673542023,0,True
ConvAE + LOF,test-normal/normal_id_00_00000021.wav,00,0,-0.40507254004478455,-0.23223240673542023,0,True
ConvAE + LOF,test-normal/normal_id_04_00000018.wav,04,0,-0.47118330001831055,-0.23223240673542023,0,True
ConvAE + LOF,test-normal/normal_id_06_00000050.wav,06,0,0.2515038847923279,-0.23223240673542023,1,False
ConvAE + LOF,test-normal/normal_id_04_00000066.wav,04,0,0.016158422455191612,-0.23223240673542023,1,False
ConvAE + LOF,test-normal/normal_id_06_00000086.wav,06,0,-0.39624595642089844,-0.23223240673542023,0,True
ConvAE + LOF,test-normal/normal_id_06_00000067.wav,06,0,-0.24150125682353973,-0.23223240673542023,0,True
ConvAE + LOF,test-normal/normal_id_00_00000039.wav,00,0,-0.4856953024864197,-0.23223240673542023,0,True
ConvAE + LOF,test-normal/normal_id_02_00000088.wav,02,0,-0.41644948720932007,-0.23223240673542023,0,True
ConvAE + LOF,test-normal/normal_id_00_00000013.wav,00,0,-0.37779703736305237,-0.23223240673542023,0,True
ConvAE + LOF,test-normal/normal_id_02_00000089.wav,02,0,-0.4957640469074249,-0.23223240673542023,0,True
ConvAE + LOF,test-normal/normal_id_06_00000008.wav,06,0,-0.35337722301483154,-0.23223240673542023,0,True
ConvAE + LOF,test-normal/normal_id_04_00000020.wav,04,0,-0.1512458175420761,-0.23223240673542023,1,False
ConvAE + LOF,test-normal/normal_id_00_00000005.wav,00,0,-0.4785536527633667,-0.23223240673542023,0,True
ConvAE + LOF,test-normal/normal_id_00_00000085.wav,00,0,-0.13962456583976746,-0.23223240673542023,1,False
ConvAE + LOF,test-normal/normal_id_06_00000015.wav,06,0,-0.20353582501411438,-0.23223240673542023,1,False
ConvAE + LOF,test-normal/normal_id_04_00000078.wav,04,0,-0.37182295322418213,-0.23223240673542023,0,True
ConvAE + LOF,test-normal/normal_id_00_00000078.wav,00,0,-0.4806593656539917,-0.23223240673542023,0,True
ConvAE + LOF,test-normal/normal_id_02_00000014.wav,02,0,-0.457888126373291,-0.23223240673542023,0,True
ConvAE + LOF,test-normal/normal_id_02_00000070.wav,02,0,-0.3123164176940918,-0.23223240673542023,0,True
ConvAE + LOF,test-normal/normal_id_02_00000023.wav,02,0,-0.38634032011032104,-0.23223240673542023,0,True
ConvAE + LOF,test-normal/normal_id_06_00000001.wav,06,0,0.07768407464027405,-0.23223240673542023,1,False
ConvAE + LOF,test-normal/normal_id_02_00000003.wav,02,0,-0.3350831866264343,-0.23223240673542023,0,True
ConvAE + LOF,test-normal/normal_id_00_00000090.wav,00,0,-0.4820769727230072,-0.23223240673542023,0,True
ConvAE + LOF,test-normal/normal_id_02_00000099.wav,02,0,-0.481096476316452,-0.23223240673542023,0,True
ConvAE + LOF,test-normal/normal_id_04_00000074.wav,04,0,-0.48066461086273193,-0.23223240673542023,0,True
ConvAE + LOF,test-normal/normal_id_06_00000077.wav,06,0,-0.36815187335014343,-0.23223240673542023,0,True
ConvAE + LOF,test-normal/normal_id_04_00000006.wav,04,0,0.09783411026000977,-0.23223240673542023,1,False
ConvAE + LOF,test-normal/normal_id_00_00000087.wav,00,0,-0.4475911557674408,-0.23223240673542023,0,True
ConvAE + LOF,test-normal/normal_id_04_00000021.wav,04,0,-0.45512109994888306,-0.23223240673542023,0,True
ConvAE + LOF,test-normal/normal_id_02_00000042.wav,02,0,-0.4734395742416382,-0.23223240673542023,0,True
ConvAE + LOF,test-normal/normal_id_02_00000011.wav,02,0,-0.168759286403656,-0.23223240673542023,1,False
ConvAE + LOF,test-normal/normal_id_06_00000090.wav,06,0,0.10035484284162521,-0.23223240673542023,1,False
ConvAE + LOF,test-normal/normal_id_04_00000077.wav,04,0,0.044359683990478516,-0.23223240673542023,1,False
ConvAE + LOF,test-normal/normal_id_06_00000064.wav,06,0,-0.33285123109817505,-0.23223240673542023,0,True
ConvAE + LOF,test-normal/normal_id_02_00000087.wav,02,0,-0.425700306892395,-0.23223240673542023,0,True
ConvAE + LOF,test-normal/normal_id_00_00000065.wav,00,0,-0.39898669719696045,-0.23223240673542023,0,True
ConvAE + LOF,test-normal/normal_id_06_00000079.wav,06,0,-0.39120757579803467,-0.23223240673542023,0,True
ConvAE + LOF,test-normal/normal_id_00_00000099.wav,00,0,-0.48073217272758484,-0.23223240673542023,0,True
ConvAE + LOF,test-normal/normal_id_00_00000071.wav,00,0,-0.3528560996055603,-0.23223240673542023,0,True
ConvAE + LOF,test-normal/normal_id_06_00000059.wav,06,0,-0.19540050625801086,-0.23223240673542023,1,False
ConvAE + LOF,test-normal/normal_id_00_00000069.wav,00,0,-0.1341942846775055,-0.23223240673542023,1,False
ConvAE + LOF,test-normal/normal_id_06_00000024.wav,06,0,-0.455767422914505,-0.23223240673542023,0,True
ConvAE + LOF,test-normal/normal_id_02_00000025.wav,02,0,-0.4042263627052307,-0.23223240673542023,0,True
ConvAE + LOF,test-normal/normal_id_02_00000077.wav,02,0,-0.49455058574676514,-0.23223240673542023,0,True
ConvAE + LOF,test-normal/normal_id_04_00000024.wav,04,0,-0.2673908770084381,-0.23223240673542023,0,True
ConvAE + LOF,test-normal/normal_id_06_00000087.wav,06,0,-0.37372317910194397,-0.23223240673542023,0,True
ConvAE + LOF,test-normal/normal_id_02_00000017.wav,02,0,-0.4416428804397583,-0.23223240673542023,0,True
ConvAE + LOF,test-normal/normal_id_00_00000074.wav,00,0,-0.3218010663986206,-0.23223240673542023,0,True
ConvAE + LOF,test-normal/normal_id_00_00000010.wav,00,0,-0.1387099325656891,-0.23223240673542023,1,False
ConvAE + LOF,test-normal/normal_id_02_00000016.wav,02,0,-0.39088672399520874,-0.23223240673542023,0,True
ConvAE + LOF,test-normal/normal_id_06_00000041.wav,06,0,0.0461624339222908,-0.23223240673542023,1,False
ConvAE + LOF,test-normal/normal_id_02_00000057.wav,02,0,-0.4330817461013794,-0.23223240673542023,0,True
ConvAE + LOF,test-normal/normal_id_00_00000063.wav,00,0,-0.21032553911209106,-0.23223240673542023,1,False
ConvAE + LOF,test-normal/normal_id_04_00000023.wav,04,0,-0.506338357925415,-0.23223240673542023,0,True
ConvAE + LOF,test-normal/normal_id_00_00000001.wav,00,0,-0.5009678602218628,-0.23223240673542023,0,True
ConvAE + LOF,test-normal/normal_id_00_00000042.wav,00,0,-0.49562638998031616,-0.23223240673542023,0,True
ConvAE + LOF,test-normal/normal_id_02_00000022.wav,02,0,-0.47210565209388733,-0.23223240673542023,0,True
ConvAE + LOF,test-normal/normal_id_00_00000017.wav,00,0,-0.40620484948158264,-0.23223240673542023,0,True
ConvAE + LOF,test-normal/normal_id_02_00000067.wav,02,0,0.0031757885590195656,-0.23223240673542023,1,False
ConvAE + LOF,test-normal/normal_id_04_00000097.wav,04,0,-0.3436633348464966,-0.23223240673542023,0,True
ConvAE + LOF,test-normal/normal_id_06_00000009.wav,06,0,0.08944111317396164,-0.23223240673542023,1,False
ConvAE + LOF,test-normal/normal_id_00_00000076.wav,00,0,-0.4207887649536133,-0.23223240673542023,0,True
ConvAE + LOF,test-normal/normal_id_06_00000013.wav,06,0,-0.06177243962883949,-0.23223240673542023,1,False
ConvAE + LOF,test-normal/normal_id_04_00000096.wav,04,0,-0.20303691923618317,-0.23223240673542023,1,False
ConvAE + LOF,test-normal/normal_id_04_00000008.wav,04,0,0.10202716290950775,-0.23223240673542023,1,False
ConvAE + LOF,test-normal/normal_id_06_00000025.wav,06,0,-0.39323413372039795,-0.23223240673542023,0,True
ConvAE + LOF,test-normal/normal_id_00_00000031.wav,00,0,-0.427767276763916,-0.23223240673542023,0,True
ConvAE + LOF,test-normal/normal_id_02_00000029.wav,02,0,-0.42145854234695435,-0.23223240673542023,0,True
ConvAE + LOF,test-normal/normal_id_06_00000051.wav,06,0,-0.3883560299873352,-0.23223240673542023,0,True
ConvAE + LOF,test-normal/normal_id_02_00000005.wav,02,0,-0.4042239189147949,-0.23223240673542023,0,True
ConvAE + LOF,test-normal/normal_id_04_00000090.wav,04,0,-0.5104132294654846,-0.23223240673542023,0,True
ConvAE + LOF,test-normal/normal_id_04_00000067.wav,04,0,-0.4463365972042084,-0.23223240673542023,0,True
ConvAE + LOF,test-normal/normal_id_04_00000012.wav,04,0,-0.47156333923339844,-0.23223240673542023,0,True
ConvAE + LOF,test-normal/normal_id_00_00000043.wav,00,0,-0.49310392141342163,-0.23223240673542023,0,True
ConvAE + LOF,test-normal/normal_id_06_00000073.wav,06,0,-0.3564058840274811,-0.23223240673542023,0,True
ConvAE + LOF,test-normal/normal_id_02_00000060.wav,02,0,-0.43039095401763916,-0.23223240673542023,0,True
ConvAE + LOF,test-normal/normal_id_06_00000017.wav,06,0,-0.2882246673107147,-0.23223240673542023,0,True
ConvAE + LOF,test-normal/normal_id_00_00000057.wav,00,0,-0.5017877221107483,-0.23223240673542023,0,True
ConvAE + LOF,test-normal/normal_id_04_00000079.wav,04,0,-0.47634825110435486,-0.23223240673542023,0,True
ConvAE + LOF,test-normal/normal_id_00_00000023.wav,00,0,-0.5085707902908325,-0.23223240673542023,0,True
ConvAE + LOF,test-normal/normal_id_04_00000072.wav,04,0,-0.4606785178184509,-0.23223240673542023,0,True
ConvAE + LOF,test-normal/normal_id_00_00000015.wav,00,0,-0.18845826387405396,-0.23223240673542023,1,False
ConvAE + LOF,test-normal/normal_id_06_00000016.wav,06,0,-0.34039872884750366,-0.23223240673542023,0,True
ConvAE + LOF,test-normal/normal_id_02_00000009.wav,02,0,-0.4005115330219269,-0.23223240673542023,0,True
ConvAE + LOF,test-normal/normal_id_02_00000037.wav,02,0,-0.48528194427490234,-0.23223240673542023,0,True
ConvAE + LOF,test-normal/normal_id_02_00000090.wav,02,0,-0.3951948881149292,-0.23223240673542023,0,True
ConvAE + LOF,test-normal/normal_id_04_00000087.wav,04,0,-0.39309805631637573,-0.23223240673542023,0,True
ConvAE + LOF,test-normal/normal_id_00_00000016.wav,00,0,-0.46074432134628296,-0.23223240673542023,0,True
ConvAE + LOF,test-normal/normal_id_06_00000000.wav,06,0,0.04897092282772064,-0.23223240673542023,1,False
ConvAE + LOF,test-normal/normal_id_04_00000040.wav,04,0,-0.493145614862442,-0.23223240673542023,0,True
ConvAE + LOF,test-normal/normal_id_02_00000010.wav,02,0,-0.48994335532188416,-0.23223240673542023,0,True
ConvAE + LOF,test-normal/normal_id_02_00000095.wav,02,0,-0.11054383218288422,-0.23223240673542023,1,False
ConvAE + LOF,test-normal/normal_id_00_00000034.wav,00,0,-0.48453453183174133,-0.23223240673542023,0,True
ConvAE + LOF,test-normal/normal_id_04_00000086.wav,04,0,-0.45893657207489014,-0.23223240673542023,0,True
ConvAE + LOF,test-normal/normal_id_06_00000014.wav,06,0,0.16677013039588928,-0.23223240673542023,1,False
ConvAE + LOF,test-normal/normal_id_00_00000035.wav,00,0,-0.33610618114471436,-0.23223240673542023,0,True
ConvAE + LOF,test-normal/normal_id_06_00000033.wav,06,0,-0.27760636806488037,-0.23223240673542023,0,True
ConvAE + LOF,test-normal/normal_id_02_00000082.wav,02,0,-0.46832308173179626,-0.23223240673542023,0,True
ConvAE + LOF,test-normal/normal_id_00_00000049.wav,00,0,-0.44226011633872986,-0.23223240673542023,0,True
ConvAE + LOF,test-normal/normal_id_00_00000006.wav,00,0,-0.11570392549037933,-0.23223240673542023,1,False
ConvAE + LOF,test-normal/normal_id_02_00000002.wav,02,0,-0.18715251982212067,-0.23223240673542023,1,False
ConvAE + LOF,test-normal/normal_id_02_00000075.wav,02,0,-0.485178679227829,-0.23223240673542023,0,True
ConvAE + LOF,test-normal/normal_id_02_00000039.wav,02,0,-0.3052962124347687,-0.23223240673542023,0,True
ConvAE + LOF,test-normal/normal_id_06_00000085.wav,06,0,0.24196666479110718,-0.23223240673542023,1,False
ConvAE + LOF,test-normal/normal_id_00_00000041.wav,00,0,-0.5115522146224976,-0.23223240673542023,0,True
ConvAE + LOF,test-normal/normal_id_06_00000066.wav,06,0,-0.17632897198200226,-0.23223240673542023,1,False
ConvAE + LOF,test-normal/normal_id_00_00000022.wav,00,0,-0.32751357555389404,-0.23223240673542023,0,True
ConvAE + LOF,test-normal/normal_id_04_00000075.wav,04,0,-0.4754098355770111,-0.23223240673542023,0,True
ConvAE + LOF,test-normal/normal_id_02_00000063.wav,02,0,-0.45053333044052124,-0.23223240673542023,0,True
ConvAE + LOF,test-normal/normal_id_06_00000020.wav,06,0,0.1733856052160263,-0.23223240673542023,1,False
ConvAE + LOF,test-normal/normal_id_06_00000003.wav,06,0,-0.009404182434082031,-0.23223240673542023,1,False
ConvAE + LOF,test-normal/normal_id_02_00000013.wav,02,0,-0.3945874273777008,-0.23223240673542023,0,True
ConvAE + LOF,test-normal/normal_id_04_00000037.wav,04,0,-0.45190292596817017,-0.23223240673542023,0,True
ConvAE + LOF,test-normal/normal_id_00_00000014.wav,00,0,-0.44757208228111267,-0.23223240673542023,0,True
ConvAE + LOF,test-normal/normal_id_02_00000041.wav,02,0,-0.40396663546562195,-0.23223240673542023,0,True
ConvAE + LOF,test-normal/normal_id_02_00000094.wav,02,0,-0.4332689940929413,-0.23223240673542023,0,True
ConvAE + LOF,test-normal/normal_id_00_00000036.wav,00,0,-0.5128653049468994,-0.23223240673542023,0,True
ConvAE + LOF,test-normal/normal_id_00_00000097.wav,00,0,-0.4600791335105896,-0.23223240673542023,0,True
ConvAE + LOF,test-normal/normal_id_02_00000036.wav,02,0,-0.34083878993988037,-0.23223240673542023,0,True
ConvAE + LOF,anomaly/anomaly_id_02_00000089.wav,02,1,0.3220960795879364,-0.23223240673542023,1,True
ConvAE + LOF,anomaly/anomaly_id_04_00000073.wav,04,1,-0.11154631525278091,-0.23223240673542023,1,True
ConvAE + LOF,anomaly/anomaly_id_06_00000051.wav,06,1,0.22858262062072754,-0.23223240673542023,1,True
ConvAE + LOF,anomaly/anomaly_id_04_00000035.wav,04,1,-0.22453096508979797,-0.23223240673542023,1,True
ConvAE + LOF,anomaly/anomaly_id_04_00000001.wav,04,1,-0.03969506546854973,-0.23223240673542023,1,True
ConvAE + LOF,anomaly/anomaly_id_04_00000011.wav,04,1,-0.09820658713579178,-0.23223240673542023,1,True
ConvAE + LOF,anomaly/anomaly_id_04_00000080.wav,04,1,-0.06852667778730392,-0.23223240673542023,1,True
ConvAE + LOF,anomaly/anomaly_id_06_00000036.wav,06,1,0.04926983639597893,-0.23223240673542023,1,True
ConvAE + LOF,anomaly/anomaly_id_00_00000024.wav,00,1,-0.38842493295669556,-0.23223240673542023,0,False
ConvAE + LOF,anomaly/anomaly_id_04_00000098.wav,04,1,0.0840253159403801,-0.23223240673542023,1,True
ConvAE + LOF,anomaly/anomaly_id_04_00000058.wav,04,1,0.2758829891681671,-0.23223240673542023,1,True
ConvAE + LOF,anomaly/anomaly_id_02_00000091.wav,02,1,-0.178238645195961,-0.23223240673542023,1,True
ConvAE + LOF,anomaly/anomaly_id_04_00000037.wav,04,1,-0.14799128472805023,-0.23223240673542023,1,True
ConvAE + LOF,anomaly/anomaly_id_04_00000070.wav,04,1,0.26282957196235657,-0.23223240673542023,1,True
ConvAE + LOF,anomaly/anomaly_id_00_00000068.wav,00,1,0.5250402092933655,-0.23223240673542023,1,True
ConvAE + LOF,anomaly/anomaly_id_00_00000056.wav,00,1,-0.4816497266292572,-0.23223240673542023,0,False
ConvAE + LOF,anomaly/anomaly_id_02_00000087.wav,02,1,0.325907438993454,-0.23223240673542023,1,True
ConvAE + LOF,anomaly/anomaly_id_00_00000019.wav,00,1,-0.03593284636735916,-0.23223240673542023,1,True
ConvAE + LOF,anomaly/anomaly_id_02_00000021.wav,02,1,-0.1734006255865097,-0.23223240673542023,1,True
ConvAE + LOF,anomaly/anomaly_id_02_00000095.wav,02,1,-0.46431392431259155,-0.23223240673542023,0,False
ConvAE + LOF,anomaly/anomaly_id_06_00000088.wav,06,1,0.2532046437263489,-0.23223240673542023,1,True
ConvAE + LOF,anomaly/anomaly_id_02_00000070.wav,02,1,0.36982810497283936,-0.23223240673542023,1,True
ConvAE + LOF,anomaly/anomaly_id_00_00000060.wav,00,1,0.18153704702854156,-0.23223240673542023,1,True
ConvAE + LOF,anomaly/anomaly_id_06_00000026.wav,06,1,-0.11865474283695221,-0.23223240673542023,1,True
ConvAE + LOF,anomaly/anomaly_id_00_00000073.wav,00,1,-0.05317471921443939,-0.23223240673542023,1,True
ConvAE + LOF,anomaly/anomaly_id_02_00000090.wav,02,1,-0.443114697933197,-0.23223240673542023,0,False
ConvAE + LOF,anomaly/anomaly_id_00_00000003.wav,00,1,-0.010472972877323627,-0.23223240673542023,1,True
ConvAE + LOF,anomaly/anomaly_id_04_00000053.wav,04,1,-0.10440809279680252,-0.23223240673542023,1,True
ConvAE + LOF,anomaly/anomaly_id_06_00000067.wav,06,1,-0.12019255757331848,-0.23223240673542023,1,True
ConvAE + LOF,anomaly/anomaly_id_06_00000013.wav,06,1,-0.1756378412246704,-0.23223240673542023,1,True
ConvAE + LOF,anomaly/anomaly_id_06_00000028.wav,06,1,-0.18964353203773499,-0.23223240673542023,1,True
ConvAE + LOF,anomaly/anomaly_id_04_00000005.wav,04,1,0.3691321909427643,-0.23223240673542023,1,True
ConvAE + LOF,anomaly/anomaly_id_02_00000035.wav,02,1,-0.2550705671310425,-0.23223240673542023,0,False
ConvAE + LOF,anomaly/anomaly_id_04_00000086.wav,04,1,-0.396648108959198,-0.23223240673542023,0,False
ConvAE + LOF,anomaly/anomaly_id_00_00000118.wav,00,1,-0.37013235688209534,-0.23223240673542023,0,False
ConvAE + LOF,anomaly/anomaly_id_02_00000106.wav,02,1,-0.40275347232818604,-0.23223240673542023,0,False
ConvAE + LOF,anomaly/anomaly_id_04_00000029.wav,04,1,-0.16252759099006653,-0.23223240673542023,1,True
ConvAE + LOF,anomaly/anomaly_id_00_00000047.wav,00,1,-0.29061853885650635,-0.23223240673542023,0,False
ConvAE + LOF,anomaly/anomaly_id_02_00000092.wav,02,1,0.5216721296310425,-0.23223240673542023,1,True
ConvAE + LOF,anomaly/anomaly_id_00_00000127.wav,00,1,-0.05726061761379242,-0.23223240673542023,1,True
ConvAE + LOF,anomaly/anomaly_id_02_00000003.wav,02,1,-0.4558165967464447,-0.23223240673542023,0,False
ConvAE + LOF,anomaly/anomaly_id_06_00000071.wav,06,1,-0.2793944776058197,-0.23223240673542023,0,False
ConvAE + LOF,anomaly/anomaly_id_00_00000027.wav,00,1,-0.3021831512451172,-0.23223240673542023,0,False
ConvAE + LOF,anomaly/anomaly_id_06_00000010.wav,06,1,0.3700607717037201,-0.23223240673542023,1,True
ConvAE + LOF,anomaly/anomaly_id_00_00000062.wav,00,1,-0.06942813843488693,-0.23223240673542023,1,True
ConvAE + LOF,anomaly/anomaly_id_06_00000027.wav,06,1,-0.33670786023139954,-0.23223240673542023,0,False
ConvAE + LOF,anomaly/anomaly_id_06_00000098.wav,06,1,-0.31312260031700134,-0.23223240673542023,0,False
ConvAE + LOF,anomaly/anomaly_id_04_00000096.wav,04,1,0.07225608825683594,-0.23223240673542023,1,True
ConvAE + LOF,anomaly/anomaly_id_04_00000064.wav,04,1,0.31411388516426086,-0.23223240673542023,1,True
ConvAE + LOF,anomaly/anomaly_id_02_00000110.wav,02,1,-0.4446241557598114,-0.23223240673542023,0,False
ConvAE + LOF,anomaly/anomaly_id_04_00000000.wav,04,1,-0.28049635887145996,-0.23223240673542023,0,False
ConvAE + LOF,anomaly/anomaly_id_06_00000060.wav,06,1,0.3810370862483978,-0.23223240673542023,1,True
ConvAE + LOF,anomaly/anomaly_id_02_00000000.wav,02,1,0.5283467173576355,-0.23223240673542023,1,True
ConvAE + LOF,anomaly/anomaly_id_02_00000057.wav,02,1,0.6743030548095703,-0.23223240673542023,1,True
ConvAE + LOF,anomaly/anomaly_id_04_00000026.wav,04,1,-0.006776120979338884,-0.23223240673542023,1,True
ConvAE + LOF,anomaly/anomaly_id_00_00000038.wav,00,1,0.2503465712070465,-0.23223240673542023,1,True
ConvAE + LOF,anomaly/anomaly_id_06_00000023.wav,06,1,-0.1647994965314865,-0.23223240673542023,1,True
ConvAE + LOF,anomaly/anomaly_id_00_00000029.wav,00,1,0.10561549663543701,-0.23223240673542023,1,True
ConvAE + LOF,anomaly/anomaly_id_00_00000089.wav,00,1,-0.21960777044296265,-0.23223240673542023,1,True
ConvAE + LOF,anomaly/anomaly_id_02_00000093.wav,02,1,-0.4476679265499115,-0.23223240673542023,0,False
ConvAE + LOF,anomaly/anomaly_id_00_00000098.wav,00,1,-0.40129354596138,-0.23223240673542023,0,False
ConvAE + LOF,anomaly/anomaly_id_00_00000119.wav,00,1,0.3150459825992584,-0.23223240673542023,1,True
ConvAE + LOF,anomaly/anomaly_id_02_00000005.wav,02,1,-0.13825063407421112,-0.23223240673542023,1,True
ConvAE + LOF,anomaly/anomaly_id_02_00000053.wav,02,1,0.25929105281829834,-0.23223240673542023,1,True
ConvAE + LOF,anomaly/anomaly_id_04_00000093.wav,04,1,0.06296133995056152,-0.23223240673542023,1,True
ConvAE + LOF,anomaly/anomaly_id_04_00000038.wav,04,1,-0.1282082200050354,-0.23223240673542023,1,True
ConvAE + LOF,anomaly/anomaly_id_00_00000134.wav,00,1,-0.041700735688209534,-0.23223240673542023,1,True
ConvAE + LOF,anomaly/anomaly_id_02_00000068.wav,02,1,-0.021533779799938202,-0.23223240673542023,1,True
ConvAE + LOF,anomaly/anomaly_id_00_00000012.wav,00,1,-0.08509811758995056,-0.23223240673542023,1,True
ConvAE + LOF,anomaly/anomaly_id_02_00000082.wav,02,1,0.33462703227996826,-0.23223240673542023,1,True
ConvAE + LOF,anomaly/anomaly_id_00_00000067.wav,00,1,-0.08823741972446442,-0.23223240673542023,1,True
ConvAE + LOF,anomaly/anomaly_id_00_00000108.wav,00,1,-0.11932864785194397,-0.23223240673542023,1,True
ConvAE + LOF,anomaly/anomaly_id_00_00000084.wav,00,1,0.027840666472911835,-0.23223240673542023,1,True
ConvAE + LOF,anomaly/anomaly_id_04_00000094.wav,04,1,-0.17050892114639282,-0.23223240673542023,1,True
ConvAE + LOF,anomaly/anomaly_id_02_00000058.wav,02,1,0.4018162786960602,-0.23223240673542023,1,True
ConvAE + LOF,anomaly/anomaly_id_06_00000019.wav,06,1,-0.41777950525283813,-0.23223240673542023,0,False
ConvAE + LOF,anomaly/anomaly_id_06_00000093.wav,06,1,-0.3144932687282562,-0.23223240673542023,0,False
ConvAE + LOF,anomaly/anomaly_id_00_00000030.wav,00,1,-0.3263965845108032,-0.23223240673542023,0,False
ConvAE + LOF,anomaly/anomaly_id_00_00000007.wav,00,1,-0.4281463027000427,-0.23223240673542023,0,False
ConvAE + LOF,anomaly/anomaly_id_06_00000022.wav,06,1,-0.17326298356056213,-0.23223240673542023,1,True
ConvAE + LOF,anomaly/anomaly_id_06_00000091.wav,06,1,-0.09970811754465103,-0.23223240673542023,1,True
ConvAE + LOF,anomaly/anomaly_id_02_00000102.wav,02,1,-0.48729509115219116,-0.23223240673542023,0,False
ConvAE + LOF,anomaly/anomaly_id_00_00000025.wav,00,1,-0.17869843542575836,-0.23223240673542023,1,True
ConvAE + LOF,anomaly/anomaly_id_00_00000092.wav,00,1,-0.5047375559806824,-0.23223240673542023,0,False
ConvAE + LOF,anomaly/anomaly_id_04_00000050.wav,04,1,0.24317291378974915,-0.23223240673542023,1,True
ConvAE + LOF,anomaly/anomaly_id_06_00000080.wav,06,1,-0.32664600014686584,-0.23223240673542023,0,False
ConvAE + LOF,anomaly/anomaly_id_06_00000087.wav,06,1,-0.3383772075176239,-0.23223240673542023,0,False
ConvAE + LOF,anomaly/anomaly_id_06_00000094.wav,06,1,-0.40248289704322815,-0.23223240673542023,0,False
ConvAE + LOF,anomaly/anomaly_id_04_00000019.wav,04,1,0.04268346726894379,-0.23223240673542023,1,True
ConvAE + LOF,anomaly/anomaly_id_02_00000104.wav,02,1,0.5767368078231812,-0.23223240673542023,1,True
ConvAE + LOF,anomaly/anomaly_id_00_00000040.wav,00,1,0.35550612211227417,-0.23223240673542023,1,True
ConvAE + LOF,anomaly/anomaly_id_06_00000015.wav,06,1,-0.06738217920064926,-0.23223240673542023,1,True
ConvAE + LOF,anomaly/anomaly_id_02_00000013.wav,02,1,-0.43537840247154236,-0.23223240673542023,0,False
ConvAE + LOF,anomaly/anomaly_id_06_00000075.wav,06,1,-0.2744462490081787,-0.23223240673542023,0,False
ConvAE + LOF,anomaly/anomaly_id_02_00000038.wav,02,1,-0.3081028461456299,-0.23223240673542023,0,False
ConvAE + LOF,anomaly/anomaly_id_04_00000074.wav,04,1,0.18891754746437073,-0.23223240673542023,1,True
ConvAE + LOF,anomaly/anomaly_id_00_00000104.wav,00,1,-0.3840198218822479,-0.23223240673542023,0,False
ConvAE + LOF,anomaly/anomaly_id_00_00000075.wav,00,1,-0.424954354763031,-0.23223240673542023,0,False
ConvAE + LOF,anomaly/anomaly_id_04_00000069.wav,04,1,0.006939994171261787,-0.23223240673542023,1,True
ConvAE + LOF,anomaly/anomaly_id_02_00000037.wav,02,1,0.1375354379415512,-0.23223240673542023,1,True
ConvAE + LOF,anomaly/anomaly_id_04_00000028.wav,04,1,-0.07421048730611801,-0.23223240673542023,1,True
ConvAE + LOF,anomaly/anomaly_id_00_00000135.wav,00,1,0.023039869964122772,-0.23223240673542023,1,True
ConvAE + LOF,anomaly/anomaly_id_02_00000022.wav,02,1,0.054365769028663635,-0.23223240673542023,1,True
ConvAE + LOF,anomaly/anomaly_id_02_00000050.wav,02,1,0.1555572897195816,-0.23223240673542023,1,True
ConvAE + LOF,anomaly/anomaly_id_00_00000091.wav,00,1,-0.45933791995048523,-0.23223240673542023,0,False
ConvAE + LOF,anomaly/anomaly_id_04_00000017.wav,04,1,-0.11447235196828842,-0.23223240673542023,1,True
ConvAE + LOF,anomaly/anomaly_id_04_00000067.wav,04,1,0.1048099622130394,-0.23223240673542023,1,True
ConvAE + LOF,anomaly/anomaly_id_06_00000089.wav,06,1,0.20597206056118011,-0.23223240673542023,1,True
ConvAE + LOF,anomaly/anomaly_id_02_00000002.wav,02,1,-0.43886706233024597,-0.23223240673542023,0,False
ConvAE + LOF,anomaly/anomaly_id_06_00000064.wav,06,1,0.13915926218032837,-0.23223240673542023,1,True
ConvAE + LOF,anomaly/anomaly_id_02_00000074.wav,02,1,0.1245933473110199,-0.23223240673542023,1,True
ConvAE + LOF,anomaly/anomaly_id_06_00000011.wav,06,1,0.24334955215454102,-0.23223240673542023,1,True
ConvAE + LOF,anomaly/anomaly_id_02_00000006.wav,02,1,-0.4827595353126526,-0.23223240673542023,0,False
ConvAE + LOF,anomaly/anomaly_id_00_00000126.wav,00,1,-0.09222923219203949,-0.23223240673542023,1,True
ConvAE + LOF,anomaly/anomaly_id_06_00000045.wav,06,1,0.22837240993976593,-0.23223240673542023,1,True
ConvAE + LOF,anomaly/anomaly_id_00_00000070.wav,00,1,0.03967147320508957,-0.23223240673542023,1,True
ConvAE + LOF,anomaly/anomaly_id_04_00000089.wav,04,1,-0.18208904564380646,-0.23223240673542023,1,True
ConvAE + LOF,anomaly/anomaly_id_02_00000029.wav,02,1,-0.4616154432296753,-0.23223240673542023,0,False
ConvAE + LOF,anomaly/anomaly_id_06_00000002.wav,06,1,-0.35095056891441345,-0.23223240673542023,0,False
ConvAE + LOF,anomaly/anomaly_id_02_00000107.wav,02,1,0.5781880617141724,-0.23223240673542023,1,True
ConvAE + LOF,anomaly/anomaly_id_00_00000054.wav,00,1,0.07566846907138824,-0.23223240673542023,1,True
ConvAE + LOF,anomaly/anomaly_id_02_00000026.wav,02,1,0.3188245892524719,-0.23223240673542023,1,True
ConvAE + LOF,anomaly/anomaly_id_04_00000027.wav,04,1,-0.20382611453533173,-0.23223240673542023,1,True
ConvAE + LOF,anomaly/anomaly_id_02_00000072.wav,02,1,-0.4279785454273224,-0.23223240673542023,0,False
ConvAE + LOF,anomaly/anomaly_id_06_00000053.wav,06,1,-0.007231924217194319,-0.23223240673542023,1,True
ConvAE + LOF,anomaly/anomaly_id_06_00000059.wav,06,1,0.4107133150100708,-0.23223240673542023,1,True
ConvAE + LOF,anomaly/anomaly_id_02_00000015.wav,02,1,-0.43606045842170715,-0.23223240673542023,0,False
ConvAE + LOF,anomaly/anomaly_id_06_00000101.wav,06,1,-0.26946312189102173,-0.23223240673542023,0,False
ConvAE + LOF,anomaly/anomaly_id_00_00000095.wav,00,1,-0.057603877037763596,-0.23223240673542023,1,True
ConvAE + LOF,anomaly/anomaly_id_06_00000081.wav,06,1,-0.25221359729766846,-0.23223240673542023,0,False
ConvAE + LOF,anomaly/anomaly_id_04_00000051.wav,04,1,-0.3684796392917633,-0.23223240673542023,0,False
ConvAE + LOF,anomaly/anomaly_id_02_00000043.wav,02,1,0.16742907464504242,-0.23223240673542023,1,True
ConvAE + LOF,anomaly/anomaly_id_04_00000009.wav,04,1,-0.15698742866516113,-0.23223240673542023,1,True
ConvAE + LOF,anomaly/anomaly_id_04_00000003.wav,04,1,0.35811847448349,-0.23223240673542023,1,True
ConvAE + LOF,anomaly/anomaly_id_04_00000061.wav,04,1,0.14783383905887604,-0.23223240673542023,1,True
ConvAE + LOF,anomaly/anomaly_id_04_00000052.wav,04,1,-0.23511552810668945,-0.23223240673542023,0,False
ConvAE + LOF,anomaly/anomaly_id_06_00000052.wav,06,1,0.051175542175769806,-0.23223240673542023,1,True
ConvAE + LOF,anomaly/anomaly_id_00_00000088.wav,00,1,0.10952822118997574,-0.23223240673542023,1,True
ConvAE + LOF,anomaly/anomaly_id_04_00000090.wav,04,1,-0.2551949918270111,-0.23223240673542023,0,False
ConvAE + LOF,anomaly/anomaly_id_06_00000069.wav,06,1,-0.27500420808792114,-0.23223240673542023,0,False
ConvAE + LOF,anomaly/anomaly_id_02_00000105.wav,02,1,-0.0363130047917366,-0.23223240673542023,1,True
ConvAE + LOF,anomaly/anomaly_id_02_00000071.wav,02,1,-0.4832371473312378,-0.23223240673542023,0,False
ConvAE + LOF,anomaly/anomaly_id_00_00000037.wav,00,1,0.17968322336673737,-0.23223240673542023,1,True
ConvAE + LOF,anomaly/anomaly_id_06_00000001.wav,06,1,-0.08947671949863434,-0.23223240673542023,1,True
ConvAE + LOF,anomaly/anomaly_id_04_00000016.wav,04,1,-0.1691845953464508,-0.23223240673542023,1,True
ConvAE + LOF,anomaly/anomaly_id_06_00000076.wav,06,1,0.2075439840555191,-0.23223240673542023,1,True
ConvAE + LOF,anomaly/anomaly_id_04_00000022.wav,04,1,-0.3494091033935547,-0.23223240673542023,0,False
ConvAE + LOF,anomaly/anomaly_id_02_00000018.wav,02,1,-0.421180784702301,-0.23223240673542023,0,False
ConvAE + LOF,anomaly/anomaly_id_02_00000073.wav,02,1,-0.13377684354782104,-0.23223240673542023,1,True
ConvAE + LOF,anomaly/anomaly_id_02_00000064.wav,02,1,-0.48611608147621155,-0.23223240673542023,0,False
ConvAE + LOF,anomaly/anomaly_id_06_00000090.wav,06,1,-0.23392468690872192,-0.23223240673542023,0,False
ConvAE + LOF,anomaly/anomaly_id_02_00000030.wav,02,1,0.6804007291793823,-0.23223240673542023,1,True
ConvAE + LOF,anomaly/anomaly_id_00_00000112.wav,00,1,-0.43031349778175354,-0.23223240673542023,0,False
ConvAE + LOF,anomaly/anomaly_id_00_00000018.wav,00,1,-0.422277569770813,-0.23223240673542023,0,False
ConvAE + LOF,anomaly/anomaly_id_02_00000010.wav,02,1,0.20079287886619568,-0.23223240673542023,1,True
ConvAE + LOF,anomaly/anomaly_id_00_00000011.wav,00,1,-0.3429885506629944,-0.23223240673542023,0,False
ConvAE + LOF,anomaly/anomaly_id_06_00000030.wav,06,1,0.4108687937259674,-0.23223240673542023,1,True
ConvAE + LOF,anomaly/anomaly_id_02_00000062.wav,02,1,0.4443471431732178,-0.23223240673542023,1,True
ConvAE + LOF,anomaly/anomaly_id_04_00000081.wav,04,1,-0.12972277402877808,-0.23223240673542023,1,True
ConvAE + LOF,anomaly/anomaly_id_06_00000040.wav,06,1,-0.3960759937763214,-0.23223240673542023,0,False
ConvAE + LOF,anomaly/anomaly_id_00_00000066.wav,00,1,-0.01871996372938156,-0.23223240673542023,1,True
ConvAE + LOF,anomaly/anomaly_id_00_00000009.wav,00,1,-0.017453299835324287,-0.23223240673542023,1,True
ConvAE + LOF,anomaly/anomaly_id_06_00000009.wav,06,1,-0.20629048347473145,-0.23223240673542023,1,True
ConvAE + LOF,anomaly/anomaly_id_00_00000059.wav,00,1,-0.10096946358680725,-0.23223240673542023,1,True
ConvAE + LOF,anomaly/anomaly_id_06_00000032.wav,06,1,0.2369120866060257,-0.23223240673542023,1,True
ConvAE + LOF,anomaly/anomaly_id_06_00000038.wav,06,1,0.25242897868156433,-0.23223240673542023,1,True
ConvAE + LOF,anomaly/anomaly_id_00_00000004.wav,00,1,-0.189143106341362,-0.23223240673542023,1,True
ConvAE + LOF,anomaly/anomaly_id_00_00000094.wav,00,1,-0.11138641834259033,-0.23223240673542023,1,True
ConvAE + LOF,anomaly/anomaly_id_00_00000048.wav,00,1,-0.2941638231277466,-0.23223240673542023,0,False
ConvAE + LOF,anomaly/anomaly_id_00_00000093.wav,00,1,-0.08728475123643875,-0.23223240673542023,1,True
ConvAE + LOF,anomaly/anomaly_id_02_00000108.wav,02,1,-0.1912544220685959,-0.23223240673542023,1,True
ConvAE + LOF,anomaly/anomaly_id_06_00000056.wav,06,1,0.24335946142673492,-0.23223240673542023,1,True
ConvAE + LOF,anomaly/anomaly_id_00_00000032.wav,00,1,-0.12956805527210236,-0.23223240673542023,1,True
ConvAE + LOF,anomaly/anomaly_id_02_00000012.wav,02,1,0.759041965007782,-0.23223240673542023,1,True
ConvAE + LOF,anomaly/anomaly_id_00_00000128.wav,00,1,-0.11598292738199234,-0.23223240673542023,1,True
ConvAE + LOF,anomaly/anomaly_id_00_00000121.wav,00,1,-0.33347195386886597,-0.23223240673542023,0,False
ConvAE + LOF,anomaly/anomaly_id_02_00000084.wav,02,1,-0.37553393840789795,-0.23223240673542023,0,False
ConvAE + LOF,anomaly/anomaly_id_00_00000130.wav,00,1,-0.1859058439731598,-0.23223240673542023,1,True
ConvAE + LOF,anomaly/anomaly_id_00_00000081.wav,00,1,-0.2743421196937561,-0.23223240673542023,0,False
ConvAE + LOF,anomaly/anomaly_id_04_00000054.wav,04,1,-0.13773441314697266,-0.23223240673542023,1,True
ConvAE + LOF,anomaly/anomaly_id_04_00000057.wav,04,1,-0.12621131539344788,-0.23223240673542023,1,True
ConvAE + LOF,anomaly/anomaly_id_00_00000052.wav,00,1,-0.054160911589860916,-0.23223240673542023,1,True
ConvAE + LOF,anomaly/anomaly_id_06_00000025.wav,06,1,-0.18314436078071594,-0.23223240673542023,1,True
ConvAE + LOF,anomaly/anomaly_id_00_00000028.wav,00,1,-0.2788968086242676,-0.23223240673542023,0,False
ConvAE + LOF,anomaly/anomaly_id_06_00000050.wav,06,1,-0.10408302396535873,-0.23223240673542023,1,True
ConvAE + LOF,anomaly/anomaly_id_02_00000066.wav,02,1,-0.4038337469100952,-0.23223240673542023,0,False
ConvAE + LOF,anomaly/anomaly_id_00_00000106.wav,00,1,-0.11559399962425232,-0.23223240673542023,1,True
ConvAE + LOF,anomaly/anomaly_id_06_00000035.wav,06,1,-0.20525714755058289,-0.23223240673542023,1,True
ConvAE + LOF,anomaly/anomaly_id_06_00000100.wav,06,1,0.40545347332954407,-0.23223240673542023,1,True
ConvAE + LOF,anomaly/anomaly_id_00_00000021.wav,00,1,0.09862310439348221,-0.23223240673542023,1,True
ConvAE + LOF,anomaly/anomaly_id_02_00000075.wav,02,1,-0.4886375069618225,-0.23223240673542023,0,False
ConvAE + LOF,anomaly/anomaly_id_06_00000048.wav,06,1,-0.39287006855010986,-0.23223240673542023,0,False
ConvAE + LOF,anomaly/anomaly_id_04_00000012.wav,04,1,-0.013697915710508823,-0.23223240673542023,1,True
ConvAE + LOF,anomaly/anomaly_id_06_00000065.wav,06,1,0.2630009949207306,-0.23223240673542023,1,True
ConvAE + LOF,anomaly/anomaly_id_04_00000077.wav,04,1,0.2599843740463257,-0.23223240673542023,1,True
ConvAE + LOF,anomaly/anomaly_id_00_00000039.wav,00,1,-0.5100468993186951,-0.23223240673542023,0,False
ConvAE + LOF,anomaly/anomaly_id_02_00000045.wav,02,1,-0.4423815906047821,-0.23223240673542023,0,False
ConvAE + LOF,anomaly/anomaly_id_00_00000013.wav,00,1,0.1623692512512207,-0.23223240673542023,1,True
ConvAE + LOF,anomaly/anomaly_id_02_00000046.wav,02,1,0.22788439691066742,-0.23223240673542023,1,True
ConvAE + LOF,anomaly/anomaly_id_04_00000091.wav,04,1,-0.29342344403266907,-0.23223240673542023,0,False
ConvAE + LOF,anomaly/anomaly_id_06_00000003.wav,06,1,-0.08784076571464539,-0.23223240673542023,1,True
ConvAE + LOF,anomaly/anomaly_id_02_00000077.wav,02,1,-0.12872260808944702,-0.23223240673542023,1,True
ConvAE + LOF,anomaly/anomaly_id_00_00000005.wav,00,1,0.291461706161499,-0.23223240673542023,1,True
ConvAE + LOF,anomaly/anomaly_id_00_00000085.wav,00,1,-0.08015741407871246,-0.23223240673542023,1,True
ConvAE + LOF,anomaly/anomaly_id_06_00000085.wav,06,1,-0.10950542986392975,-0.23223240673542023,1,True
ConvAE + LOF,anomaly/anomaly_id_06_00000007.wav,06,1,0.2618113160133362,-0.23223240673542023,1,True
ConvAE + LOF,anomaly/anomaly_id_04_00000078.wav,04,1,-0.01613832823932171,-0.23223240673542023,1,True
ConvAE + LOF,anomaly/anomaly_id_04_00000024.wav,04,1,-0.1564752161502838,-0.23223240673542023,1,True
ConvAE + LOF,anomaly/anomaly_id_00_00000078.wav,00,1,-0.05967007577419281,-0.23223240673542023,1,True
ConvAE + LOF,anomaly/anomaly_id_06_00000068.wav,06,1,-0.12895067036151886,-0.23223240673542023,1,True
ConvAE + LOF,anomaly/anomaly_id_00_00000114.wav,00,1,-0.07478109747171402,-0.23223240673542023,1,True
ConvAE + LOF,anomaly/anomaly_id_02_00000027.wav,02,1,-0.48001828789711,-0.23223240673542023,0,False
ConvAE + LOF,anomaly/anomaly_id_04_00000085.wav,04,1,-0.14161179959774017,-0.23223240673542023,1,True
ConvAE + LOF,anomaly/anomaly_id_00_00000123.wav,00,1,0.2260769158601761,-0.23223240673542023,1,True
ConvAE + LOF,anomaly/anomaly_id_04_00000047.wav,04,1,-0.276285856962204,-0.23223240673542023,0,False
ConvAE + LOF,anomaly/anomaly_id_00_00000103.wav,00,1,0.03942742571234703,-0.23223240673542023,1,True
ConvAE + LOF,anomaly/anomaly_id_00_00000090.wav,00,1,0.11378276348114014,-0.23223240673542023,1,True
ConvAE + LOF,anomaly/anomaly_id_02_00000056.wav,02,1,0.5284695029258728,-0.23223240673542023,1,True
ConvAE + LOF,anomaly/anomaly_id_04_00000020.wav,04,1,-0.4481571614742279,-0.23223240673542023,0,False
ConvAE + LOF,anomaly/anomaly_id_06_00000031.wav,06,1,0.3110910654067993,-0.23223240673542023,1,True
ConvAE + LOF,anomaly/anomaly_id_02_00000063.wav,02,1,0.37975603342056274,-0.23223240673542023,1,True
ConvAE + LOF,anomaly/anomaly_id_00_00000087.wav,00,1,0.051835205405950546,-0.23223240673542023,1,True
ConvAE + LOF,anomaly/anomaly_id_02_00000078.wav,02,1,0.39018580317497253,-0.23223240673542023,1,True
ConvAE + LOF,anomaly/anomaly_id_00_00000142.wav,00,1,-0.36745142936706543,-0.23223240673542023,0,False
ConvAE + LOF,anomaly/anomaly_id_00_00000111.wav,00,1,-0.10996435582637787,-0.23223240673542023,1,True
ConvAE + LOF,anomaly/anomaly_id_04_00000075.wav,04,1,-0.04632880911231041,-0.23223240673542023,1,True
ConvAE + LOF,anomaly/anomaly_id_06_00000017.wav,06,1,0.007045004051178694,-0.23223240673542023,1,True
ConvAE + LOF,anomaly/anomaly_id_04_00000023.wav,04,1,0.21801041066646576,-0.23223240673542023,1,True
ConvAE + LOF,anomaly/anomaly_id_04_00000095.wav,04,1,-0.11364082247018814,-0.23223240673542023,1,True
ConvAE + LOF,anomaly/anomaly_id_06_00000063.wav,06,1,-0.07285426557064056,-0.23223240673542023,1,True
ConvAE + LOF,anomaly/anomaly_id_02_00000044.wav,02,1,-0.4322240948677063,-0.23223240673542023,0,False
ConvAE + LOF,anomaly/anomaly_id_00_00000065.wav,00,1,-0.20668397843837738,-0.23223240673542023,1,True
ConvAE + LOF,anomaly/anomaly_id_06_00000078.wav,06,1,-0.2387528419494629,-0.23223240673542023,0,False
ConvAE + LOF,anomaly/anomaly_id_00_00000099.wav,00,1,-0.19113069772720337,-0.23223240673542023,1,True
ConvAE + LOF,anomaly/anomaly_id_00_00000071.wav,00,1,-0.07666794210672379,-0.23223240673542023,1,True
ConvAE + LOF,anomaly/anomaly_id_06_00000058.wav,06,1,0.17643895745277405,-0.23223240673542023,1,True
ConvAE + LOF,anomaly/anomaly_id_00_00000069.wav,00,1,0.15965451300144196,-0.23223240673542023,1,True
ConvAE + LOF,anomaly/anomaly_id_06_00000021.wav,06,1,0.2749597132205963,-0.23223240673542023,1,True
ConvAE + LOF,anomaly/anomaly_id_00_00000125.wav,00,1,0.36485910415649414,-0.23223240673542023,1,True
ConvAE + LOF,anomaly/anomaly_id_02_00000034.wav,02,1,-0.08299210667610168,-0.23223240673542023,1,True
ConvAE + LOF,anomaly/anomaly_id_02_00000081.wav,02,1,-0.21443027257919312,-0.23223240673542023,1,True
ConvAE + LOF,anomaly/anomaly_id_06_00000086.wav,06,1,-0.23223280906677246,-0.23223240673542023,0,False
ConvAE + LOF,anomaly/anomaly_id_00_00000117.wav,00,1,-0.4942917227745056,-0.23223240673542023,0,False
ConvAE + LOF,anomaly/anomaly_id_00_00000074.wav,00,1,-0.23728540539741516,-0.23223240673542023,0,False
ConvAE + LOF,anomaly/anomaly_id_06_00000018.wav,06,1,-0.34755992889404297,-0.23223240673542023,0,False
ConvAE + LOF,anomaly/anomaly_id_00_00000010.wav,00,1,0.04669874161481857,-0.23223240673542023,1,True
ConvAE + LOF,anomaly/anomaly_id_00_00000116.wav,00,1,-0.1755080223083496,-0.23223240673542023,1,True
ConvAE + LOF,anomaly/anomaly_id_06_00000039.wav,06,1,0.29762935638427734,-0.23223240673542023,1,True
ConvAE + LOF,anomaly/anomaly_id_02_00000014.wav,02,1,-0.2168707400560379,-0.23223240673542023,1,True
ConvAE + LOF,anomaly/anomaly_id_00_00000063.wav,00,1,-0.0977998599410057,-0.23223240673542023,1,True
ConvAE + LOF,anomaly/anomaly_id_02_00000080.wav,02,1,-0.3796960115432739,-0.23223240673542023,0,False
ConvAE + LOF,anomaly/anomaly_id_00_00000001.wav,00,1,-0.22083669900894165,-0.23223240673542023,1,True
ConvAE + LOF,anomaly/anomaly_id_00_00000042.wav,00,1,-0.26256948709487915,-0.23223240673542023,0,False
ConvAE + LOF,anomaly/anomaly_id_00_00000122.wav,00,1,-0.4394422769546509,-0.23223240673542023,0,False
ConvAE + LOF,anomaly/anomaly_id_00_00000017.wav,00,1,0.2770977020263672,-0.23223240673542023,1,True
ConvAE + LOF,anomaly/anomaly_id_02_00000024.wav,02,1,-0.45469582080841064,-0.23223240673542023,0,False
ConvAE + LOF,anomaly/anomaly_id_04_00000043.wav,04,1,-0.015168349258601665,-0.23223240673542023,1,True
ConvAE + LOF,anomaly/anomaly_id_04_00000055.wav,04,1,-0.3434717655181885,-0.23223240673542023,0,False
ConvAE + LOF,anomaly/anomaly_id_00_00000076.wav,00,1,-0.04443266615271568,-0.23223240673542023,1,True
ConvAE + LOF,anomaly/anomaly_id_04_00000059.wav,04,1,-0.1906450390815735,-0.23223240673542023,1,True
ConvAE + LOF,anomaly/anomaly_id_04_00000042.wav,04,1,-0.23585551977157593,-0.23223240673542023,0,False
ConvAE + LOF,anomaly/anomaly_id_02_00000065.wav,02,1,0.15455025434494019,-0.23223240673542023,1,True
ConvAE + LOF,anomaly/anomaly_id_04_00000071.wav,04,1,-0.4421640932559967,-0.23223240673542023,0,False
ConvAE + LOF,anomaly/anomaly_id_00_00000031.wav,00,1,-0.08667300641536713,-0.23223240673542023,1,True
ConvAE + LOF,anomaly/anomaly_id_00_00000129.wav,00,1,0.04624619707465172,-0.23223240673542023,1,True
ConvAE + LOF,anomaly/anomaly_id_06_00000049.wav,06,1,-0.32636773586273193,-0.23223240673542023,0,False
ConvAE + LOF,anomaly/anomaly_id_00_00000105.wav,00,1,-0.4846942722797394,-0.23223240673542023,0,False
ConvAE + LOF,anomaly/anomaly_id_04_00000036.wav,04,1,0.3755992352962494,-0.23223240673542023,1,True
ConvAE + LOF,anomaly/anomaly_id_04_00000013.wav,04,1,0.29568541049957275,-0.23223240673542023,1,True
ConvAE + LOF,anomaly/anomaly_id_06_00000044.wav,06,1,-0.32731422781944275,-0.23223240673542023,0,False
ConvAE + LOF,anomaly/anomaly_id_02_00000069.wav,02,1,-0.4441911280155182,-0.23223240673542023,0,False
ConvAE + LOF,anomaly/anomaly_id_00_00000043.wav,00,1,-0.10711926966905594,-0.23223240673542023,1,True
ConvAE + LOF,anomaly/anomaly_id_06_00000072.wav,06,1,-0.17940035462379456,-0.23223240673542023,1,True
ConvAE + LOF,anomaly/anomaly_id_02_00000017.wav,02,1,-0.46838781237602234,-0.23223240673542023,0,False
ConvAE + LOF,anomaly/anomaly_id_04_00000063.wav,04,1,-0.0905977115035057,-0.23223240673542023,1,True
ConvAE + LOF,anomaly/anomaly_id_00_00000057.wav,00,1,-0.1071677878499031,-0.23223240673542023,1,True
ConvAE + LOF,anomaly/anomaly_id_04_00000025.wav,04,1,-0.14505824446678162,-0.23223240673542023,1,True
ConvAE + LOF,anomaly/anomaly_id_00_00000023.wav,00,1,-0.11446579545736313,-0.23223240673542023,1,True
ConvAE + LOF,anomaly/anomaly_id_04_00000018.wav,04,1,-0.21861550211906433,-0.23223240673542023,1,True
ConvAE + LOF,anomaly/anomaly_id_00_00000015.wav,00,1,-0.24408334493637085,-0.23223240673542023,0,False
ConvAE + LOF,anomaly/anomaly_id_04_00000062.wav,04,1,-0.15608111023902893,-0.23223240673542023,1,True
ConvAE + LOF,anomaly/anomaly_id_00_00000109.wav,00,1,-0.14937248826026917,-0.23223240673542023,1,True
ConvAE + LOF,anomaly/anomaly_id_00_00000137.wav,00,1,0.09750333428382874,-0.23223240673542023,1,True
ConvAE + LOF,anomaly/anomaly_id_02_00000047.wav,02,1,-0.4874223470687866,-0.23223240673542023,0,False
ConvAE + LOF,anomaly/anomaly_id_04_00000033.wav,04,1,0.15428133308887482,-0.23223240673542023,1,True
ConvAE + LOF,anomaly/anomaly_id_00_00000016.wav,00,1,0.3216012120246887,-0.23223240673542023,1,True
ConvAE + LOF,anomaly/anomaly_id_04_00000046.wav,04,1,-0.07896634936332703,-0.23223240673542023,1,True
ConvAE + LOF,anomaly/anomaly_id_02_00000097.wav,02,1,0.5820566415786743,-0.23223240673542023,1,True
ConvAE + LOF,anomaly/anomaly_id_00_00000110.wav,00,1,-0.3948556184768677,-0.23223240673542023,0,False
ConvAE + LOF,anomaly/anomaly_id_02_00000052.wav,02,1,-0.4722249209880829,-0.23223240673542023,0,False
ConvAE + LOF,anomaly/anomaly_id_00_00000034.wav,00,1,0.02588966116309166,-0.23223240673542023,1,True
ConvAE + LOF,anomaly/anomaly_id_04_00000032.wav,04,1,0.012213971465826035,-0.23223240673542023,1,True
ConvAE + LOF,anomaly/anomaly_id_04_00000060.wav,04,1,-0.18382537364959717,-0.23223240673542023,1,True
ConvAE + LOF,anomaly/anomaly_id_00_00000035.wav,00,1,0.1271250694990158,-0.23223240673542023,1,True
ConvAE + LOF,anomaly/anomaly_id_04_00000079.wav,04,1,-0.1780996471643448,-0.23223240673542023,1,True
ConvAE + LOF,anomaly/anomaly_id_02_00000039.wav,02,1,-0.4803529977798462,-0.23223240673542023,0,False
ConvAE + LOF,anomaly/anomaly_id_00_00000049.wav,00,1,-0.21151363849639893,-0.23223240673542023,1,True
ConvAE + LOF,anomaly/anomaly_id_00_00000006.wav,00,1,-0.2131761908531189,-0.23223240673542023,1,True
ConvAE + LOF,anomaly/anomaly_id_00_00000102.wav,00,1,-0.068971186876297,-0.23223240673542023,1,True
ConvAE + LOF,anomaly/anomaly_id_02_00000032.wav,02,1,-0.3935219943523407,-0.23223240673542023,0,False
ConvAE + LOF,anomaly/anomaly_id_00_00000139.wav,00,1,-0.1645566076040268,-0.23223240673542023,1,True
ConvAE + LOF,anomaly/anomaly_id_06_00000084.wav,06,1,-0.291649729013443,-0.23223240673542023,0,False
ConvAE + LOF,anomaly/anomaly_id_00_00000041.wav,00,1,-0.375091016292572,-0.23223240673542023,0,False
ConvAE + LOF,anomaly/anomaly_id_06_00000012.wav,06,1,-0.05593469366431236,-0.23223240673542023,1,True
ConvAE + LOF,anomaly/anomaly_id_00_00000022.wav,00,1,-0.4447439908981323,-0.23223240673542023,0,False
ConvAE + LOF,anomaly/anomaly_id_04_00000021.wav,04,1,-0.18419085443019867,-0.23223240673542023,1,True
ConvAE + LOF,anomaly/anomaly_id_02_00000020.wav,02,1,0.32598114013671875,-0.23223240673542023,1,True
ConvAE + LOF,anomaly/anomaly_id_04_00000066.wav,04,1,-0.19387505948543549,-0.23223240673542023,1,True
ConvAE + LOF,anomaly/anomaly_id_04_00000049.wav,04,1,-0.3421047627925873,-0.23223240673542023,0,False
ConvAE + LOF,anomaly/anomaly_id_00_00000113.wav,00,1,0.06079922616481781,-0.23223240673542023,1,True
ConvAE + LOF,anomaly/anomaly_id_02_00000094.wav,02,1,0.37661173939704895,-0.23223240673542023,1,True
ConvAE + LOF,anomaly/anomaly_id_06_00000042.wav,06,1,-0.1536092907190323,-0.23223240673542023,1,True
ConvAE + LOF,anomaly/anomaly_id_06_00000083.wav,06,1,0.1044255867600441,-0.23223240673542023,1,True
ConvAE + LOF,anomaly/anomaly_id_00_00000014.wav,00,1,0.1427324414253235,-0.23223240673542023,1,True
ConvAE + LOF,anomaly/anomaly_id_00_00000141.wav,00,1,-0.49664777517318726,-0.23223240673542023,0,False
ConvAE + LOF,anomaly/anomaly_id_02_00000051.wav,02,1,-0.15496736764907837,-0.23223240673542023,1,True
ConvAE + LOF,anomaly/anomaly_id_00_00000036.wav,00,1,-0.0035740931052714586,-0.23223240673542023,1,True
ConvAE + LOF,anomaly/anomaly_id_00_00000097.wav,00,1,-0.0730515569448471,-0.23223240673542023,1,True
ConvAE + LOF,anomaly/anomaly_id_06_00000095.wav,06,1,0.15196898579597473,-0.23223240673542023,1,True
ConvAE + LOF,anomaly/anomaly_id_00_00000136.wav,00,1,-0.45325013995170593,-0.23223240673542023,0,False
OC-SVM (AE latent),test-normal/normal_id_06_00000054.wav,06,0,18.00590144211229,-92.21051130297364,1,False
OC-SVM (AE latent),test-normal/normal_id_06_00000060.wav,06,0,-180.68247172680668,-92.21051130297364,0,True
OC-SVM (AE latent),test-normal/normal_id_02_00000058.wav,02,0,-11.264443793733692,-92.21051130297364,1,False
OC-SVM (AE latent),test-normal/normal_id_04_00000039.wav,04,0,7.228148913431672,-92.21051130297364,1,False
OC-SVM (AE latent),test-normal/normal_id_06_00000047.wav,06,0,-62.365045046628246,-92.21051130297364,1,False
OC-SVM (AE latent),test-normal/normal_id_00_00000095.wav,00,0,2.2989647079546227,-92.21051130297364,1,False
OC-SVM (AE latent),test-normal/normal_id_04_00000092.wav,04,0,3.9169031539205026,-92.21051130297364,1,False
OC-SVM (AE latent),test-normal/normal_id_00_00000092.wav,00,0,0.11013878081162905,-92.21051130297364,1,False
OC-SVM (AE latent),test-normal/normal_id_06_00000082.wav,06,0,-194.69901096785904,-92.21051130297364,0,True
OC-SVM (AE latent),test-normal/normal_id_04_00000094.wav,04,0,-77.04677307374834,-92.21051130297364,1,False
OC-SVM (AE latent),test-normal/normal_id_04_00000063.wav,04,0,12.312034132467668,-92.21051130297364,1,False
OC-SVM (AE latent),test-normal/normal_id_02_00000086.wav,02,0,-326.3221506110866,-92.21051130297364,0,True
OC-SVM (AE latent),test-normal/normal_id_00_00000007.wav,00,0,-43.977171539861274,-92.21051130297364,1,False
OC-SVM (AE latent),test-normal/normal_id_04_00000076.wav,04,0,-16.939760494943396,-92.21051130297364,1,False
OC-SVM (AE latent),test-normal/normal_id_06_00000035.wav,06,0,-138.28356717860387,-92.21051130297364,0,True
OC-SVM (AE latent),test-normal/normal_id_04_00000084.wav,04,0,-118.44609046784623,-92.21051130297364,0,True
OC-SVM (AE latent),test-normal/normal_id_00_00000060.wav,00,0,-59.47881761970864,-92.21051130297364,1,False
OC-SVM (AE latent),test-normal/normal_id_06_00000053.wav,06,0,-191.65051394732538,-92.21051130297364,0,True
OC-SVM (AE latent),test-normal/normal_id_04_00000033.wav,04,0,-68.13916394577572,-92.21051130297364,1,False
OC-SVM (AE latent),test-normal/normal_id_00_00000088.wav,00,0,-269.5809092226557,-92.21051130297364,0,True
OC-SVM (AE latent),test-normal/normal_id_06_00000040.wav,06,0,73.1639887494452,-92.21051130297364,1,False
OC-SVM (AE latent),test-normal/normal_id_04_00000055.wav,04,0,2.849649191653084,-92.21051130297364,1,False
OC-SVM (AE latent),test-normal/normal_id_06_00000043.wav,06,0,95.36188019950629,-92.21051130297364,1,False
OC-SVM (AE latent),test-normal/normal_id_02_00000020.wav,02,0,-211.22214913832792,-92.21051130297364,0,True
OC-SVM (AE latent),test-normal/normal_id_06_00000061.wav,06,0,69.20020053380351,-92.21051130297364,1,False
OC-SVM (AE latent),test-normal/normal_id_04_00000014.wav,04,0,-86.91461547127645,-92.21051130297364,1,False
OC-SVM (AE latent),test-normal/normal_id_00_00000037.wav,00,0,-148.8970330869091,-92.21051130297364,0,True
OC-SVM (AE latent),test-normal/normal_id_04_00000028.wav,04,0,-71.10170293591207,-92.21051130297364,1,False
OC-SVM (AE latent),test-normal/normal_id_02_00000062.wav,02,0,-92.88809202063727,-92.21051130297364,0,True
OC-SVM (AE latent),test-normal/normal_id_06_00000006.wav,06,0,-7.14405516487533,-92.21051130297364,1,False
OC-SVM (AE latent),test-normal/normal_id_04_00000080.wav,04,0,86.98468967622503,-92.21051130297364,1,False
OC-SVM (AE latent),test-normal/normal_id_04_00000089.wav,04,0,-94.49686963929538,-92.21051130297364,0,True
OC-SVM (AE latent),test-normal/normal_id_04_00000082.wav,04,0,-131.72602369195167,-92.21051130297364,0,True
OC-SVM (AE latent),test-normal/normal_id_00_00000020.wav,00,0,-229.13405128232327,-92.21051130297364,0,True
OC-SVM (AE latent),test-normal/normal_id_02_00000059.wav,02,0,-153.86172885216962,-92.21051130297364,0,True
OC-SVM (AE latent),test-normal/normal_id_04_00000054.wav,04,0,-169.76604011486077,-92.21051130297364,0,True
OC-SVM (AE latent),test-normal/normal_id_02_00000051.wav,02,0,-269.02778493149407,-92.21051130297364,0,True
OC-SVM (AE latent),test-normal/normal_id_04_00000036.wav,04,0,-171.72834788579723,-92.21051130297364,0,True
OC-SVM (AE latent),test-normal/normal_id_02_00000061.wav,02,0,-302.9795045147044,-92.21051130297364,0,True
OC-SVM (AE latent),test-normal/normal_id_06_00000099.wav,06,0,97.85380999822536,-92.21051130297364,1,False
OC-SVM (AE latent),test-normal/normal_id_04_00000016.wav,04,0,-57.91483821252746,-92.21051130297364,1,False
OC-SVM (AE latent),test-normal/normal_id_04_00000007.wav,04,0,-9.66724079285162,-92.21051130297364,1,False
OC-SVM (AE latent),test-normal/normal_id_04_00000061.wav,04,0,-205.32433251596478,-92.21051130297364,0,True
OC-SVM (AE latent),test-normal/normal_id_02_00000073.wav,02,0,-212.9961438091624,-92.21051130297364,0,True
OC-SVM (AE latent),test-normal/normal_id_02_00000012.wav,02,0,-193.40497354037933,-92.21051130297364,0,True
OC-SVM (AE latent),test-normal/normal_id_00_00000018.wav,00,0,-101.31615142574064,-92.21051130297364,0,True
OC-SVM (AE latent),test-normal/normal_id_02_00000053.wav,02,0,-76.5906387690046,-92.21051130297364,1,False
OC-SVM (AE latent),test-normal/normal_id_00_00000011.wav,00,0,39.33565315191569,-92.21051130297364,1,False
OC-SVM (AE latent),test-normal/normal_id_06_00000032.wav,06,0,-252.40823683388336,-92.21051130297364,0,True
OC-SVM (AE latent),test-normal/normal_id_06_00000023.wav,06,0,124.50015603638053,-92.21051130297364,1,False
OC-SVM (AE latent),test-normal/normal_id_04_00000005.wav,04,0,-8.224307656918487,-92.21051130297364,1,False
OC-SVM (AE latent),test-normal/normal_id_00_00000079.wav,00,0,-33.31953679463148,-92.21051130297364,1,False
OC-SVM (AE latent),test-normal/normal_id_04_00000002.wav,04,0,27.093253093966915,-92.21051130297364,1,False
OC-SVM (AE latent),test-normal/normal_id_04_00000059.wav,04,0,73.8056429964896,-92.21051130297364,1,False
OC-SVM (AE latent),test-normal/normal_id_04_00000035.wav,04,0,-15.632194224988792,-92.21051130297364,1,False
OC-SVM (AE latent),test-normal/normal_id_06_00000042.wav,06,0,-26.531082784912698,-92.21051130297364,1,False
OC-SVM (AE latent),test-normal/normal_id_00_00000066.wav,00,0,99.79106648283032,-92.21051130297364,1,False
OC-SVM (AE latent),test-normal/normal_id_00_00000009.wav,00,0,-159.9062348372853,-92.21051130297364,0,True
OC-SVM (AE latent),test-normal/normal_id_00_00000059.wav,00,0,-254.8062069918559,-92.21051130297364,0,True
OC-SVM (AE latent),test-normal/normal_id_06_00000034.wav,06,0,-166.8780999526292,-92.21051130297364,0,True
OC-SVM (AE latent),test-normal/normal_id_00_00000004.wav,00,0,-152.53021992379544,-92.21051130297364,0,True
OC-SVM (AE latent),test-normal/normal_id_00_00000094.wav,00,0,-70.4386654275867,-92.21051130297364,1,False
OC-SVM (AE latent),test-normal/normal_id_00_00000048.wav,00,0,-289.99309337302356,-92.21051130297364,0,True
OC-SVM (AE latent),test-normal/normal_id_00_00000093.wav,00,0,-66.33036828063807,-92.21051130297364,1,False
OC-SVM (AE latent),test-normal/normal_id_04_00000051.wav,04,0,-87.22527944672915,-92.21051130297364,1,False
OC-SVM (AE latent),test-normal/normal_id_04_00000073.wav,04,0,-178.46614293739287,-92.21051130297364,0,True
OC-SVM (AE latent),test-normal/normal_id_00_00000032.wav,00,0,-65.87001637096219,-92.21051130297364,1,False
OC-SVM (AE latent),test-normal/normal_id_02_00000055.wav,02,0,-89.41539191749389,-92.21051130297364,1,False
OC-SVM (AE latent),test-normal/normal_id_02_00000028.wav,02,0,-217.82999793940155,-92.21051130297364,0,True
OC-SVM (AE latent),test-normal/normal_id_02_00000021.wav,02,0,-40.425783434167734,-92.21051130297364,1,False
OC-SVM (AE latent),test-normal/normal_id_04_00000027.wav,04,0,-63.65602015167034,-92.21051130297364,1,False
OC-SVM (AE latent),test-normal/normal_id_02_00000030.wav,02,0,-57.613151360169645,-92.21051130297364,1,False
OC-SVM (AE latent),test-normal/normal_id_00_00000081.wav,00,0,-33.326367882653216,-92.21051130297364,1,False
OC-SVM (AE latent),test-normal/normal_id_00_00000052.wav,00,0,-3.3912296301461455,-92.21051130297364,1,False
OC-SVM (AE latent),test-normal/normal_id_06_00000028.wav,06,0,-29.419480404164297,-92.21051130297364,1,False
OC-SVM (AE latent),test-normal/normal_id_00_00000028.wav,00,0,24.846699730302024,-92.21051130297364,1,False
OC-SVM (AE latent),test-normal/normal_id_06_00000052.wav,06,0,2.3375218639437176,-92.21051130297364,1,False
OC-SVM (AE latent),test-normal/normal_id_04_00000009.wav,04,0,-228.78843468586442,-92.21051130297364,0,True
OC-SVM (AE latent),test-normal/normal_id_02_00000006.wav,02,0,-302.5190773130302,-92.21051130297364,0,True
OC-SVM (AE latent),test-normal/normal_id_06_00000037.wav,06,0,4.822704455589774,-92.21051130297364,1,False
OC-SVM (AE latent),test-normal/normal_id_06_00000094.wav,06,0,-145.33358439532128,-92.21051130297364,0,True
OC-SVM (AE latent),test-normal/normal_id_00_00000021.wav,00,0,-58.717540960716775,-92.21051130297364,1,False
OC-SVM (AE latent),test-normal/normal_id_04_00000018.wav,04,0,-154.60665467096743,-92.21051130297364,0,True
OC-SVM (AE latent),test-normal/normal_id_06_00000050.wav,06,0,125.54925779033046,-92.21051130297364,1,False
OC-SVM (AE latent),test-normal/normal_id_04_00000066.wav,04,0,37.66537912499915,-92.21051130297364,1,False
OC-SVM (AE latent),test-normal/normal_id_06_00000086.wav,06,0,-0.9639364644674705,-92.21051130297364,1,False
OC-SVM (AE latent),test-normal/normal_id_06_00000067.wav,06,0,-180.8911613336843,-92.21051130297364,0,True
OC-SVM (AE latent),test-normal/normal_id_00_00000039.wav,00,0,-38.24669475631398,-92.21051130297364,1,False
OC-SVM (AE latent),test-normal/normal_id_02_00000088.wav,02,0,14.8992368106765,-92.21051130297364,1,False
OC-SVM (AE latent),test-normal/normal_id_00_00000013.wav,00,0,-254.91766061434706,-92.21051130297364,0,True
OC-SVM (AE latent),test-normal/normal_id_02_00000089.wav,02,0,-280.2280846576527,-92.21051130297364,0,True
OC-SVM (AE latent),test-normal/normal_id_06_00000008.wav,06,0,-214.83205242173597,-92.21051130297364,0,True
OC-SVM (AE latent),test-normal/normal_id_04_00000020.wav,04,0,-176.49139091504685,-92.21051130297364,0,True
OC-SVM (AE latent),test-normal/normal_id_00_00000005.wav,00,0,-125.10856674534631,-92.21051130297364,0,True
OC-SVM (AE latent),test-normal/normal_id_00_00000085.wav,00,0,57.14173820387388,-92.21051130297364,1,False
OC-SVM (AE latent),test-normal/normal_id_06_00000015.wav,06,0,21.61096242405651,-92.21051130297364,1,False
OC-SVM (AE latent),test-normal/normal_id_04_00000078.wav,04,0,112.19929380095617,-92.21051130297364,1,False
OC-SVM (AE latent),test-normal/normal_id_00_00000078.wav,00,0,-185.5396478873628,-92.21051130297364,0,True
OC-SVM (AE latent),test-normal/normal_id_02_00000014.wav,02,0,-165.9230899411586,-92.21051130297364,0,True
OC-SVM (AE latent),test-normal/normal_id_02_00000070.wav,02,0,-132.76578093454003,-92.21051130297364,0,True
OC-SVM (AE latent),test-normal/normal_id_02_00000023.wav,02,0,0.6777103372754993,-92.21051130297364,1,False
OC-SVM (AE latent),test-normal/normal_id_06_00000001.wav,06,0,86.7302472828803,-92.21051130297364,1,False
OC-SVM (AE latent),test-normal/normal_id_02_00000003.wav,02,0,-171.98282184861927,-92.21051130297364,0,True
OC-SVM (AE latent),test-normal/normal_id_00_00000090.wav,00,0,-79.08733076151684,-92.21051130297364,1,False
OC-SVM (AE latent),test-normal/normal_id_02_00000099.wav,02,0,-47.47394386733284,-92.21051130297364,1,False
OC-SVM (AE latent),test-normal/normal_id_04_00000074.wav,04,0,-97.81798281859682,-92.21051130297364,0,True
OC-SVM (AE latent),test-normal/normal_id_06_00000077.wav,06,0,-233.6049405206491,-92.21051130297364,0,True
OC-SVM (AE latent),test-normal/normal_id_04_00000006.wav,04,0,-47.24164403218276,-92.21051130297364,1,False
OC-SVM (AE latent),test-normal/normal_id_00_00000087.wav,00,0,-49.010118889182465,-92.21051130297364,1,False
OC-SVM (AE latent),test-normal/normal_id_04_00000021.wav,04,0,5.753019525726176,-92.21051130297364,1,False
OC-SVM (AE latent),test-normal/normal_id_02_00000042.wav,02,0,-300.83937423620523,-92.21051130297364,0,True
OC-SVM (AE latent),test-normal/normal_id_02_00000011.wav,02,0,-120.00291597999427,-92.21051130297364,0,True
OC-SVM (AE latent),test-normal/normal_id_06_00000090.wav,06,0,-18.800218044882158,-92.21051130297364,1,False
OC-SVM (AE latent),test-normal/normal_id_04_00000077.wav,04,0,-39.645795837248585,-92.21051130297364,1,False
OC-SVM (AE latent),test-normal/normal_id_06_00000064.wav,06,0,-142.744490798441,-92.21051130297364,0,True
OC-SVM (AE latent),test-normal/normal_id_02_00000087.wav,02,0,-22.315035604189784,-92.21051130297364,1,False
OC-SVM (AE latent),test-normal/normal_id_00_00000065.wav,00,0,-86.14009482079317,-92.21051130297364,1,False
OC-SVM (AE latent),test-normal/normal_id_06_00000079.wav,06,0,-9.14667004662494,-92.21051130297364,1,False
OC-SVM (AE latent),test-normal/normal_id_00_00000099.wav,00,0,15.601020591338425,-92.21051130297364,1,False
OC-SVM (AE latent),test-normal/normal_id_00_00000071.wav,00,0,-85.92688366206922,-92.21051130297364,1,False
OC-SVM (AE latent),test-normal/normal_id_06_00000059.wav,06,0,-50.830195552987135,-92.21051130297364,1,False
OC-SVM (AE latent),test-normal/normal_id_00_00000069.wav,00,0,139.94575155325083,-92.21051130297364,1,False
OC-SVM (AE latent),test-normal/normal_id_06_00000024.wav,06,0,-232.14277155400563,-92.21051130297364,0,True
OC-SVM (AE latent),test-normal/normal_id_02_00000025.wav,02,0,-173.38508731866065,-92.21051130297364,0,True
OC-SVM (AE latent),test-normal/normal_id_02_00000077.wav,02,0,-37.12960256220702,-92.21051130297364,1,False
OC-SVM (AE latent),test-normal/normal_id_04_00000024.wav,04,0,-87.39916934708843,-92.21051130297364,1,False
OC-SVM (AE latent),test-normal/normal_id_06_00000087.wav,06,0,1.7832519240272657,-92.21051130297364,1,False
OC-SVM (AE latent),test-normal/normal_id_02_00000017.wav,02,0,-136.4047741976719,-92.21051130297364,0,True
OC-SVM (AE latent),test-normal/normal_id_00_00000074.wav,00,0,-202.27658654592278,-92.21051130297364,0,True
OC-SVM (AE latent),test-normal/normal_id_00_00000010.wav,00,0,38.31617160946371,-92.21051130297364,1,False
OC-SVM (AE latent),test-normal/normal_id_02_00000016.wav,02,0,-235.63530827719472,-92.21051130297364,0,True
OC-SVM (AE latent),test-normal/normal_id_06_00000041.wav,06,0,-85.93372812196846,-92.21051130297364,1,False
OC-SVM (AE latent),test-normal/normal_id_02_00000057.wav,02,0,44.35242249418981,-92.21051130297364,1,False
OC-SVM (AE latent),test-normal/normal_id_00_00000063.wav,00,0,-43.55088691463535,-92.21051130297364,1,False
OC-SVM (AE latent),test-normal/normal_id_04_00000023.wav,04,0,-83.7049145813165,-92.21051130297364,1,False
OC-SVM (AE latent),test-normal/normal_id_00_00000001.wav,00,0,-152.06483767978014,-92.21051130297364,0,True
OC-SVM (AE latent),test-normal/normal_id_00_00000042.wav,00,0,-38.1497962211523,-92.21051130297364,1,False
OC-SVM (AE latent),test-normal/normal_id_02_00000022.wav,02,0,-28.44451541823715,-92.21051130297364,1,False
OC-SVM (AE latent),test-normal/normal_id_00_00000017.wav,00,0,-185.93404618851633,-92.21051130297364,0,True
OC-SVM (AE latent),test-normal/normal_id_02_00000067.wav,02,0,-93.95259895084027,-92.21051130297364,0,True
OC-SVM (AE latent),test-normal/normal_id_04_00000097.wav,04,0,-65.368372544533,-92.21051130297364,1,False
OC-SVM (AE latent),test-normal/normal_id_06_00000009.wav,06,0,40.236762290226366,-92.21051130297364,1,False
OC-SVM (AE latent),test-normal/normal_id_00_00000076.wav,00,0,-233.36262539103413,-92.21051130297364,0,True
OC-SVM (AE latent),test-normal/normal_id_06_00000013.wav,06,0,124.1278067682352,-92.21051130297364,1,False
OC-SVM (AE latent),test-normal/normal_id_04_00000096.wav,04,0,87.52959272990614,-92.21051130297364,1,False
OC-SVM (AE latent),test-normal/normal_id_04_00000008.wav,04,0,103.27363734704028,-92.21051130297364,1,False
OC-SVM (AE latent),test-normal/normal_id_06_00000025.wav,06,0,-20.13039772557636,-92.21051130297364,1,False
OC-SVM (AE latent),test-normal/normal_id_00_00000031.wav,00,0,-259.7092999710608,-92.21051130297364,0,True
OC-SVM (AE latent),test-normal/normal_id_02_00000029.wav,02,0,-25.89011567663744,-92.21051130297364,1,False
OC-SVM (AE latent),test-normal/normal_id_06_00000051.wav,06,0,-246.1848705457379,-92.21051130297364,0,True
OC-SVM (AE latent),test-normal/normal_id_02_00000005.wav,02,0,-135.27004235269766,-92.21051130297364,0,True
OC-SVM (AE latent),test-normal/normal_id_04_00000090.wav,04,0,-117.47188256514902,-92.21051130297364,0,True
OC-SVM (AE latent),test-normal/normal_id_04_00000067.wav,04,0,-197.79688885934564,-92.21051130297364,0,True
OC-SVM (AE latent),test-normal/normal_id_04_00000012.wav,04,0,-186.6868482964029,-92.21051130297364,0,True
OC-SVM (AE latent),test-normal/normal_id_00_00000043.wav,00,0,-281.6836936496823,-92.21051130297364,0,True
OC-SVM (AE latent),test-normal/normal_id_06_00000073.wav,06,0,67.80960320893892,-92.21051130297364,1,False
OC-SVM (AE latent),test-normal/normal_id_02_00000060.wav,02,0,-304.60627608927734,-92.21051130297364,0,True
OC-SVM (AE latent),test-normal/normal_id_06_00000017.wav,06,0,47.39122889759631,-92.21051130297364,1,False
OC-SVM (AE latent),test-normal/normal_id_00_00000057.wav,00,0,-80.70300027317475,-92.21051130297364,1,False
OC-SVM (AE latent),test-normal/normal_id_04_00000079.wav,04,0,3.8266994650510924,-92.21051130297364,1,False
OC-SVM (AE latent),test-normal/normal_id_00_00000023.wav,00,0,17.710272843037856,-92.21051130297364,1,False
OC-SVM (AE latent),test-normal/normal_id_04_00000072.wav,04,0,42.713308165722864,-92.21051130297364,1,False
OC-SVM (AE latent),test-normal/normal_id_00_00000015.wav,00,0,32.901578586702406,-92.21051130297364,1,False
OC-SVM (AE latent),test-normal/normal_id_06_00000016.wav,06,0,-238.55152563636864,-92.21051130297364,0,True
OC-SVM (AE latent),test-normal/normal_id_02_00000009.wav,02,0,13.802197098678306,-92.21051130297364,1,False
OC-SVM (AE latent),test-normal/normal_id_02_00000037.wav,02,0,-299.8921331811845,-92.21051130297364,0,True
OC-SVM (AE latent),test-normal/normal_id_02_00000090.wav,02,0,-187.93638334694904,-92.21051130297364,0,True
OC-SVM (AE latent),test-normal/normal_id_04_00000087.wav,04,0,-101.51762858786371,-92.21051130297364,0,True
OC-SVM (AE latent),test-normal/normal_id_00_00000016.wav,00,0,61.91687800656233,-92.21051130297364,1,False
OC-SVM (AE latent),test-normal/normal_id_06_00000000.wav,06,0,-32.455197144571606,-92.21051130297364,1,False
OC-SVM (AE latent),test-normal/normal_id_04_00000040.wav,04,0,-136.64111804823054,-92.21051130297364,0,True
OC-SVM (AE latent),test-normal/normal_id_02_00000010.wav,02,0,-298.31228012223005,-92.21051130297364,0,True
OC-SVM (AE latent),test-normal/normal_id_02_00000095.wav,02,0,-194.69679477526807,-92.21051130297364,0,True
OC-SVM (AE latent),test-normal/normal_id_00_00000034.wav,00,0,-185.58373533186992,-92.21051130297364,0,True
OC-SVM (AE latent),test-normal/normal_id_04_00000086.wav,04,0,-26.765473059829972,-92.21051130297364,1,False
OC-SVM (AE latent),test-normal/normal_id_06_00000014.wav,06,0,-9.234611820629075,-92.21051130297364,1,False
OC-SVM (AE latent),test-normal/normal_id_00_00000035.wav,00,0,-45.97884274821849,-92.21051130297364,1,False
OC-SVM (AE latent),test-normal/normal_id_06_00000033.wav,06,0,38.9723567490963,-92.21051130297364,1,False
OC-SVM (AE latent),test-normal/normal_id_02_00000082.wav,02,0,-64.48512267542743,-92.21051130297364,1,False
OC-SVM (AE latent),test-normal/normal_id_00_00000049.wav,00,0,5.301408158048155,-92.21051130297364,1,False
OC-SVM (AE latent),test-normal/normal_id_00_00000006.wav,00,0,-49.41555473468891,-92.21051130297364,1,False
OC-SVM (AE latent),test-normal/normal_id_02_00000002.wav,02,0,-62.002809480689244,-92.21051130297364,1,False
OC-SVM (AE latent),test-normal/normal_id_02_00000075.wav,02,0,-221.96035606241384,-92.21051130297364,0,True
OC-SVM (AE latent),test-normal/normal_id_02_00000039.wav,02,0,-190.76123894810203,-92.21051130297364,0,True
OC-SVM (AE latent),test-normal/normal_id_06_00000085.wav,06,0,-83.4980870883127,-92.21051130297364,1,False
OC-SVM (AE latent),test-normal/normal_id_00_00000041.wav,00,0,-246.06630427930648,-92.21051130297364,0,True
OC-SVM (AE latent),test-normal/normal_id_06_00000066.wav,06,0,-56.46429981018385,-92.21051130297364,1,False
OC-SVM (AE latent),test-normal/normal_id_00_00000022.wav,00,0,83.79974515658175,-92.21051130297364,1,False
OC-SVM (AE latent),test-normal/normal_id_04_00000075.wav,04,0,-142.50425550632644,-92.21051130297364,0,True
OC-SVM (AE latent),test-normal/normal_id_02_00000063.wav,02,0,-15.705825928149832,-92.21051130297364,1,False
OC-SVM (AE latent),test-normal/normal_id_06_00000020.wav,06,0,7.427155409528337,-92.21051130297364,1,False
OC-SVM (AE latent),test-normal/normal_id_06_00000003.wav,06,0,145.17965952333805,-92.21051130297364,1,False
OC-SVM (AE latent),test-normal/normal_id_02_00000013.wav,02,0,23.723647735794653,-92.21051130297364,1,False
OC-SVM (AE latent),test-normal/normal_id_04_00000037.wav,04,0,39.29476252390966,-92.21051130297364,1,False
OC-SVM (AE latent),test-normal/normal_id_00_00000014.wav,00,0,-244.96093325534082,-92.21051130297364,0,True
OC-SVM (AE latent),test-normal/normal_id_02_00000041.wav,02,0,5.840202324611188,-92.21051130297364,1,False
OC-SVM (AE latent),test-normal/normal_id_02_00000094.wav,02,0,-3.606880260021446,-92.21051130297364,1,False
OC-SVM (AE latent),test-normal/normal_id_00_00000036.wav,00,0,-24.437493963624732,-92.21051130297364,1,False
OC-SVM (AE latent),test-normal/normal_id_00_00000097.wav,00,0,-229.43738897093817,-92.21051130297364,0,True
OC-SVM (AE latent),test-normal/normal_id_02_00000036.wav,02,0,-229.94832170855196,-92.21051130297364,0,True
OC-SVM (AE latent),anomaly/anomaly_id_02_00000089.wav,02,1,87.87920317422864,-92.21051130297364,1,True
OC-SVM (AE latent),anomaly/anomaly_id_04_00000073.wav,04,1,-35.055980948181585,-92.21051130297364,1,True
OC-SVM (AE latent),anomaly/anomaly_id_06_00000051.wav,06,1,-7.375015891335569,-92.21051130297364,1,True
OC-SVM (AE latent),anomaly/anomaly_id_04_00000035.wav,04,1,-169.49512375547357,-92.21051130297364,0,False
OC-SVM (AE latent),anomaly/anomaly_id_04_00000001.wav,04,1,-94.51320501545254,-92.21051130297364,0,False
OC-SVM (AE latent),anomaly/anomaly_id_04_00000011.wav,04,1,-38.929457303007226,-92.21051130297364,1,True
OC-SVM (AE latent),anomaly/anomaly_id_04_00000080.wav,04,1,-100.70138677565677,-92.21051130297364,0,False
OC-SVM (AE latent),anomaly/anomaly_id_06_00000036.wav,06,1,-66.27495588364148,-92.21051130297364,1,True
OC-SVM (AE latent),anomaly/anomaly_id_00_00000024.wav,00,1,-20.91771149746034,-92.21051130297364,1,True
OC-SVM (AE latent),anomaly/anomaly_id_04_00000098.wav,04,1,84.41008314718245,-92.21051130297364,1,True
OC-SVM (AE latent),anomaly/anomaly_id_04_00000058.wav,04,1,91.54030833850538,-92.21051130297364,1,True
OC-SVM (AE latent),anomaly/anomaly_id_02_00000091.wav,02,1,16.893872209840083,-92.21051130297364,1,True
OC-SVM (AE latent),anomaly/anomaly_id_04_00000037.wav,04,1,-178.98154787800956,-92.21051130297364,0,False
OC-SVM (AE latent),anomaly/anomaly_id_04_00000070.wav,04,1,86.71556950417327,-92.21051130297364,1,True
OC-SVM (AE latent),anomaly/anomaly_id_00_00000068.wav,00,1,168.4758173796414,-92.21051130297364,1,True
OC-SVM (AE latent),anomaly/anomaly_id_00_00000056.wav,00,1,-274.4430076569795,-92.21051130297364,0,False
OC-SVM (AE latent),anomaly/anomaly_id_02_00000087.wav,02,1,66.08755459835349,-92.21051130297364,1,True
OC-SVM (AE latent),anomaly/anomaly_id_00_00000019.wav,00,1,5.499442787655369,-92.21051130297364,1,True
OC-SVM (AE latent),anomaly/anomaly_id_02_00000021.wav,02,1,47.682631346298,-92.21051130297364,1,True
OC-SVM (AE latent),anomaly/anomaly_id_02_00000095.wav,02,1,-308.16337551168056,-92.21051130297364,0,False
OC-SVM (AE latent),anomaly/anomaly_id_06_00000088.wav,06,1,29.78140345008544,-92.21051130297364,1,True
OC-SVM (AE latent),anomaly/anomaly_id_02_00000070.wav,02,1,-32.34151681765318,-92.21051130297364,1,True
OC-SVM (AE latent),anomaly/anomaly_id_00_00000060.wav,00,1,32.767839708307505,-92.21051130297364,1,True
OC-SVM (AE latent),anomaly/anomaly_id_06_00000026.wav,06,1,-155.01044946090212,-92.21051130297364,0,False
OC-SVM (AE latent),anomaly/anomaly_id_00_00000073.wav,00,1,-154.5671181653861,-92.21051130297364,0,False
OC-SVM (AE latent),anomaly/anomaly_id_02_00000090.wav,02,1,-159.0527013068607,-92.21051130297364,0,False
OC-SVM (AE latent),anomaly/anomaly_id_00_00000003.wav,00,1,34.59997487694055,-92.21051130297364,1,True
OC-SVM (AE latent),anomaly/anomaly_id_04_00000053.wav,04,1,45.055568664188954,-92.21051130297364,1,True
OC-SVM (AE latent),anomaly/anomaly_id_06_00000067.wav,06,1,-150.77887870640814,-92.21051130297364,0,False
OC-SVM (AE latent),anomaly/anomaly_id_06_00000013.wav,06,1,-168.00048710404045,-92.21051130297364,0,False
OC-SVM (AE latent),anomaly/anomaly_id_06_00000028.wav,06,1,-84.73139822974287,-92.21051130297364,1,True
OC-SVM (AE latent),anomaly/anomaly_id_04_00000005.wav,04,1,81.74366270414406,-92.21051130297364,1,True
OC-SVM (AE latent),anomaly/anomaly_id_02_00000035.wav,02,1,-53.35747389786334,-92.21051130297364,1,True
OC-SVM (AE latent),anomaly/anomaly_id_04_00000086.wav,04,1,2.626712456993011,-92.21051130297364,1,True
OC-SVM (AE latent),anomaly/anomaly_id_00_00000118.wav,00,1,-87.3650994818988,-92.21051130297364,1,True
OC-SVM (AE latent),anomaly/anomaly_id_02_00000106.wav,02,1,-4.22555517726759,-92.21051130297364,1,True
OC-SVM (AE latent),anomaly/anomaly_id_04_00000029.wav,04,1,-164.32742433505086,-92.21051130297364,0,False
OC-SVM (AE latent),anomaly/anomaly_id_00_00000047.wav,00,1,132.0093045614697,-92.21051130297364,1,True
OC-SVM (AE latent),anomaly/anomaly_id_02_00000092.wav,02,1,99.68325885530217,-92.21051130297364,1,True
OC-SVM (AE latent),anomaly/anomaly_id_00_00000127.wav,00,1,-89.02516743301742,-92.21051130297364,1,True
OC-SVM (AE latent),anomaly/anomaly_id_02_00000003.wav,02,1,-50.79188857782131,-92.21051130297364,1,True
OC-SVM (AE latent),anomaly/anomaly_id_06_00000071.wav,06,1,-166.46924306323254,-92.21051130297364,0,False
OC-SVM (AE latent),anomaly/anomaly_id_00_00000027.wav,00,1,5.886789741926211,-92.21051130297364,1,True
OC-SVM (AE latent),anomaly/anomaly_id_06_00000010.wav,06,1,87.47089969575886,-92.21051130297364,1,True
OC-SVM (AE latent),anomaly/anomaly_id_00_00000062.wav,00,1,-40.22376865055613,-92.21051130297364,1,True
OC-SVM (AE latent),anomaly/anomaly_id_06_00000027.wav,06,1,-189.70692462852227,-92.21051130297364,0,False
OC-SVM (AE latent),anomaly/anomaly_id_06_00000098.wav,06,1,-217.57095435198158,-92.21051130297364,0,False
OC-SVM (AE latent),anomaly/anomaly_id_04_00000096.wav,04,1,165.3758242193687,-92.21051130297364,1,True
OC-SVM (AE latent),anomaly/anomaly_id_04_00000064.wav,04,1,21.541985672707117,-92.21051130297364,1,True
OC-SVM (AE latent),anomaly/anomaly_id_02_00000110.wav,02,1,-44.60441051470418,-92.21051130297364,1,True
OC-SVM (AE latent),anomaly/anomaly_id_04_00000000.wav,04,1,65.89884015684243,-92.21051130297364,1,True
OC-SVM (AE latent),anomaly/anomaly_id_06_00000060.wav,06,1,149.1799713719215,-92.21051130297364,1,True
OC-SVM (AE latent),anomaly/anomaly_id_02_00000000.wav,02,1,141.35484898468974,-92.21051130297364,1,True
OC-SVM (AE latent),anomaly/anomaly_id_02_00000057.wav,02,1,130.8218094189987,-92.21051130297364,1,True
OC-SVM (AE latent),anomaly/anomaly_id_04_00000026.wav,04,1,-118.69837346324753,-92.21051130297364,0,False
OC-SVM (AE latent),anomaly/anomaly_id_00_00000038.wav,00,1,3.763668591134553,-92.21051130297364,1,True
OC-SVM (AE latent),anomaly/anomaly_id_06_00000023.wav,06,1,-2.9867937404171445,-92.21051130297364,1,True
OC-SVM (AE latent),anomaly/anomaly_id_00_00000029.wav,00,1,-51.42216618620864,-92.21051130297364,1,True
OC-SVM (AE latent),anomaly/anomaly_id_00_00000089.wav,00,1,-168.79446995091615,-92.21051130297364,0,False
OC-SVM (AE latent),anomaly/anomaly_id_02_00000093.wav,02,1,59.292293248167134,-92.21051130297364,1,True
OC-SVM (AE latent),anomaly/anomaly_id_00_00000098.wav,00,1,77.0938814437228,-92.21051130297364,1,True
OC-SVM (AE latent),anomaly/anomaly_id_00_00000119.wav,00,1,32.88772869372241,-92.21051130297364,1,True
OC-SVM (AE latent),anomaly/anomaly_id_02_00000005.wav,02,1,-238.37467309912412,-92.21051130297364,0,False
OC-SVM (AE latent),anomaly/anomaly_id_02_00000053.wav,02,1,83.77586193283486,-92.21051130297364,1,True
OC-SVM (AE latent),anomaly/anomaly_id_04_00000093.wav,04,1,109.99912477993438,-92.21051130297364,1,True
OC-SVM (AE latent),anomaly/anomaly_id_04_00000038.wav,04,1,-41.18077698198559,-92.21051130297364,1,True
OC-SVM (AE latent),anomaly/anomaly_id_00_00000134.wav,00,1,-0.8980124185797725,-92.21051130297364,1,True
OC-SVM (AE latent),anomaly/anomaly_id_02_00000068.wav,02,1,74.8222947326675,-92.21051130297364,1,True
OC-SVM (AE latent),anomaly/anomaly_id_00_00000012.wav,00,1,-26.653196910053598,-92.21051130297364,1,True
OC-SVM (AE latent),anomaly/anomaly_id_02_00000082.wav,02,1,105.21850891901377,-92.21051130297364,1,True
OC-SVM (AE latent),anomaly/anomaly_id_00_00000067.wav,00,1,-129.16665306189506,-92.21051130297364,0,False
OC-SVM (AE latent),anomaly/anomaly_id_00_00000108.wav,00,1,-60.39315781836505,-92.21051130297364,1,True
OC-SVM (AE latent),anomaly/anomaly_id_00_00000084.wav,00,1,-49.870819187942516,-92.21051130297364,1,True
OC-SVM (AE latent),anomaly/anomaly_id_04_00000094.wav,04,1,72.53880967347602,-92.21051130297364,1,True
OC-SVM (AE latent),anomaly/anomaly_id_02_00000058.wav,02,1,93.65405175159394,-92.21051130297364,1,True
OC-SVM (AE latent),anomaly/anomaly_id_06_00000019.wav,06,1,-184.63238991229792,-92.21051130297364,0,False
OC-SVM (AE latent),anomaly/anomaly_id_06_00000093.wav,06,1,-226.46501253847956,-92.21051130297364,0,False
OC-SVM (AE latent),anomaly/anomaly_id_00_00000030.wav,00,1,89.0514127566979,-92.21051130297364,1,True
OC-SVM (AE latent),anomaly/anomaly_id_00_00000007.wav,00,1,-109.59829111393478,-92.21051130297364,0,False
OC-SVM (AE latent),anomaly/anomaly_id_06_00000022.wav,06,1,-30.53980448412546,-92.21051130297364,1,True
OC-SVM (AE latent),anomaly/anomaly_id_06_00000091.wav,06,1,-173.83811525770065,-92.21051130297364,0,False
OC-SVM (AE latent),anomaly/anomaly_id_02_00000102.wav,02,1,-56.786706265273864,-92.21051130297364,1,True
OC-SVM (AE latent),anomaly/anomaly_id_00_00000025.wav,00,1,-156.473663208932,-92.21051130297364,0,False
OC-SVM (AE latent),anomaly/anomaly_id_00_00000092.wav,00,1,-329.7818709280482,-92.21051130297364,0,False
OC-SVM (AE latent),anomaly/anomaly_id_04_00000050.wav,04,1,120.90408582776682,-92.21051130297364,1,True
OC-SVM (AE latent),anomaly/anomaly_id_06_00000080.wav,06,1,-203.3881098431782,-92.21051130297364,0,False
OC-SVM (AE latent),anomaly/anomaly_id_06_00000087.wav,06,1,14.957733244760473,-92.21051130297364,1,True
OC-SVM (AE latent),anomaly/anomaly_id_06_00000094.wav,06,1,-134.99842718598248,-92.21051130297364,0,False
OC-SVM (AE latent),anomaly/anomaly_id_04_00000019.wav,04,1,92.4273164740369,-92.21051130297364,1,True
OC-SVM (AE latent),anomaly/anomaly_id_02_00000104.wav,02,1,106.75793323418485,-92.21051130297364,1,True
OC-SVM (AE latent),anomaly/anomaly_id_00_00000040.wav,00,1,50.89814230745747,-92.21051130297364,1,True
OC-SVM (AE latent),anomaly/anomaly_id_06_00000015.wav,06,1,15.160786932516547,-92.21051130297364,1,True
OC-SVM (AE latent),anomaly/anomaly_id_02_00000013.wav,02,1,-181.91048882374795,-92.21051130297364,0,False
OC-SVM (AE latent),anomaly/anomaly_id_06_00000075.wav,06,1,-194.51447616510333,-92.21051130297364,0,False
OC-SVM (AE latent),anomaly/anomaly_id_02_00000038.wav,02,1,-88.43008894262748,-92.21051130297364,1,True
OC-SVM (AE latent),anomaly/anomaly_id_04_00000074.wav,04,1,163.2747870356701,-92.21051130297364,1,True
OC-SVM (AE latent),anomaly/anomaly_id_00_00000104.wav,00,1,-74.89541798504996,-92.21051130297364,1,True
OC-SVM (AE latent),anomaly/anomaly_id_00_00000075.wav,00,1,-84.59050400625247,-92.21051130297364,1,True
OC-SVM (AE latent),anomaly/anomaly_id_04_00000069.wav,04,1,-113.46939185294224,-92.21051130297364,0,False
OC-SVM (AE latent),anomaly/anomaly_id_02_00000037.wav,02,1,-7.869901370842364,-92.21051130297364,1,True
OC-SVM (AE latent),anomaly/anomaly_id_04_00000028.wav,04,1,-132.2097985467238,-92.21051130297364,0,False
OC-SVM (AE latent),anomaly/anomaly_id_00_00000135.wav,00,1,-30.64467438734375,-92.21051130297364,1,True
OC-SVM (AE latent),anomaly/anomaly_id_02_00000022.wav,02,1,-171.13124776975772,-92.21051130297364,0,False
OC-SVM (AE latent),anomaly/anomaly_id_02_00000050.wav,02,1,95.65027321161493,-92.21051130297364,1,True
OC-SVM (AE latent),anomaly/anomaly_id_00_00000091.wav,00,1,-120.13991761688405,-92.21051130297364,0,False
OC-SVM (AE latent),anomaly/anomaly_id_04_00000017.wav,04,1,-148.32077632125498,-92.21051130297364,0,False
OC-SVM (AE latent),anomaly/anomaly_id_04_00000067.wav,04,1,32.55213837425211,-92.21051130297364,1,True
OC-SVM (AE latent),anomaly/anomaly_id_06_00000089.wav,06,1,-2.1148164016584396,-92.21051130297364,1,True
OC-SVM (AE latent),anomaly/anomaly_id_02_00000002.wav,02,1,-22.316068139393288,-92.21051130297364,1,True
OC-SVM (AE latent),anomaly/anomaly_id_06_00000064.wav,06,1,96.22468908250681,-92.21051130297364,1,True
OC-SVM (AE latent),anomaly/anomaly_id_02_00000074.wav,02,1,70.44428165306763,-92.21051130297364,1,True
OC-SVM (AE latent),anomaly/anomaly_id_06_00000011.wav,06,1,14.121248055600173,-92.21051130297364,1,True
OC-SVM (AE latent),anomaly/anomaly_id_02_00000006.wav,02,1,-90.44987967661255,-92.21051130297364,1,True
OC-SVM (AE latent),anomaly/anomaly_id_00_00000126.wav,00,1,-81.14556090628567,-92.21051130297364,1,True
OC-SVM (AE latent),anomaly/anomaly_id_06_00000045.wav,06,1,6.310714492826248,-92.21051130297364,1,True
OC-SVM (AE latent),anomaly/anomaly_id_00_00000070.wav,00,1,8.112459497011908,-92.21051130297364,1,True
OC-SVM (AE latent),anomaly/anomaly_id_04_00000089.wav,04,1,-188.19586845678677,-92.21051130297364,0,False
OC-SVM (AE latent),anomaly/anomaly_id_02_00000029.wav,02,1,-288.0473631328822,-92.21051130297364,0,False
OC-SVM (AE latent),anomaly/anomaly_id_06_00000002.wav,06,1,3.5054040580566896,-92.21051130297364,1,True
OC-SVM (AE latent),anomaly/anomaly_id_02_00000107.wav,02,1,86.44755614199903,-92.21051130297364,1,True
OC-SVM (AE latent),anomaly/anomaly_id_00_00000054.wav,00,1,36.6465984186527,-92.21051130297364,1,True
OC-SVM (AE latent),anomaly/anomaly_id_02_00000026.wav,02,1,122.10931723678267,-92.21051130297364,1,True
OC-SVM (AE latent),anomaly/anomaly_id_04_00000027.wav,04,1,-39.14715387402505,-92.21051130297364,1,True
OC-SVM (AE latent),anomaly/anomaly_id_02_00000072.wav,02,1,-261.2521979462474,-92.21051130297364,0,False
OC-SVM (AE latent),anomaly/anomaly_id_06_00000053.wav,06,1,-49.26399638223388,-92.21051130297364,1,True
OC-SVM (AE latent),anomaly/anomaly_id_06_00000059.wav,06,1,84.78108441117811,-92.21051130297364,1,True
OC-SVM (AE latent),anomaly/anomaly_id_02_00000015.wav,02,1,-239.58708925987898,-92.21051130297364,0,False
OC-SVM (AE latent),anomaly/anomaly_id_06_00000101.wav,06,1,85.13112381814602,-92.21051130297364,1,True
OC-SVM (AE latent),anomaly/anomaly_id_00_00000095.wav,00,1,-109.11967818715863,-92.21051130297364,0,False
OC-SVM (AE latent),anomaly/anomaly_id_06_00000081.wav,06,1,-170.54101899753567,-92.21051130297364,0,False
OC-SVM (AE latent),anomaly/anomaly_id_04_00000051.wav,04,1,77.84089961930687,-92.21051130297364,1,True
OC-SVM (AE latent),anomaly/anomaly_id_02_00000043.wav,02,1,-64.130978168659,-92.21051130297364,1,True
OC-SVM (AE latent),anomaly/anomaly_id_04_00000009.wav,04,1,-153.53766611668982,-92.21051130297364,0,False
OC-SVM (AE latent),anomaly/anomaly_id_04_00000003.wav,04,1,41.31477759570659,-92.21051130297364,1,True
OC-SVM (AE latent),anomaly/anomaly_id_04_00000061.wav,04,1,125.36319402780151,-92.21051130297364,1,True
OC-SVM (AE latent),anomaly/anomaly_id_04_00000052.wav,04,1,-110.5695862886485,-92.21051130297364,0,False
OC-SVM (AE latent),anomaly/anomaly_id_06_00000052.wav,06,1,82.26479239315796,-92.21051130297364,1,True
OC-SVM (AE latent),anomaly/anomaly_id_00_00000088.wav,00,1,53.19738830657488,-92.21051130297364,1,True
OC-SVM (AE latent),anomaly/anomaly_id_04_00000090.wav,04,1,-7.466080274569277,-92.21051130297364,1,True
OC-SVM (AE latent),anomaly/anomaly_id_06_00000069.wav,06,1,-60.127648564369956,-92.21051130297364,1,True
OC-SVM (AE latent),anomaly/anomaly_id_02_00000105.wav,02,1,-118.83862579778682,-92.21051130297364,0,False
OC-SVM (AE latent),anomaly/anomaly_id_02_00000071.wav,02,1,0.2357596533093474,-92.21051130297364,1,True
OC-SVM (AE latent),anomaly/anomaly_id_00_00000037.wav,00,1,55.65192908599935,-92.21051130297364,1,True
OC-SVM (AE latent),anomaly/anomaly_id_06_00000001.wav,06,1,-144.9621465377894,-92.21051130297364,0,False
OC-SVM (AE latent),anomaly/anomaly_id_04_00000016.wav,04,1,-194.76034576940935,-92.21051130297364,0,False
OC-SVM (AE latent),anomaly/anomaly_id_06_00000076.wav,06,1,-11.14740225224209,-92.21051130297364,1,True
OC-SVM (AE latent),anomaly/anomaly_id_04_00000022.wav,04,1,65.27204606849406,-92.21051130297364,1,True
OC-SVM (AE latent),anomaly/anomaly_id_02_00000018.wav,02,1,-251.52512147608266,-92.21051130297364,0,False
OC-SVM (AE latent),anomaly/anomaly_id_02_00000073.wav,02,1,-194.3942063541188,-92.21051130297364,0,False
OC-SVM (AE latent),anomaly/anomaly_id_02_00000064.wav,02,1,-92.18590064882432,-92.21051130297364,1,True
OC-SVM (AE latent),anomaly/anomaly_id_06_00000090.wav,06,1,-16.497926744265808,-92.21051130297364,1,True
OC-SVM (AE latent),anomaly/anomaly_id_02_00000030.wav,02,1,121.37460578251734,-92.21051130297364,1,True
OC-SVM (AE latent),anomaly/anomaly_id_00_00000112.wav,00,1,-103.99889400023244,-92.21051130297364,0,False
OC-SVM (AE latent),anomaly/anomaly_id_00_00000018.wav,00,1,-111.24109707979441,-92.21051130297364,0,False
OC-SVM (AE latent),anomaly/anomaly_id_02_00000010.wav,02,1,94.18180230589248,-92.21051130297364,1,True
OC-SVM (AE latent),anomaly/anomaly_id_00_00000011.wav,00,1,-106.89273871784549,-92.21051130297364,0,False
OC-SVM (AE latent),anomaly/anomaly_id_06_00000030.wav,06,1,78.43026530665108,-92.21051130297364,1,True
OC-SVM (AE latent),anomaly/anomaly_id_02_00000062.wav,02,1,151.97748828509944,-92.21051130297364,1,True
OC-SVM (AE latent),anomaly/anomaly_id_04_00000081.wav,04,1,-167.44039022545087,-92.21051130297364,0,False
OC-SVM (AE latent),anomaly/anomaly_id_06_00000040.wav,06,1,66.05992895474347,-92.21051130297364,1,True
OC-SVM (AE latent),anomaly/anomaly_id_00_00000066.wav,00,1,-44.480167991864846,-92.21051130297364,1,True
OC-SVM (AE latent),anomaly/anomaly_id_00_00000009.wav,00,1,0.26135105478920195,-92.21051130297364,1,True
OC-SVM (AE latent),anomaly/anomaly_id_06_00000009.wav,06,1,-170.14030769687005,-92.21051130297364,0,False
OC-SVM (AE latent),anomaly/anomaly_id_00_00000059.wav,00,1,113.88681503779941,-92.21051130297364,1,True
OC-SVM (AE latent),anomaly/anomaly_id_06_00000032.wav,06,1,22.47553655761946,-92.21051130297364,1,True
OC-SVM (AE latent),anomaly/anomaly_id_06_00000038.wav,06,1,8.077381586509539,-92.21051130297364,1,True
OC-SVM (AE latent),anomaly/anomaly_id_00_00000004.wav,00,1,-149.4598598568306,-92.21051130297364,0,False
OC-SVM (AE latent),anomaly/anomaly_id_00_00000094.wav,00,1,-133.17894989047062,-92.21051130297364,0,False
OC-SVM (AE latent),anomaly/anomaly_id_00_00000048.wav,00,1,33.36602960558232,-92.21051130297364,1,True
OC-SVM (AE latent),anomaly/anomaly_id_00_00000093.wav,00,1,-57.74690791888318,-92.21051130297364,1,True
OC-SVM (AE latent),anomaly/anomaly_id_02_00000108.wav,02,1,-196.56728554697403,-92.21051130297364,0,False
OC-SVM (AE latent),anomaly/anomaly_id_06_00000056.wav,06,1,15.896996247171082,-92.21051130297364,1,True
OC-SVM (AE latent),anomaly/anomaly_id_00_00000032.wav,00,1,70.15662113362478,-92.21051130297364,1,True
OC-SVM (AE latent),anomaly/anomaly_id_02_00000012.wav,02,1,122.26387140961177,-92.21051130297364,1,True
OC-SVM (AE latent),anomaly/anomaly_id_00_00000128.wav,00,1,-138.69548691460497,-92.21051130297364,0,False
OC-SVM (AE latent),anomaly/anomaly_id_00_00000121.wav,00,1,-134.78605267303394,-92.21051130297364,0,False
OC-SVM (AE latent),anomaly/anomaly_id_02_00000084.wav,02,1,-267.7992507871795,-92.21051130297364,0,False
OC-SVM (AE latent),anomaly/anomaly_id_00_00000130.wav,00,1,-129.8055710364521,-92.21051130297364,0,False
OC-SVM (AE latent),anomaly/anomaly_id_00_00000081.wav,00,1,-156.20357282479148,-92.21051130297364,0,False
OC-SVM (AE latent),anomaly/anomaly_id_04_00000054.wav,04,1,21.38564759903991,-92.21051130297364,1,True
OC-SVM (AE latent),anomaly/anomaly_id_04_00000057.wav,04,1,-158.64262265288994,-92.21051130297364,0,False
OC-SVM (AE latent),anomaly/anomaly_id_00_00000052.wav,00,1,22.38799526948103,-92.21051130297364,1,True
OC-SVM (AE latent),anomaly/anomaly_id_06_00000025.wav,06,1,-161.5578876634769,-92.21051130297364,0,False
OC-SVM (AE latent),anomaly/anomaly_id_00_00000028.wav,00,1,-117.08478231224939,-92.21051130297364,0,False
OC-SVM (AE latent),anomaly/anomaly_id_06_00000050.wav,06,1,63.41746458867341,-92.21051130297364,1,True
OC-SVM (AE latent),anomaly/anomaly_id_02_00000066.wav,02,1,-294.51977796791726,-92.21051130297364,0,False
OC-SVM (AE latent),anomaly/anomaly_id_00_00000106.wav,00,1,-138.31844327319573,-92.21051130297364,0,False
OC-SVM (AE latent),anomaly/anomaly_id_06_00000035.wav,06,1,-182.30184185208225,-92.21051130297364,0,False
OC-SVM (AE latent),anomaly/anomaly_id_06_00000100.wav,06,1,65.82312204212212,-92.21051130297364,1,True
OC-SVM (AE latent),anomaly/anomaly_id_00_00000021.wav,00,1,48.26648031487634,-92.21051130297364,1,True
OC-SVM (AE latent),anomaly/anomaly_id_02_00000075.wav,02,1,-113.85076818488999,-92.21051130297364,0,False
OC-SVM (AE latent),anomaly/anomaly_id_06_00000048.wav,06,1,-247.34703080992162,-92.21051130297364,0,False
OC-SVM (AE latent),anomaly/anomaly_id_04_00000012.wav,04,1,96.33087967719453,-92.21051130297364,1,True
OC-SVM (AE latent),anomaly/anomaly_id_06_00000065.wav,06,1,33.22912671258613,-92.21051130297364,1,True
OC-SVM (AE latent),anomaly/anomaly_id_04_00000077.wav,04,1,-27.038502736742345,-92.21051130297364,1,True
OC-SVM (AE latent),anomaly/anomaly_id_00_00000039.wav,00,1,-54.205913362013604,-92.21051130297364,1,True
OC-SVM (AE latent),anomaly/anomaly_id_02_00000045.wav,02,1,-13.762294245544894,-92.21051130297364,1,True
OC-SVM (AE latent),anomaly/anomaly_id_00_00000013.wav,00,1,24.502349051050352,-92.21051130297364,1,True
OC-SVM (AE latent),anomaly/anomaly_id_02_00000046.wav,02,1,50.90243838832425,-92.21051130297364,1,True
OC-SVM (AE latent),anomaly/anomaly_id_04_00000091.wav,04,1,85.44386575568898,-92.21051130297364,1,True
OC-SVM (AE latent),anomaly/anomaly_id_06_00000003.wav,06,1,-30.522010503353904,-92.21051130297364,1,True
OC-SVM (AE latent),anomaly/anomaly_id_02_00000077.wav,02,1,-2.3105996753331004,-92.21051130297364,1,True
OC-SVM (AE latent),anomaly/anomaly_id_00_00000005.wav,00,1,18.631995481360534,-92.21051130297364,1,True
OC-SVM (AE latent),anomaly/anomaly_id_00_00000085.wav,00,1,-68.71106384408704,-92.21051130297364,1,True
OC-SVM (AE latent),anomaly/anomaly_id_06_00000085.wav,06,1,-25.15968825751529,-92.21051130297364,1,True
OC-SVM (AE latent),anomaly/anomaly_id_06_00000007.wav,06,1,31.618801603255562,-92.21051130297364,1,True
OC-SVM (AE latent),anomaly/anomaly_id_04_00000078.wav,04,1,38.35637484269065,-92.21051130297364,1,True
OC-SVM (AE latent),anomaly/anomaly_id_04_00000024.wav,04,1,41.426323762823735,-92.21051130297364,1,True
OC-SVM (AE latent),anomaly/anomaly_id_00_00000078.wav,00,1,-41.33354652670956,-92.21051130297364,1,True
OC-SVM (AE latent),anomaly/anomaly_id_06_00000068.wav,06,1,-96.96914455366543,-92.21051130297364,0,False
OC-SVM (AE latent),anomaly/anomaly_id_00_00000114.wav,00,1,-15.58078523524757,-92.21051130297364,1,True
OC-SVM (AE latent),anomaly/anomaly_id_02_00000027.wav,02,1,-66.97718483368935,-92.21051130297364,1,True
OC-SVM (AE latent),anomaly/anomaly_id_04_00000085.wav,04,1,-17.22371209299636,-92.21051130297364,1,True
OC-SVM (AE latent),anomaly/anomaly_id_00_00000123.wav,00,1,35.46309995168592,-92.21051130297364,1,True
OC-SVM (AE latent),anomaly/anomaly_id_04_00000047.wav,04,1,-78.2273413985919,-92.21051130297364,1,True
OC-SVM (AE latent),anomaly/anomaly_id_00_00000103.wav,00,1,121.56649708183015,-92.21051130297364,1,True
OC-SVM (AE latent),anomaly/anomaly_id_00_00000090.wav,00,1,45.69327880477282,-92.21051130297364,1,True
OC-SVM (AE latent),anomaly/anomaly_id_02_00000056.wav,02,1,96.82768804524157,-92.21051130297364,1,True
OC-SVM (AE latent),anomaly/anomaly_id_04_00000020.wav,04,1,-180.84394709217005,-92.21051130297364,0,False
OC-SVM (AE latent),anomaly/anomaly_id_06_00000031.wav,06,1,18.858970476203154,-92.21051130297364,1,True
OC-SVM (AE latent),anomaly/anomaly_id_02_00000063.wav,02,1,111.8293277932318,-92.21051130297364,1,True
OC-SVM (AE latent),anomaly/anomaly_id_00_00000087.wav,00,1,23.688600198965073,-92.21051130297364,1,True
OC-SVM (AE latent),anomaly/anomaly_id_02_00000078.wav,02,1,124.14849116901051,-92.21051130297364,1,True
OC-SVM (AE latent),anomaly/anomaly_id_00_00000142.wav,00,1,-53.34535880732189,-92.21051130297364,1,True
OC-SVM (AE latent),anomaly/anomaly_id_00_00000111.wav,00,1,-143.09833945677542,-92.21051130297364,0,False
OC-SVM (AE latent),anomaly/anomaly_id_04_00000075.wav,04,1,-111.60732259985582,-92.21051130297364,0,False
OC-SVM (AE latent),anomaly/anomaly_id_06_00000017.wav,06,1,-117.13269303752197,-92.21051130297364,0,False
OC-SVM (AE latent),anomaly/anomaly_id_04_00000023.wav,04,1,-21.65615799901319,-92.21051130297364,1,True
OC-SVM (AE latent),anomaly/anomaly_id_04_00000095.wav,04,1,161.9416049295777,-92.21051130297364,1,True
OC-SVM (AE latent),anomaly/anomaly_id_06_00000063.wav,06,1,26.54589058342317,-92.21051130297364,1,True
OC-SVM (AE latent),anomaly/anomaly_id_02_00000044.wav,02,1,1.6772068103349196,-92.21051130297364,1,True
OC-SVM (AE latent),anomaly/anomaly_id_00_00000065.wav,00,1,79.11736058754802,-92.21051130297364,1,True
OC-SVM (AE latent),anomaly/anomaly_id_06_00000078.wav,06,1,-163.21248563371628,-92.21051130297364,0,False
OC-SVM (AE latent),anomaly/anomaly_id_00_00000099.wav,00,1,-103.04102203492995,-92.21051130297364,0,False
OC-SVM (AE latent),anomaly/anomaly_id_00_00000071.wav,00,1,-35.54243918129983,-92.21051130297364,1,True
OC-SVM (AE latent),anomaly/anomaly_id_06_00000058.wav,06,1,19.894395708936504,-92.21051130297364,1,True
OC-SVM (AE latent),anomaly/anomaly_id_00_00000069.wav,00,1,34.274350705458836,-92.21051130297364,1,True
OC-SVM (AE latent),anomaly/anomaly_id_06_00000021.wav,06,1,83.6378215209077,-92.21051130297364,1,True
OC-SVM (AE latent),anomaly/anomaly_id_00_00000125.wav,00,1,24.045815666426332,-92.21051130297364,1,True
OC-SVM (AE latent),anomaly/anomaly_id_02_00000034.wav,02,1,-165.88113052446403,-92.21051130297364,0,False
OC-SVM (AE latent),anomaly/anomaly_id_02_00000081.wav,02,1,-205.3354145982593,-92.21051130297364,0,False
OC-SVM (AE latent),anomaly/anomaly_id_06_00000086.wav,06,1,-222.323415613508,-92.21051130297364,0,False
OC-SVM (AE latent),anomaly/anomaly_id_00_00000117.wav,00,1,-332.0066477031461,-92.21051130297364,0,False
OC-SVM (AE latent),anomaly/anomaly_id_00_00000074.wav,00,1,-136.4844693170816,-92.21051130297364,0,False
OC-SVM (AE latent),anomaly/anomaly_id_06_00000018.wav,06,1,-83.71295975246018,-92.21051130297364,1,True
OC-SVM (AE latent),anomaly/anomaly_id_00_00000010.wav,00,1,28.81211933002193,-92.21051130297364,1,True
OC-SVM (AE latent),anomaly/anomaly_id_00_00000116.wav,00,1,-81.68908708925477,-92.21051130297364,1,True
OC-SVM (AE latent),anomaly/anomaly_id_06_00000039.wav,06,1,58.19333473414193,-92.21051130297364,1,True
OC-SVM (AE latent),anomaly/anomaly_id_02_00000014.wav,02,1,-195.6861313157828,-92.21051130297364,0,False
OC-SVM (AE latent),anomaly/anomaly_id_00_00000063.wav,00,1,-24.752977283694232,-92.21051130297364,1,True
OC-SVM (AE latent),anomaly/anomaly_id_02_00000080.wav,02,1,2.653792551433491,-92.21051130297364,1,True
OC-SVM (AE latent),anomaly/anomaly_id_00_00000001.wav,00,1,-121.66680168931723,-92.21051130297364,0,False
OC-SVM (AE latent),anomaly/anomaly_id_00_00000042.wav,00,1,-90.68093958314863,-92.21051130297364,1,True
OC-SVM (AE latent),anomaly/anomaly_id_00_00000122.wav,00,1,-93.50423068465636,-92.21051130297364,0,False
OC-SVM (AE latent),anomaly/anomaly_id_00_00000017.wav,00,1,177.72154314294673,-92.21051130297364,1,True
OC-SVM (AE latent),anomaly/anomaly_id_02_00000024.wav,02,1,24.895311165457926,-92.21051130297364,1,True
OC-SVM (AE latent),anomaly/anomaly_id_04_00000043.wav,04,1,29.376142295495267,-92.21051130297364,1,True
OC-SVM (AE latent),anomaly/anomaly_id_04_00000055.wav,04,1,73.19714921136604,-92.21051130297364,1,True
OC-SVM (AE latent),anomaly/anomaly_id_00_00000076.wav,00,1,-5.536218472952533,-92.21051130297364,1,True
OC-SVM (AE latent),anomaly/anomaly_id_04_00000059.wav,04,1,-88.78150700256127,-92.21051130297364,1,True
OC-SVM (AE latent),anomaly/anomaly_id_04_00000042.wav,04,1,81.38440823326123,-92.21051130297364,1,True
OC-SVM (AE latent),anomaly/anomaly_id_02_00000065.wav,02,1,82.1582972369196,-92.21051130297364,1,True
OC-SVM (AE latent),anomaly/anomaly_id_04_00000071.wav,04,1,-152.01344856943444,-92.21051130297364,0,False
OC-SVM (AE latent),anomaly/anomaly_id_00_00000031.wav,00,1,-4.829117382299675,-92.21051130297364,1,True
OC-SVM (AE latent),anomaly/anomaly_id_00_00000129.wav,00,1,-4.806712187774211,-92.21051130297364,1,True
OC-SVM (AE latent),anomaly/anomaly_id_06_00000049.wav,06,1,80.74468396831054,-92.21051130297364,1,True
OC-SVM (AE latent),anomaly/anomaly_id_00_00000105.wav,00,1,-46.15660423235727,-92.21051130297364,1,True
OC-SVM (AE latent),anomaly/anomaly_id_04_00000036.wav,04,1,30.33278468953623,-92.21051130297364,1,True
OC-SVM (AE latent),anomaly/anomaly_id_04_00000013.wav,04,1,21.630178422564143,-92.21051130297364,1,True
OC-SVM (AE latent),anomaly/anomaly_id_06_00000044.wav,06,1,-196.15230406503576,-92.21051130297364,0,False
OC-SVM (AE latent),anomaly/anomaly_id_02_00000069.wav,02,1,-182.0005083614516,-92.21051130297364,0,False
OC-SVM (AE latent),anomaly/anomaly_id_00_00000043.wav,00,1,-131.83964856395772,-92.21051130297364,0,False
OC-SVM (AE latent),anomaly/anomaly_id_06_00000072.wav,06,1,-6.14932689877261,-92.21051130297364,1,True
OC-SVM (AE latent),anomaly/anomaly_id_02_00000017.wav,02,1,-275.2202729402275,-92.21051130297364,0,False
OC-SVM (AE latent),anomaly/anomaly_id_04_00000063.wav,04,1,71.01991907493425,-92.21051130297364,1,True
OC-SVM (AE latent),anomaly/anomaly_id_00_00000057.wav,00,1,86.8948186474552,-92.21051130297364,1,True
OC-SVM (AE latent),anomaly/anomaly_id_04_00000025.wav,04,1,12.305749111927652,-92.21051130297364,1,True
OC-SVM (AE latent),anomaly/anomaly_id_00_00000023.wav,00,1,-72.18315379805826,-92.21051130297364,1,True
OC-SVM (AE latent),anomaly/anomaly_id_04_00000018.wav,04,1,16.16060494623533,-92.21051130297364,1,True
OC-SVM (AE latent),anomaly/anomaly_id_00_00000015.wav,00,1,-2.199894414628722,-92.21051130297364,1,True
OC-SVM (AE latent),anomaly/anomaly_id_04_00000062.wav,04,1,-71.67136231161837,-92.21051130297364,1,True
OC-SVM (AE latent),anomaly/anomaly_id_00_00000109.wav,00,1,-152.76984121009804,-92.21051130297364,0,False
OC-SVM (AE latent),anomaly/anomaly_id_00_00000137.wav,00,1,66.19043474007493,-92.21051130297364,1,True
OC-SVM (AE latent),anomaly/anomaly_id_02_00000047.wav,02,1,-205.03983610997753,-92.21051130297364,0,False
OC-SVM (AE latent),anomaly/anomaly_id_04_00000033.wav,04,1,-8.515312292492919,-92.21051130297364,1,True
OC-SVM (AE latent),anomaly/anomaly_id_00_00000016.wav,00,1,-39.30440617367549,-92.21051130297364,1,True
OC-SVM (AE latent),anomaly/anomaly_id_04_00000046.wav,04,1,-122.93998879536667,-92.21051130297364,0,False
OC-SVM (AE latent),anomaly/anomaly_id_02_00000097.wav,02,1,108.80644849143268,-92.21051130297364,1,True
OC-SVM (AE latent),anomaly/anomaly_id_00_00000110.wav,00,1,-5.2646462791004245,-92.21051130297364,1,True
OC-SVM (AE latent),anomaly/anomaly_id_02_00000052.wav,02,1,-63.42300647394292,-92.21051130297364,1,True
OC-SVM (AE latent),anomaly/anomaly_id_00_00000034.wav,00,1,-3.771259340103446,-92.21051130297364,1,True
OC-SVM (AE latent),anomaly/anomaly_id_04_00000032.wav,04,1,-73.77065740830669,-92.21051130297364,1,True
OC-SVM (AE latent),anomaly/anomaly_id_04_00000060.wav,04,1,-15.159862940141526,-92.21051130297364,1,True
OC-SVM (AE latent),anomaly/anomaly_id_00_00000035.wav,00,1,61.22787606457124,-92.21051130297364,1,True
OC-SVM (AE latent),anomaly/anomaly_id_04_00000079.wav,04,1,24.71715522692546,-92.21051130297364,1,True
OC-SVM (AE latent),anomaly/anomaly_id_02_00000039.wav,02,1,-202.53097195567182,-92.21051130297364,0,False
OC-SVM (AE latent),anomaly/anomaly_id_00_00000049.wav,00,1,-113.9587087924304,-92.21051130297364,0,False
OC-SVM (AE latent),anomaly/anomaly_id_00_00000006.wav,00,1,78.83879561989596,-92.21051130297364,1,True
OC-SVM (AE latent),anomaly/anomaly_id_00_00000102.wav,00,1,70.79555259316868,-92.21051130297364,1,True
OC-SVM (AE latent),anomaly/anomaly_id_02_00000032.wav,02,1,26.623269761745277,-92.21051130297364,1,True
OC-SVM (AE latent),anomaly/anomaly_id_00_00000139.wav,00,1,10.479446185573595,-92.21051130297364,1,True
OC-SVM (AE latent),anomaly/anomaly_id_06_00000084.wav,06,1,-224.62042623362495,-92.21051130297364,0,False
OC-SVM (AE latent),anomaly/anomaly_id_00_00000041.wav,00,1,33.15265280754401,-92.21051130297364,1,True
OC-SVM (AE latent),anomaly/anomaly_id_06_00000012.wav,06,1,54.615993144374606,-92.21051130297364,1,True
OC-SVM (AE latent),anomaly/anomaly_id_00_00000022.wav,00,1,-107.21283752269981,-92.21051130297364,0,False
OC-SVM (AE latent),anomaly/anomaly_id_04_00000021.wav,04,1,-220.19457865263897,-92.21051130297364,0,False
OC-SVM (AE latent),anomaly/anomaly_id_02_00000020.wav,02,1,51.20148944048507,-92.21051130297364,1,True
OC-SVM (AE latent),anomaly/anomaly_id_04_00000066.wav,04,1,-244.79138140512566,-92.21051130297364,0,False
OC-SVM (AE latent),anomaly/anomaly_id_04_00000049.wav,04,1,90.5067265802266,-92.21051130297364,1,True
OC-SVM (AE latent),anomaly/anomaly_id_00_00000113.wav,00,1,-57.120131778746355,-92.21051130297364,1,True
OC-SVM (AE latent),anomaly/anomaly_id_02_00000094.wav,02,1,19.37537415644193,-92.21051130297364,1,True
OC-SVM (AE latent),anomaly/anomaly_id_06_00000042.wav,06,1,-135.8265213471261,-92.21051130297364,0,False
OC-SVM (AE latent),anomaly/anomaly_id_06_00000083.wav,06,1,-44.04005469666907,-92.21051130297364,1,True
OC-SVM (AE latent),anomaly/anomaly_id_00_00000014.wav,00,1,16.37170161372209,-92.21051130297364,1,True
OC-SVM (AE latent),anomaly/anomaly_id_00_00000141.wav,00,1,-126.52393312575424,-92.21051130297364,0,False
OC-SVM (AE latent),anomaly/anomaly_id_02_00000051.wav,02,1,7.9341207594118925,-92.21051130297364,1,True
OC-SVM (AE latent),anomaly/anomaly_id_00_00000036.wav,00,1,-73.07547349885189,-92.21051130297364,1,True
OC-SVM (AE latent),anomaly/anomaly_id_00_00000097.wav,00,1,-119.31215470158571,-92.21051130297364,0,False
OC-SVM (AE latent),anomaly/anomaly_id_06_00000095.wav,06,1,93.87914723847194,-92.21051130297364,1,True
OC-SVM (AE latent),anomaly/anomaly_id_00_00000136.wav,00,1,-285.6223930593795,-92.21051130297364,0,False
SVM-sup (AE latent),test-normal/normal_id_06_00000054.wav,06,0,0.33724897014786404,0.8041817491661383,0,True
SVM-sup (AE latent),test-normal/normal_id_06_00000060.wav,06,0,0.0003671095684890292,0.8041817491661383,0,True
SVM-sup (AE latent),test-normal/normal_id_02_00000058.wav,02,0,0.11196447697460249,0.8041817491661383,0,True
SVM-sup (AE latent),test-normal/normal_id_04_00000039.wav,04,0,0.010444336010901542,0.8041817491661383,0,True
SVM-sup (AE latent),test-normal/normal_id_06_00000047.wav,06,0,0.002112909867339369,0.8041817491661383,0,True
SVM-sup (AE latent),test-normal/normal_id_00_00000095.wav,00,0,0.39094996065131554,0.8041817491661383,0,True
SVM-sup (AE latent),test-normal/normal_id_04_00000092.wav,04,0,0.12130856124889108,0.8041817491661383,0,True
SVM-sup (AE latent),test-normal/normal_id_00_00000092.wav,00,0,0.6826084042090547,0.8041817491661383,0,True
SVM-sup (AE latent),test-normal/normal_id_06_00000082.wav,06,0,0.0004240357312342829,0.8041817491661383,0,True
SVM-sup (AE latent),test-normal/normal_id_04_00000094.wav,04,0,5.107211366241739e-05,0.8041817491661383,0,True
SVM-sup (AE latent),test-normal/normal_id_04_00000063.wav,04,0,0.13922085347723134,0.8041817491661383,0,True
SVM-sup (AE latent),test-normal/normal_id_02_00000086.wav,02,0,0.0006051478306824803,0.8041817491661383,0,True
SVM-sup (AE latent),test-normal/normal_id_00_00000007.wav,00,0,0.07780712730195767,0.8041817491661383,0,True
SVM-sup (AE latent),test-normal/normal_id_04_00000076.wav,04,0,0.012968785427065956,0.8041817491661383,0,True
SVM-sup (AE latent),test-normal/normal_id_06_00000035.wav,06,0,0.0002587567353576256,0.8041817491661383,0,True
SVM-sup (AE latent),test-normal/normal_id_04_00000084.wav,04,0,1.3231462522026202e-05,0.8041817491661383,0,True
SVM-sup (AE latent),test-normal/normal_id_00_00000060.wav,00,0,0.019053967491282416,0.8041817491661383,0,True
SVM-sup (AE latent),test-normal/normal_id_06_00000053.wav,06,0,0.026173595195546198,0.8041817491661383,0,True
SVM-sup (AE latent),test-normal/normal_id_04_00000033.wav,04,0,0.00019099349401777664,0.8041817491661383,0,True
SVM-sup (AE latent),test-normal/normal_id_00_00000088.wav,00,0,0.01821457661903859,0.8041817491661383,0,True
SVM-sup (AE latent),test-normal/normal_id_06_00000040.wav,06,0,0.004046791098568664,0.8041817491661383,0,True
SVM-sup (AE latent),test-normal/normal_id_04_00000055.wav,04,0,0.006160020025817795,0.8041817491661383,0,True
SVM-sup (AE latent),test-normal/normal_id_06_00000043.wav,06,0,0.016193942149110005,0.8041817491661383,0,True
SVM-sup (AE latent),test-normal/normal_id_02_00000020.wav,02,0,0.005429273682574884,0.8041817491661383,0,True
SVM-sup (AE latent),test-normal/normal_id_06_00000061.wav,06,0,0.008881212332889757,0.8041817491661383,0,True
SVM-sup (AE latent),test-normal/normal_id_04_00000014.wav,04,0,2.0560326800052974e-05,0.8041817491661383,0,True
SVM-sup (AE latent),test-normal/normal_id_00_00000037.wav,00,0,0.004114606868568358,0.8041817491661383,0,True
SVM-sup (AE latent),test-normal/normal_id_04_00000028.wav,04,0,0.0012100492440572993,0.8041817491661383,0,True
SVM-sup (AE latent),test-normal/normal_id_02_00000062.wav,02,0,0.6776139945588121,0.8041817491661383,0,True
SVM-sup (AE latent),test-normal/normal_id_06_00000006.wav,06,0,0.021785687903545757,0.8041817491661383,0,True
SVM-sup (AE latent),test-normal/normal_id_04_00000080.wav,04,0,0.031612469514902604,0.8041817491661383,0,True
SVM-sup (AE latent),test-normal/normal_id_04_00000089.wav,04,0,0.00040447148553329255,0.8041817491661383,0,True
SVM-sup (AE latent),test-normal/normal_id_04_00000082.wav,04,0,0.0006924495557431753,0.8041817491661383,0,True
SVM-sup (AE latent),test-normal/normal_id_00_00000020.wav,00,0,0.07744074765178549,0.8041817491661383,0,True
SVM-sup (AE latent),test-normal/normal_id_02_00000059.wav,02,0,0.6677691643886038,0.8041817491661383,0,True
SVM-sup (AE latent),test-normal/normal_id_04_00000054.wav,04,0,0.0009866105405264705,0.8041817491661383,0,True
SVM-sup (AE latent),test-normal/normal_id_02_00000051.wav,02,0,0.0020103960937832292,0.8041817491661383,0,True
SVM-sup (AE latent),test-normal/normal_id_04_00000036.wav,04,0,0.0019549417557659368,0.8041817491661383,0,True
SVM-sup (AE latent),test-normal/normal_id_02_00000061.wav,02,0,0.19340083717451798,0.8041817491661383,0,True
SVM-sup (AE latent),test-normal/normal_id_06_00000099.wav,06,0,0.015991389874592914,0.8041817491661383,0,True
SVM-sup (AE latent),test-normal/normal_id_04_00000016.wav,04,0,0.03561271343365575,0.8041817491661383,0,True
SVM-sup (AE latent),test-normal/normal_id_04_00000007.wav,04,0,0.001323912001366139,0.8041817491661383,0,True
SVM-sup (AE latent),test-normal/normal_id_04_00000061.wav,04,0,7.450975568138713e-06,0.8041817491661383,0,True
SVM-sup (AE latent),test-normal/normal_id_02_00000073.wav,02,0,0.0012847079519654513,0.8041817491661383,0,True
SVM-sup (AE latent),test-normal/normal_id_02_00000012.wav,02,0,0.00596496320053574,0.8041817491661383,0,True
SVM-sup (AE latent),test-normal/normal_id_00_00000018.wav,00,0,0.0204572078874588,0.8041817491661383,0,True
SVM-sup (AE latent),test-normal/normal_id_02_00000053.wav,02,0,0.9939089434514218,0.8041817491661383,1,False
SVM-sup (AE latent),test-normal/normal_id_00_00000011.wav,00,0,0.37912268645424957,0.8041817491661383,0,True
SVM-sup (AE latent),test-normal/normal_id_06_00000032.wav,06,0,0.0006838179634141422,0.8041817491661383,0,True
SVM-sup (AE latent),test-normal/normal_id_06_00000023.wav,06,0,0.00026746945368340204,0.8041817491661383,0,True
SVM-sup (AE latent),test-normal/normal_id_04_00000005.wav,04,0,0.06531706607162133,0.8041817491661383,0,True
SVM-sup (AE latent),test-normal/normal_id_00_00000079.wav,00,0,0.12404512857202116,0.8041817491661383,0,True
SVM-sup (AE latent),test-normal/normal_id_04_00000002.wav,04,0,0.011292256238568355,0.8041817491661383,0,True
SVM-sup (AE latent),test-normal/normal_id_04_00000059.wav,04,0,0.3706048730874167,0.8041817491661383,0,True
SVM-sup (AE latent),test-normal/normal_id_04_00000035.wav,04,0,0.009399994578515524,0.8041817491661383,0,True
SVM-sup (AE latent),test-normal/normal_id_06_00000042.wav,06,0,0.0069666312600360535,0.8041817491661383,0,True
SVM-sup (AE latent),test-normal/normal_id_00_00000066.wav,00,0,0.06205254717053869,0.8041817491661383,0,True
SVM-sup (AE latent),test-normal/normal_id_00_00000009.wav,00,0,0.021250570081918798,0.8041817491661383,0,True
SVM-sup (AE latent),test-normal/normal_id_00_00000059.wav,00,0,0.00011112625321126528,0.8041817491661383,0,True
SVM-sup (AE latent),test-normal/normal_id_06_00000034.wav,06,0,0.0008779826105819825,0.8041817491661383,0,True
SVM-sup (AE latent),test-normal/normal_id_00_00000004.wav,00,0,0.0013911444775369763,0.8041817491661383,0,True
SVM-sup (AE latent),test-normal/normal_id_00_00000094.wav,00,0,0.0010039823273845926,0.8041817491661383,0,True
SVM-sup (AE latent),test-normal/normal_id_00_00000048.wav,00,0,0.3332974613629933,0.8041817491661383,0,True
SVM-sup (AE latent),test-normal/normal_id_00_00000093.wav,00,0,0.12552360173597604,0.8041817491661383,0,True
SVM-sup (AE latent),test-normal/normal_id_04_00000051.wav,04,0,0.001537979127780388,0.8041817491661383,0,True
SVM-sup (AE latent),test-normal/normal_id_04_00000073.wav,04,0,0.002203953232662271,0.8041817491661383,0,True
SVM-sup (AE latent),test-normal/normal_id_00_00000032.wav,00,0,0.09950354538931065,0.8041817491661383,0,True
SVM-sup (AE latent),test-normal/normal_id_02_00000055.wav,02,0,0.3681190933548093,0.8041817491661383,0,True
SVM-sup (AE latent),test-normal/normal_id_02_00000028.wav,02,0,0.003251785680123375,0.8041817491661383,0,True
SVM-sup (AE latent),test-normal/normal_id_02_00000021.wav,02,0,0.008071044736873558,0.8041817491661383,0,True
SVM-sup (AE latent),test-normal/normal_id_04_00000027.wav,04,0,0.000377851978673642,0.8041817491661383,0,True
SVM-sup (AE latent),test-normal/normal_id_02_00000030.wav,02,0,0.3916266638239381,0.8041817491661383,0,True
SVM-sup (AE latent),test-normal/normal_id_00_00000081.wav,00,0,0.004743669012973346,0.8041817491661383,0,True
SVM-sup (AE latent),test-normal/normal_id_00_00000052.wav,00,0,0.1361005688316838,0.8041817491661383,0,True
SVM-sup (AE latent),test-normal/normal_id_06_00000028.wav,06,0,0.0488881616738786,0.8041817491661383,0,True
SVM-sup (AE latent),test-normal/normal_id_00_00000028.wav,00,0,0.2578305910175851,0.8041817491661383,0,True
SVM-sup (AE latent),test-normal/normal_id_06_00000052.wav,06,0,0.025926059463329477,0.8041817491661383,0,True
SVM-sup (AE latent),test-normal/normal_id_04_00000009.wav,04,0,0.0005317843621708974,0.8041817491661383,0,True
SVM-sup (AE latent),test-normal/normal_id_02_00000006.wav,02,0,0.0020048301513261196,0.8041817491661383,0,True
SVM-sup (AE latent),test-normal/normal_id_06_00000037.wav,06,0,0.03927533366639812,0.8041817491661383,0,True
SVM-sup (AE latent),test-normal/normal_id_06_00000094.wav,06,0,0.0033267028552355724,0.8041817491661383,0,True
SVM-sup (AE latent),test-normal/normal_id_00_00000021.wav,00,0,0.26361815431968627,0.8041817491661383,0,True
SVM-sup (AE latent),test-normal/normal_id_04_00000018.wav,04,0,0.00096409167418891,0.8041817491661383,0,True
SVM-sup (AE latent),test-normal/normal_id_06_00000050.wav,06,0,0.0032788904429652656,0.8041817491661383,0,True
SVM-sup (AE latent),test-normal/normal_id_04_00000066.wav,04,0,0.2354801228294329,0.8041817491661383,0,True
SVM-sup (AE latent),test-normal/normal_id_06_00000086.wav,06,0,0.1524675107408912,0.8041817491661383,0,True
SVM-sup (AE latent),test-normal/normal_id_06_00000067.wav,06,0,8.77103832226638e-05,0.8041817491661383,0,True
SVM-sup (AE latent),test-normal/normal_id_00_00000039.wav,00,0,0.026486021502155652,0.8041817491661383,0,True
SVM-sup (AE latent),test-normal/normal_id_02_00000088.wav,02,0,0.28073159838121875,0.8041817491661383,0,True
SVM-sup (AE latent),test-normal/normal_id_00_00000013.wav,00,0,0.11814706404480099,0.8041817491661383,0,True
SVM-sup (AE latent),test-normal/normal_id_02_00000089.wav,02,0,0.4285293442567057,0.8041817491661383,0,True
SVM-sup (AE latent),test-normal/normal_id_06_00000008.wav,06,0,0.0020107617969782974,0.8041817491661383,0,True
SVM-sup (AE latent),test-normal/normal_id_04_00000020.wav,04,0,0.04592604732033116,0.8041817491661383,0,True
SVM-sup (AE latent),test-normal/normal_id_00_00000005.wav,00,0,0.015331859901543106,0.8041817491661383,0,True
SVM-sup (AE latent),test-normal/normal_id_00_00000085.wav,00,0,0.12348488268688174,0.8041817491661383,0,True
SVM-sup (AE latent),test-normal/normal_id_06_00000015.wav,06,0,0.06475745386268429,0.8041817491661383,0,True
SVM-sup (AE latent),test-normal/normal_id_04_00000078.wav,04,0,0.022997239474793277,0.8041817491661383,0,True
SVM-sup (AE latent),test-normal/normal_id_00_00000078.wav,00,0,0.16107884035919748,0.8041817491661383,0,True
SVM-sup (AE latent),test-normal/normal_id_02_00000014.wav,02,0,0.00013753916138763738,0.8041817491661383,0,True
SVM-sup (AE latent),test-normal/normal_id_02_00000070.wav,02,0,0.18529682867593852,0.8041817491661383,0,True
SVM-sup (AE latent),test-normal/normal_id_02_00000023.wav,02,0,0.6153323099399512,0.8041817491661383,0,True
SVM-sup (AE latent),test-normal/normal_id_06_00000001.wav,06,0,0.006241172320653265,0.8041817491661383,0,True
SVM-sup (AE latent),test-normal/normal_id_02_00000003.wav,02,0,0.06390987058348888,0.8041817491661383,0,True
SVM-sup (AE latent),test-normal/normal_id_00_00000090.wav,00,0,0.3468090180954102,0.8041817491661383,0,True
SVM-sup (AE latent),test-normal/normal_id_02_00000099.wav,02,0,0.005292921998771051,0.8041817491661383,0,True
SVM-sup (AE latent),test-normal/normal_id_04_00000074.wav,04,0,6.700182729469302e-06,0.8041817491661383,0,True
SVM-sup (AE latent),test-normal/normal_id_06_00000077.wav,06,0,0.0007861207864904427,0.8041817491661383,0,True
SVM-sup (AE latent),test-normal/normal_id_04_00000006.wav,04,0,0.013365614724450501,0.8041817491661383,0,True
SVM-sup (AE latent),test-normal/normal_id_00_00000087.wav,00,0,0.008501839632784036,0.8041817491661383,0,True
SVM-sup (AE latent),test-normal/normal_id_04_00000021.wav,04,0,0.0011106842892327612,0.8041817491661383,0,True
SVM-sup (AE latent),test-normal/normal_id_02_00000042.wav,02,0,0.0008813800467067675,0.8041817491661383,0,True
SVM-sup (AE latent),test-normal/normal_id_02_00000011.wav,02,0,0.0719808687619968,0.8041817491661383,0,True
SVM-sup (AE latent),test-normal/normal_id_06_00000090.wav,06,0,0.00024690353516971684,0.8041817491661383,0,True
SVM-sup (AE latent),test-normal/normal_id_04_00000077.wav,04,0,0.01059860869371981,0.8041817491661383,0,True
SVM-sup (AE latent),test-normal/normal_id_06_00000064.wav,06,0,0.00023655992489574396,0.8041817491661383,0,True
SVM-sup (AE latent),test-normal/normal_id_02_00000087.wav,02,0,0.07059901040069813,0.8041817491661383,0,True
SVM-sup (AE latent),test-normal/normal_id_00_00000065.wav,00,0,0.6207282995508935,0.8041817491661383,0,True
SVM-sup (AE latent),test-normal/normal_id_06_00000079.wav,06,0,0.2815941896812972,0.8041817491661383,0,True
SVM-sup (AE latent),test-normal/normal_id_00_00000099.wav,00,0,0.01682810467683078,0.8041817491661383,0,True
SVM-sup (AE latent),test-normal/normal_id_00_00000071.wav,00,0,0.7810600031388578,0.8041817491661383,0,True
SVM-sup (AE latent),test-normal/normal_id_06_00000059.wav,06,0,0.0008887929922707005,0.8041817491661383,0,True
SVM-sup (AE latent),test-normal/normal_id_00_00000069.wav,00,0,0.05063055553905352,0.8041817491661383,0,True
SVM-sup (AE latent),test-normal/normal_id_06_00000024.wav,06,0,0.0002672938934059321,0.8041817491661383,0,True
SVM-sup (AE latent),test-normal/normal_id_02_00000025.wav,02,0,0.00032497275049871914,0.8041817491661383,0,True
SVM-sup (AE latent),test-normal/normal_id_02_00000077.wav,02,0,0.003231054188450739,0.8041817491661383,0,True
SVM-sup (AE latent),test-normal/normal_id_04_00000024.wav,04,0,0.022769667292685217,0.8041817491661383,0,True
SVM-sup (AE latent),test-normal/normal_id_06_00000087.wav,06,0,0.004945433750303771,0.8041817491661383,0,True
SVM-sup (AE latent),test-normal/normal_id_02_00000017.wav,02,0,0.12111381645951402,0.8041817491661383,0,True
SVM-sup (AE latent),test-normal/normal_id_00_00000074.wav,00,0,0.002326844733527818,0.8041817491661383,0,True
SVM-sup (AE latent),test-normal/normal_id_00_00000010.wav,00,0,0.04123966674950425,0.8041817491661383,0,True
SVM-sup (AE latent),test-normal/normal_id_02_00000016.wav,02,0,0.46553255413348615,0.8041817491661383,0,True
SVM-sup (AE latent),test-normal/normal_id_06_00000041.wav,06,0,0.0042981016396457,0.8041817491661383,0,True
SVM-sup (AE latent),test-normal/normal_id_02_00000057.wav,02,0,0.033860395735863275,0.8041817491661383,0,True
SVM-sup (AE latent),test-normal/normal_id_00_00000063.wav,00,0,0.0034087706898440653,0.8041817491661383,0,True
SVM-sup (AE latent),test-normal/normal_id_04_00000023.wav,04,0,0.009718580589617765,0.8041817491661383,0,True
SVM-sup (AE latent),test-normal/normal_id_00_00000001.wav,00,0,0.04546765457413454,0.8041817491661383,0,True
SVM-sup (AE latent),test-normal/normal_id_00_00000042.wav,00,0,0.0012755207658291243,0.8041817491661383,0,True
SVM-sup (AE latent),test-normal/normal_id_02_00000022.wav,02,0,0.048177984070145015,0.8041817491661383,0,True
SVM-sup (AE latent),test-normal/normal_id_00_00000017.wav,00,0,0.10226217131228067,0.8041817491661383,0,True
SVM-sup (AE latent),test-normal/normal_id_02_00000067.wav,02,0,0.09084576429754243,0.8041817491661383,0,True
SVM-sup (AE latent),test-normal/normal_id_04_00000097.wav,04,0,0.0025796580764610795,0.8041817491661383,0,True
SVM-sup (AE latent),test-normal/normal_id_06_00000009.wav,06,0,0.00024201143295820866,0.8041817491661383,0,True
SVM-sup (AE latent),test-normal/normal_id_00_00000076.wav,00,0,0.057717174413498856,0.8041817491661383,0,True
SVM-sup (AE latent),test-normal/normal_id_06_00000013.wav,06,0,0.00028293937461741614,0.8041817491661383,0,True
SVM-sup (AE latent),test-normal/normal_id_04_00000096.wav,04,0,0.08983689586787792,0.8041817491661383,0,True
SVM-sup (AE latent),test-normal/normal_id_04_00000008.wav,04,0,0.04994318402508751,0.8041817491661383,0,True
SVM-sup (AE latent),test-normal/normal_id_06_00000025.wav,06,0,0.2466050101523913,0.8041817491661383,0,True
SVM-sup (AE latent),test-normal/normal_id_00_00000031.wav,00,0,0.025162897396561065,0.8041817491661383,0,True
SVM-sup (AE latent),test-normal/normal_id_02_00000029.wav,02,0,0.08380108426241181,0.8041817491661383,0,True
SVM-sup (AE latent),test-normal/normal_id_06_00000051.wav,06,0,0.00636110122489655,0.8041817491661383,0,True
SVM-sup (AE latent),test-normal/normal_id_02_00000005.wav,02,0,0.008289370078549678,0.8041817491661383,0,True
SVM-sup (AE latent),test-normal/normal_id_04_00000090.wav,04,0,3.0039089583552214e-05,0.8041817491661383,0,True
SVM-sup (AE latent),test-normal/normal_id_04_00000067.wav,04,0,0.0010284780804965489,0.8041817491661383,0,True
SVM-sup (AE latent),test-normal/normal_id_04_00000012.wav,04,0,0.0022316277949842927,0.8041817491661383,0,True
SVM-sup (AE latent),test-normal/normal_id_00_00000043.wav,00,0,0.005532345224563073,0.8041817491661383,0,True
SVM-sup (AE latent),test-normal/normal_id_06_00000073.wav,06,0,0.0069455549011837436,0.8041817491661383,0,True
SVM-sup (AE latent),test-normal/normal_id_02_00000060.wav,02,0,0.0023010474590072967,0.8041817491661383,0,True
SVM-sup (AE latent),test-normal/normal_id_06_00000017.wav,06,0,0.0005075316503040863,0.8041817491661383,0,True
SVM-sup (AE latent),test-normal/normal_id_00_00000057.wav,00,0,0.13982291327166052,0.8041817491661383,0,True
SVM-sup (AE latent),test-normal/normal_id_04_00000079.wav,04,0,0.004491624018046919,0.8041817491661383,0,True
SVM-sup (AE latent),test-normal/normal_id_00_00000023.wav,00,0,0.2766554047186471,0.8041817491661383,0,True
SVM-sup (AE latent),test-normal/normal_id_04_00000072.wav,04,0,0.012524075627720772,0.8041817491661383,0,True
SVM-sup (AE latent),test-normal/normal_id_00_00000015.wav,00,0,0.24521761592614613,0.8041817491661383,0,True
SVM-sup (AE latent),test-normal/normal_id_06_00000016.wav,06,0,0.007047895622315915,0.8041817491661383,0,True
SVM-sup (AE latent),test-normal/normal_id_02_00000009.wav,02,0,0.4907416866453007,0.8041817491661383,0,True
SVM-sup (AE latent),test-normal/normal_id_02_00000037.wav,02,0,0.004662208128635577,0.8041817491661383,0,True
SVM-sup (AE latent),test-normal/normal_id_02_00000090.wav,02,0,0.0045776592471816775,0.8041817491661383,0,True
SVM-sup (AE latent),test-normal/normal_id_04_00000087.wav,04,0,0.0021894588062492965,0.8041817491661383,0,True
SVM-sup (AE latent),test-normal/normal_id_00_00000016.wav,00,0,0.0057112349679305716,0.8041817491661383,0,True
SVM-sup (AE latent),test-normal/normal_id_06_00000000.wav,06,0,0.009931261403463678,0.8041817491661383,0,True
SVM-sup (AE latent),test-normal/normal_id_04_00000040.wav,04,0,0.0006735514896377594,0.8041817491661383,0,True
SVM-sup (AE latent),test-normal/normal_id_02_00000010.wav,02,0,0.0004465994437934907,0.8041817491661383,0,True
SVM-sup (AE latent),test-normal/normal_id_02_00000095.wav,02,0,0.36391071019207183,0.8041817491661383,0,True
SVM-sup (AE latent),test-normal/normal_id_00_00000034.wav,00,0,0.11045052118052495,0.8041817491661383,0,True
SVM-sup (AE latent),test-normal/normal_id_04_00000086.wav,04,0,0.0008219881234105741,0.8041817491661383,0,True
SVM-sup (AE latent),test-normal/normal_id_06_00000014.wav,06,0,0.0003940195300712074,0.8041817491661383,0,True
SVM-sup (AE latent),test-normal/normal_id_00_00000035.wav,00,0,0.08766285394366145,0.8041817491661383,0,True
SVM-sup (AE latent),test-normal/normal_id_06_00000033.wav,06,0,0.044418632149305574,0.8041817491661383,0,True
SVM-sup (AE latent),test-normal/normal_id_02_00000082.wav,02,0,0.0028863111492169365,0.8041817491661383,0,True
SVM-sup (AE latent),test-normal/normal_id_00_00000049.wav,00,0,0.025420344040645266,0.8041817491661383,0,True
SVM-sup (AE latent),test-normal/normal_id_00_00000006.wav,00,0,0.28302331747878756,0.8041817491661383,0,True
SVM-sup (AE latent),test-normal/normal_id_02_00000002.wav,02,0,0.09424231382438045,0.8041817491661383,0,True
SVM-sup (AE latent),test-normal/normal_id_02_00000075.wav,02,0,0.6783846211684231,0.8041817491661383,0,True
SVM-sup (AE latent),test-normal/normal_id_02_00000039.wav,02,0,0.003306600575016023,0.8041817491661383,0,True
SVM-sup (AE latent),test-normal/normal_id_06_00000085.wav,06,0,0.0007010942492161205,0.8041817491661383,0,True
SVM-sup (AE latent),test-normal/normal_id_00_00000041.wav,00,0,0.16278247551756375,0.8041817491661383,0,True
SVM-sup (AE latent),test-normal/normal_id_06_00000066.wav,06,0,0.0006061902696500843,0.8041817491661383,0,True
SVM-sup (AE latent),test-normal/normal_id_00_00000022.wav,00,0,0.02871934905596235,0.8041817491661383,0,True
SVM-sup (AE latent),test-normal/normal_id_04_00000075.wav,04,0,0.00010698391541834924,0.8041817491661383,0,True
SVM-sup (AE latent),test-normal/normal_id_02_00000063.wav,02,0,0.017681118369977752,0.8041817491661383,0,True
SVM-sup (AE latent),test-normal/normal_id_06_00000020.wav,06,0,0.001152066509841521,0.8041817491661383,0,True
SVM-sup (AE latent),test-normal/normal_id_06_00000003.wav,06,0,0.0003037185649571398,0.8041817491661383,0,True
SVM-sup (AE latent),test-normal/normal_id_02_00000013.wav,02,0,0.05520786092217776,0.8041817491661383,0,True
SVM-sup (AE latent),test-normal/normal_id_04_00000037.wav,04,0,0.004973825958330964,0.8041817491661383,0,True
SVM-sup (AE latent),test-normal/normal_id_00_00000014.wav,00,0,0.0006303310361604255,0.8041817491661383,0,True
SVM-sup (AE latent),test-normal/normal_id_02_00000041.wav,02,0,0.011602064341744194,0.8041817491661383,0,True
SVM-sup (AE latent),test-normal/normal_id_02_00000094.wav,02,0,0.22794029581068534,0.8041817491661383,0,True
SVM-sup (AE latent),test-normal/normal_id_00_00000036.wav,00,0,0.658891603222592,0.8041817491661383,0,True
SVM-sup (AE latent),test-normal/normal_id_00_00000097.wav,00,0,0.06730369197229015,0.8041817491661383,0,True
SVM-sup (AE latent),test-normal/normal_id_02_00000036.wav,02,0,0.0007228033171792194,0.8041817491661383,0,True
SVM-sup (AE latent),anomaly/anomaly_id_02_00000089.wav,02,1,0.9804763932735846,0.8041817491661383,1,True
SVM-sup (AE latent),anomaly/anomaly_id_04_00000073.wav,04,1,0.929442086959064,0.8041817491661383,1,True
SVM-sup (AE latent),anomaly/anomaly_id_06_00000051.wav,06,1,0.9996942650211003,0.8041817491661383,1,True
SVM-sup (AE latent),anomaly/anomaly_id_04_00000035.wav,04,1,0.9743299992047283,0.8041817491661383,1,True
SVM-sup (AE latent),anomaly/anomaly_id_04_00000001.wav,04,1,0.5107276824204597,0.8041817491661383,0,False
SVM-sup (AE latent),anomaly/anomaly_id_04_00000011.wav,04,1,0.9999985912859957,0.8041817491661383,1,True
SVM-sup (AE latent),anomaly/anomaly_id_04_00000080.wav,04,1,0.9698111322828145,0.8041817491661383,1,True
SVM-sup (AE latent),anomaly/anomaly_id_06_00000036.wav,06,1,0.9855195371640311,0.8041817491661383,1,True
SVM-sup (AE latent),anomaly/anomaly_id_00_00000024.wav,00,1,0.6375235522784076,0.8041817491661383,0,False
SVM-sup (AE latent),anomaly/anomaly_id_04_00000098.wav,04,1,0.994381889282582,0.8041817491661383,1,True
SVM-sup (AE latent),anomaly/anomaly_id_04_00000058.wav,04,1,0.22896839571865327,0.8041817491661383,0,False
SVM-sup (AE latent),anomaly/anomaly_id_02_00000091.wav,02,1,0.9915475730280013,0.8041817491661383,1,True
SVM-sup (AE latent),anomaly/anomaly_id_04_00000037.wav,04,1,0.7818721889419943,0.8041817491661383,0,False
SVM-sup (AE latent),anomaly/anomaly_id_04_00000070.wav,04,1,0.999993872773713,0.8041817491661383,1,True
SVM-sup (AE latent),anomaly/anomaly_id_00_00000068.wav,00,1,0.7260829458629349,0.8041817491661383,0,False
SVM-sup (AE latent),anomaly/anomaly_id_00_00000056.wav,00,1,0.012829205587676572,0.8041817491661383,0,False
SVM-sup (AE latent),anomaly/anomaly_id_02_00000087.wav,02,1,0.9941028881282487,0.8041817491661383,1,True
SVM-sup (AE latent),anomaly/anomaly_id_00_00000019.wav,00,1,0.8447036435068171,0.8041817491661383,1,True
SVM-sup (AE latent),anomaly/anomaly_id_02_00000021.wav,02,1,0.7128270194871937,0.8041817491661383,0,False
SVM-sup (AE latent),anomaly/anomaly_id_02_00000095.wav,02,1,0.9065175810345271,0.8041817491661383,1,True
SVM-sup (AE latent),anomaly/anomaly_id_06_00000088.wav,06,1,0.998460366548435,0.8041817491661383,1,True
SVM-sup (AE latent),anomaly/anomaly_id_02_00000070.wav,02,1,0.9951919747665509,0.8041817491661383,1,True
SVM-sup (AE latent),anomaly/anomaly_id_00_00000060.wav,00,1,0.9817070862923987,0.8041817491661383,1,True
SVM-sup (AE latent),anomaly/anomaly_id_06_00000026.wav,06,1,0.9990984185222085,0.8041817491661383,1,True
SVM-sup (AE latent),anomaly/anomaly_id_00_00000073.wav,00,1,0.9772519886764134,0.8041817491661383,1,True
SVM-sup (AE latent),anomaly/anomaly_id_02_00000090.wav,02,1,0.9990282004452479,0.8041817491661383,1,True
SVM-sup (AE latent),anomaly/anomaly_id_00_00000003.wav,00,1,0.9951817410835415,0.8041817491661383,1,True
SVM-sup (AE latent),anomaly/anomaly_id_04_00000053.wav,04,1,0.9066121179494642,0.8041817491661383,1,True
SVM-sup (AE latent),anomaly/anomaly_id_06_00000067.wav,06,1,0.9975615837671842,0.8041817491661383,1,True
SVM-sup (AE latent),anomaly/anomaly_id_06_00000013.wav,06,1,0.9734714505455169,0.8041817491661383,1,True
SVM-sup (AE latent),anomaly/anomaly_id_06_00000028.wav,06,1,0.9999971431562972,0.8041817491661383,1,True
SVM-sup (AE latent),anomaly/anomaly_id_04_00000005.wav,04,1,0.9946550020071998,0.8041817491661383,1,True
SVM-sup (AE latent),anomaly/anomaly_id_02_00000035.wav,02,1,0.4379772083587864,0.8041817491661383,0,False
SVM-sup (AE latent),anomaly/anomaly_id_04_00000086.wav,04,1,0.9214011977820632,0.8041817491661383,1,True
SVM-sup (AE latent),anomaly/anomaly_id_00_00000118.wav,00,1,0.36167333953313624,0.8041817491661383,0,False
SVM-sup (AE latent),anomaly/anomaly_id_02_00000106.wav,02,1,0.9948229663310487,0.8041817491661383,1,True
SVM-sup (AE latent),anomaly/anomaly_id_04_00000029.wav,04,1,0.9633119721138628,0.8041817491661383,1,True
SVM-sup (AE latent),anomaly/anomaly_id_00_00000047.wav,00,1,0.1282413690009028,0.8041817491661383,0,False
SVM-sup (AE latent),anomaly/anomaly_id_02_00000092.wav,02,1,0.9984474333614712,0.8041817491661383,1,True
SVM-sup (AE latent),anomaly/anomaly_id_00_00000127.wav,00,1,0.9782411858389298,0.8041817491661383,1,True
SVM-sup (AE latent),anomaly/anomaly_id_02_00000003.wav,02,1,0.911071099398711,0.8041817491661383,1,True
SVM-sup (AE latent),anomaly/anomaly_id_06_00000071.wav,06,1,0.8967584888111106,0.8041817491661383,1,True
SVM-sup (AE latent),anomaly/anomaly_id_00_00000027.wav,00,1,0.1717484877746123,0.8041817491661383,0,False
SVM-sup (AE latent),anomaly/anomaly_id_06_00000010.wav,06,1,0.01442273525260701,0.8041817491661383,0,False
SVM-sup (AE latent),anomaly/anomaly_id_00_00000062.wav,00,1,0.993283700478453,0.8041817491661383,1,True
SVM-sup (AE latent),anomaly/anomaly_id_06_00000027.wav,06,1,0.7362702864735979,0.8041817491661383,0,False
SVM-sup (AE latent),anomaly/anomaly_id_06_00000098.wav,06,1,0.509127683290701,0.8041817491661383,0,False
SVM-sup (AE latent),anomaly/anomaly_id_04_00000096.wav,04,1,0.4408979119750997,0.8041817491661383,0,False
SVM-sup (AE latent),anomaly/anomaly_id_04_00000064.wav,04,1,0.9354462950111844,0.8041817491661383,1,True
SVM-sup (AE latent),anomaly/anomaly_id_02_00000110.wav,02,1,0.9890594888933213,0.8041817491661383,1,True
SVM-sup (AE latent),anomaly/anomaly_id_04_00000000.wav,04,1,0.2695506943745658,0.8041817491661383,0,False
SVM-sup (AE latent),anomaly/anomaly_id_06_00000060.wav,06,1,0.7384666084223679,0.8041817491661383,0,False
SVM-sup (AE latent),anomaly/anomaly_id_02_00000000.wav,02,1,0.918076810058852,0.8041817491661383,1,True
SVM-sup (AE latent),anomaly/anomaly_id_02_00000057.wav,02,1,0.99850958357949,0.8041817491661383,1,True
SVM-sup (AE latent),anomaly/anomaly_id_04_00000026.wav,04,1,0.3122934855822625,0.8041817491661383,0,False
SVM-sup (AE latent),anomaly/anomaly_id_00_00000038.wav,00,1,0.6606281913562846,0.8041817491661383,0,False
SVM-sup (AE latent),anomaly/anomaly_id_06_00000023.wav,06,1,0.01369054132332836,0.8041817491661383,0,False
SVM-sup (AE latent),anomaly/anomaly_id_00_00000029.wav,00,1,0.9801973592637641,0.8041817491661383,1,True
SVM-sup (AE latent),anomaly/anomaly_id_00_00000089.wav,00,1,0.08673507197670777,0.8041817491661383,0,False
SVM-sup (AE latent),anomaly/anomaly_id_02_00000093.wav,02,1,0.13021681220162545,0.8041817491661383,0,False
SVM-sup (AE latent),anomaly/anomaly_id_00_00000098.wav,00,1,0.8592498770247297,0.8041817491661383,1,True
SVM-sup (AE latent),anomaly/anomaly_id_00_00000119.wav,00,1,0.544595641434259,0.8041817491661383,0,False
SVM-sup (AE latent),anomaly/anomaly_id_02_00000005.wav,02,1,0.924396163895575,0.8041817491661383,1,True
SVM-sup (AE latent),anomaly/anomaly_id_02_00000053.wav,02,1,0.9811400441580571,0.8041817491661383,1,True
SVM-sup (AE latent),anomaly/anomaly_id_04_00000093.wav,04,1,0.801173460046656,0.8041817491661383,0,False
SVM-sup (AE latent),anomaly/anomaly_id_04_00000038.wav,04,1,0.9690151252325082,0.8041817491661383,1,True
SVM-sup (AE latent),anomaly/anomaly_id_00_00000134.wav,00,1,0.9999990763707838,0.8041817491661383,1,True
SVM-sup (AE latent),anomaly/anomaly_id_02_00000068.wav,02,1,0.9481547954841726,0.8041817491661383,1,True
SVM-sup (AE latent),anomaly/anomaly_id_00_00000012.wav,00,1,0.9999999912668491,0.8041817491661383,1,True
SVM-sup (AE latent),anomaly/anomaly_id_02_00000082.wav,02,1,0.9817007419049604,0.8041817491661383,1,True
SVM-sup (AE latent),anomaly/anomaly_id_00_00000067.wav,00,1,0.941634324375756,0.8041817491661383,1,True
SVM-sup (AE latent),anomaly/anomaly_id_00_00000108.wav,00,1,0.9999999991186965,0.8041817491661383,1,True
SVM-sup (AE latent),anomaly/anomaly_id_00_00000084.wav,00,1,0.999999711956729,0.8041817491661383,1,True
SVM-sup (AE latent),anomaly/anomaly_id_04_00000094.wav,04,1,0.226180975453852,0.8041817491661383,0,False
SVM-sup (AE latent),anomaly/anomaly_id_02_00000058.wav,02,1,0.9940896708774178,0.8041817491661383,1,True
SVM-sup (AE latent),anomaly/anomaly_id_06_00000019.wav,06,1,0.03213789407409299,0.8041817491661383,0,False
SVM-sup (AE latent),anomaly/anomaly_id_06_00000093.wav,06,1,0.15855294142655132,0.8041817491661383,0,False
SVM-sup (AE latent),anomaly/anomaly_id_00_00000030.wav,00,1,0.12755107211518613,0.8041817491661383,0,False
SVM-sup (AE latent),anomaly/anomaly_id_00_00000007.wav,00,1,0.19344768653990657,0.8041817491661383,0,False
SVM-sup (AE latent),anomaly/anomaly_id_06_00000022.wav,06,1,0.5869184109169441,0.8041817491661383,0,False
SVM-sup (AE latent),anomaly/anomaly_id_06_00000091.wav,06,1,0.9999976844431262,0.8041817491661383,1,True
SVM-sup (AE latent),anomaly/anomaly_id_02_00000102.wav,02,1,0.9616161692655254,0.8041817491661383,1,True
SVM-sup (AE latent),anomaly/anomaly_id_00_00000025.wav,00,1,0.9942690336676834,0.8041817491661383,1,True
SVM-sup (AE latent),anomaly/anomaly_id_00_00000092.wav,00,1,0.08052860606181629,0.8041817491661383,0,False
SVM-sup (AE latent),anomaly/anomaly_id_04_00000050.wav,04,1,0.9147672991058892,0.8041817491661383,1,True
SVM-sup (AE latent),anomaly/anomaly_id_06_00000080.wav,06,1,0.682605821885706,0.8041817491661383,0,False
SVM-sup (AE latent),anomaly/anomaly_id_06_00000087.wav,06,1,0.29990245115156433,0.8041817491661383,0,False
SVM-sup (AE latent),anomaly/anomaly_id_06_00000094.wav,06,1,0.1259598491992985,0.8041817491661383,0,False
SVM-sup (AE latent),anomaly/anomaly_id_04_00000019.wav,04,1,0.9547619796752207,0.8041817491661383,1,True
SVM-sup (AE latent),anomaly/anomaly_id_02_00000104.wav,02,1,0.9999981781367475,0.8041817491661383,1,True
SVM-sup (AE latent),anomaly/anomaly_id_00_00000040.wav,00,1,0.9996906597923808,0.8041817491661383,1,True
SVM-sup (AE latent),anomaly/anomaly_id_06_00000015.wav,06,1,0.10696421360005058,0.8041817491661383,0,False
SVM-sup (AE latent),anomaly/anomaly_id_02_00000013.wav,02,1,0.9996240110702631,0.8041817491661383,1,True
SVM-sup (AE latent),anomaly/anomaly_id_06_00000075.wav,06,1,0.2728477867989603,0.8041817491661383,0,False
SVM-sup (AE latent),anomaly/anomaly_id_02_00000038.wav,02,1,0.9999999986991026,0.8041817491661383,1,True
SVM-sup (AE latent),anomaly/anomaly_id_04_00000074.wav,04,1,0.2804998213370846,0.8041817491661383,0,False
SVM-sup (AE latent),anomaly/anomaly_id_00_00000104.wav,00,1,0.36351034778028496,0.8041817491661383,0,False
SVM-sup (AE latent),anomaly/anomaly_id_00_00000075.wav,00,1,0.2903677616875819,0.8041817491661383,0,False
SVM-sup (AE latent),anomaly/anomaly_id_04_00000069.wav,04,1,0.9461942106022286,0.8041817491661383,1,True
SVM-sup (AE latent),anomaly/anomaly_id_02_00000037.wav,02,1,0.9580921121774507,0.8041817491661383,1,True
SVM-sup (AE latent),anomaly/anomaly_id_04_00000028.wav,04,1,0.9381105357491926,0.8041817491661383,1,True
SVM-sup (AE latent),anomaly/anomaly_id_00_00000135.wav,00,1,0.9999995480022716,0.8041817491661383,1,True
SVM-sup (AE latent),anomaly/anomaly_id_02_00000022.wav,02,1,0.9996152443336312,0.8041817491661383,1,True
SVM-sup (AE latent),anomaly/anomaly_id_02_00000050.wav,02,1,0.9922821212882152,0.8041817491661383,1,True
SVM-sup (AE latent),anomaly/anomaly_id_00_00000091.wav,00,1,0.006926131576622018,0.8041817491661383,0,False
SVM-sup (AE latent),anomaly/anomaly_id_04_00000017.wav,04,1,0.9910398138912877,0.8041817491661383,1,True
SVM-sup (AE latent),anomaly/anomaly_id_04_00000067.wav,04,1,0.9994735248296825,0.8041817491661383,1,True
SVM-sup (AE latent),anomaly/anomaly_id_06_00000089.wav,06,1,0.9999952149018027,0.8041817491661383,1,True
SVM-sup (AE latent),anomaly/anomaly_id_02_00000002.wav,02,1,0.7351411943630418,0.8041817491661383,0,False
SVM-sup (AE latent),anomaly/anomaly_id_06_00000064.wav,06,1,0.9924765549155291,0.8041817491661383,1,True
SVM-sup (AE latent),anomaly/anomaly_id_02_00000074.wav,02,1,0.9995428956360922,0.8041817491661383,1,True
SVM-sup (AE latent),anomaly/anomaly_id_06_00000011.wav,06,1,0.999997681223286,0.8041817491661383,1,True
SVM-sup (AE latent),anomaly/anomaly_id_02_00000006.wav,02,1,0.650650792836317,0.8041817491661383,0,False
SVM-sup (AE latent),anomaly/anomaly_id_00_00000126.wav,00,1,0.999999837160597,0.8041817491661383,1,True
SVM-sup (AE latent),anomaly/anomaly_id_06_00000045.wav,06,1,0.9999997927205126,0.8041817491661383,1,True
SVM-sup (AE latent),anomaly/anomaly_id_00_00000070.wav,00,1,0.9994147719825145,0.8041817491661383,1,True
SVM-sup (AE latent),anomaly/anomaly_id_04_00000089.wav,04,1,0.9096030320542055,0.8041817491661383,1,True
SVM-sup (AE latent),anomaly/anomaly_id_02_00000029.wav,02,1,0.9924568667373708,0.8041817491661383,1,True
SVM-sup (AE latent),anomaly/anomaly_id_06_00000002.wav,06,1,0.7149972020869033,0.8041817491661383,0,False
SVM-sup (AE latent),anomaly/anomaly_id_02_00000107.wav,02,1,0.9999997288633602,0.8041817491661383,1,True
SVM-sup (AE latent),anomaly/anomaly_id_00_00000054.wav,00,1,0.9975400922656878,0.8041817491661383,1,True
SVM-sup (AE latent),anomaly/anomaly_id_02_00000026.wav,02,1,0.9805571383585971,0.8041817491661383,1,True
SVM-sup (AE latent),anomaly/anomaly_id_04_00000027.wav,04,1,0.9755461348415769,0.8041817491661383,1,True
SVM-sup (AE latent),anomaly/anomaly_id_02_00000072.wav,02,1,0.9682760678884212,0.8041817491661383,1,True
SVM-sup (AE latent),anomaly/anomaly_id_06_00000053.wav,06,1,0.9897775604899535,0.8041817491661383,1,True
SVM-sup (AE latent),anomaly/anomaly_id_06_00000059.wav,06,1,0.9816983307914473,0.8041817491661383,1,True
SVM-sup (AE latent),anomaly/anomaly_id_02_00000015.wav,02,1,0.9910207285255415,0.8041817491661383,1,True
SVM-sup (AE latent),anomaly/anomaly_id_06_00000101.wav,06,1,0.9983383018003565,0.8041817491661383,1,True
SVM-sup (AE latent),anomaly/anomaly_id_00_00000095.wav,00,1,0.9671004095187554,0.8041817491661383,1,True
SVM-sup (AE latent),anomaly/anomaly_id_06_00000081.wav,06,1,0.2794023918000115,0.8041817491661383,0,False
SVM-sup (AE latent),anomaly/anomaly_id_04_00000051.wav,04,1,0.07943965179558278,0.8041817491661383,0,False
SVM-sup (AE latent),anomaly/anomaly_id_02_00000043.wav,02,1,0.9266052365243834,0.8041817491661383,1,True
SVM-sup (AE latent),anomaly/anomaly_id_04_00000009.wav,04,1,0.7541858189529433,0.8041817491661383,0,False
SVM-sup (AE latent),anomaly/anomaly_id_04_00000003.wav,04,1,0.9942619887362072,0.8041817491661383,1,True
SVM-sup (AE latent),anomaly/anomaly_id_04_00000061.wav,04,1,0.9929249202067562,0.8041817491661383,1,True
SVM-sup (AE latent),anomaly/anomaly_id_04_00000052.wav,04,1,0.061945447544989256,0.8041817491661383,0,False
SVM-sup (AE latent),anomaly/anomaly_id_06_00000052.wav,06,1,0.3758273741425604,0.8041817491661383,0,False
SVM-sup (AE latent),anomaly/anomaly_id_00_00000088.wav,00,1,0.9999998881852145,0.8041817491661383,1,True
SVM-sup (AE latent),anomaly/anomaly_id_04_00000090.wav,04,1,0.732547738204713,0.8041817491661383,0,False
SVM-sup (AE latent),anomaly/anomaly_id_06_00000069.wav,06,1,0.01854174192557913,0.8041817491661383,0,False
SVM-sup (AE latent),anomaly/anomaly_id_02_00000105.wav,02,1,0.9982997780879003,0.8041817491661383,1,True
SVM-sup (AE latent),anomaly/anomaly_id_02_00000071.wav,02,1,0.1968399687579828,0.8041817491661383,0,False
SVM-sup (AE latent),anomaly/anomaly_id_00_00000037.wav,00,1,0.9999974472487825,0.8041817491661383,1,True
SVM-sup (AE latent),anomaly/anomaly_id_06_00000001.wav,06,1,0.9999991491067782,0.8041817491661383,1,True
SVM-sup (AE latent),anomaly/anomaly_id_04_00000016.wav,04,1,0.45717851318022773,0.8041817491661383,0,False
SVM-sup (AE latent),anomaly/anomaly_id_06_00000076.wav,06,1,0.9995534871895333,0.8041817491661383,1,True
SVM-sup (AE latent),anomaly/anomaly_id_04_00000022.wav,04,1,0.5805435542407105,0.8041817491661383,0,False
SVM-sup (AE latent),anomaly/anomaly_id_02_00000018.wav,02,1,0.9893736620772212,0.8041817491661383,1,True
SVM-sup (AE latent),anomaly/anomaly_id_02_00000073.wav,02,1,0.9958453910295625,0.8041817491661383,1,True
SVM-sup (AE latent),anomaly/anomaly_id_02_00000064.wav,02,1,0.8952742087661218,0.8041817491661383,1,True
SVM-sup (AE latent),anomaly/anomaly_id_06_00000090.wav,06,1,0.3970763868553591,0.8041817491661383,0,False
SVM-sup (AE latent),anomaly/anomaly_id_02_00000030.wav,02,1,0.9999993176808322,0.8041817491661383,1,True
SVM-sup (AE latent),anomaly/anomaly_id_00_00000112.wav,00,1,0.3706741963121445,0.8041817491661383,0,False
SVM-sup (AE latent),anomaly/anomaly_id_00_00000018.wav,00,1,0.12263999049332039,0.8041817491661383,0,False
SVM-sup (AE latent),anomaly/anomaly_id_02_00000010.wav,02,1,0.9899348376400545,0.8041817491661383,1,True
SVM-sup (AE latent),anomaly/anomaly_id_00_00000011.wav,00,1,0.17522732795493523,0.8041817491661383,0,False
SVM-sup (AE latent),anomaly/anomaly_id_06_00000030.wav,06,1,0.9936138903349173,0.8041817491661383,1,True
SVM-sup (AE latent),anomaly/anomaly_id_02_00000062.wav,02,1,0.9947359635743934,0.8041817491661383,1,True
SVM-sup (AE latent),anomaly/anomaly_id_04_00000081.wav,04,1,0.009807406883328342,0.8041817491661383,0,False
SVM-sup (AE latent),anomaly/anomaly_id_06_00000040.wav,06,1,0.704521566926045,0.8041817491661383,0,False
SVM-sup (AE latent),anomaly/anomaly_id_00_00000066.wav,00,1,0.9625660258906665,0.8041817491661383,1,True
SVM-sup (AE latent),anomaly/anomaly_id_00_00000009.wav,00,1,0.8900469132284015,0.8041817491661383,1,True
SVM-sup (AE latent),anomaly/anomaly_id_06_00000009.wav,06,1,0.9974148774886884,0.8041817491661383,1,True
SVM-sup (AE latent),anomaly/anomaly_id_00_00000059.wav,00,1,0.9432528814058756,0.8041817491661383,1,True
SVM-sup (AE latent),anomaly/anomaly_id_06_00000032.wav,06,1,0.999996913474189,0.8041817491661383,1,True
SVM-sup (AE latent),anomaly/anomaly_id_06_00000038.wav,06,1,0.9941509883526314,0.8041817491661383,1,True
SVM-sup (AE latent),anomaly/anomaly_id_00_00000004.wav,00,1,0.9959934978178809,0.8041817491661383,1,True
SVM-sup (AE latent),anomaly/anomaly_id_00_00000094.wav,00,1,0.7055756463980434,0.8041817491661383,0,False
SVM-sup (AE latent),anomaly/anomaly_id_00_00000048.wav,00,1,0.11879485533257826,0.8041817491661383,0,False
SVM-sup (AE latent),anomaly/anomaly_id_00_00000093.wav,00,1,0.9999998752700753,0.8041817491661383,1,True
SVM-sup (AE latent),anomaly/anomaly_id_02_00000108.wav,02,1,0.9826002348261675,0.8041817491661383,1,True
SVM-sup (AE latent),anomaly/anomaly_id_06_00000056.wav,06,1,0.9996610669344891,0.8041817491661383,1,True
SVM-sup (AE latent),anomaly/anomaly_id_00_00000032.wav,00,1,0.8566251362592434,0.8041817491661383,1,True
SVM-sup (AE latent),anomaly/anomaly_id_02_00000012.wav,02,1,0.9963052136024834,0.8041817491661383,1,True
SVM-sup (AE latent),anomaly/anomaly_id_00_00000128.wav,00,1,0.8593927303276034,0.8041817491661383,1,True
SVM-sup (AE latent),anomaly/anomaly_id_00_00000121.wav,00,1,0.16762137848708863,0.8041817491661383,0,False
SVM-sup (AE latent),anomaly/anomaly_id_02_00000084.wav,02,1,0.9732661468014064,0.8041817491661383,1,True
SVM-sup (AE latent),anomaly/anomaly_id_00_00000130.wav,00,1,0.9590604650350012,0.8041817491661383,1,True
SVM-sup (AE latent),anomaly/anomaly_id_00_00000081.wav,00,1,0.4722073312262287,0.8041817491661383,0,False
SVM-sup (AE latent),anomaly/anomaly_id_04_00000054.wav,04,1,0.9900197402296713,0.8041817491661383,1,True
SVM-sup (AE latent),anomaly/anomaly_id_04_00000057.wav,04,1,0.23401665632485752,0.8041817491661383,0,False
SVM-sup (AE latent),anomaly/anomaly_id_00_00000052.wav,00,1,0.9954580030994412,0.8041817491661383,1,True
SVM-sup (AE latent),anomaly/anomaly_id_06_00000025.wav,06,1,0.9969082800135085,0.8041817491661383,1,True
SVM-sup (AE latent),anomaly/anomaly_id_00_00000028.wav,00,1,0.9307529620796959,0.8041817491661383,1,True
SVM-sup (AE latent),anomaly/anomaly_id_06_00000050.wav,06,1,0.47141227705262245,0.8041817491661383,0,False
SVM-sup (AE latent),anomaly/anomaly_id_02_00000066.wav,02,1,0.7916255223276969,0.8041817491661383,0,False
SVM-sup (AE latent),anomaly/anomaly_id_00_00000106.wav,00,1,0.9266975960622931,0.8041817491661383,1,True
SVM-sup (AE latent),anomaly/anomaly_id_06_00000035.wav,06,1,0.8209177556611004,0.8041817491661383,1,True
SVM-sup (AE latent),anomaly/anomaly_id_06_00000100.wav,06,1,0.9930906953438927,0.8041817491661383,1,True
SVM-sup (AE latent),anomaly/anomaly_id_00_00000021.wav,00,1,0.9831602473348655,0.8041817491661383,1,True
SVM-sup (AE latent),anomaly/anomaly_id_02_00000075.wav,02,1,0.8045110788297066,0.8041817491661383,1,True
SVM-sup (AE latent),anomaly/anomaly_id_06_00000048.wav,06,1,0.24678412254400486,0.8041817491661383,0,False
SVM-sup (AE latent),anomaly/anomaly_id_04_00000012.wav,04,1,0.7339668417305077,0.8041817491661383,0,False
SVM-sup (AE latent),anomaly/anomaly_id_06_00000065.wav,06,1,0.996759612858916,0.8041817491661383,1,True
SVM-sup (AE latent),anomaly/anomaly_id_04_00000077.wav,04,1,0.9994680543013915,0.8041817491661383,1,True
SVM-sup (AE latent),anomaly/anomaly_id_00_00000039.wav,00,1,0.995246072930472,0.8041817491661383,1,True
SVM-sup (AE latent),anomaly/anomaly_id_02_00000045.wav,02,1,0.9949898753379508,0.8041817491661383,1,True
SVM-sup (AE latent),anomaly/anomaly_id_00_00000013.wav,00,1,0.9987432001145591,0.8041817491661383,1,True
SVM-sup (AE latent),anomaly/anomaly_id_02_00000046.wav,02,1,0.9981221211732824,0.8041817491661383,1,True
SVM-sup (AE latent),anomaly/anomaly_id_04_00000091.wav,04,1,0.4564374407000858,0.8041817491661383,0,False
SVM-sup (AE latent),anomaly/anomaly_id_06_00000003.wav,06,1,0.35908479649085007,0.8041817491661383,0,False
SVM-sup (AE latent),anomaly/anomaly_id_02_00000077.wav,02,1,0.999707069631887,0.8041817491661383,1,True
SVM-sup (AE latent),anomaly/anomaly_id_00_00000005.wav,00,1,0.7368402079652453,0.8041817491661383,0,False
SVM-sup (AE latent),anomaly/anomaly_id_00_00000085.wav,00,1,0.9805464575768487,0.8041817491661383,1,True
SVM-sup (AE latent),anomaly/anomaly_id_06_00000085.wav,06,1,0.19587618180046815,0.8041817491661383,0,False
SVM-sup (AE latent),anomaly/anomaly_id_06_00000007.wav,06,1,0.9999982665121959,0.8041817491661383,1,True
SVM-sup (AE latent),anomaly/anomaly_id_04_00000078.wav,04,1,0.9902009674201031,0.8041817491661383,1,True
SVM-sup (AE latent),anomaly/anomaly_id_04_00000024.wav,04,1,0.5449345389287862,0.8041817491661383,0,False
SVM-sup (AE latent),anomaly/anomaly_id_00_00000078.wav,00,1,0.9946904633016663,0.8041817491661383,1,True
SVM-sup (AE latent),anomaly/anomaly_id_06_00000068.wav,06,1,0.9910978342035945,0.8041817491661383,1,True
SVM-sup (AE latent),anomaly/anomaly_id_00_00000114.wav,00,1,0.9999999642380519,0.8041817491661383,1,True
SVM-sup (AE latent),anomaly/anomaly_id_02_00000027.wav,02,1,0.9986642288797625,0.8041817491661383,1,True
SVM-sup (AE latent),anomaly/anomaly_id_04_00000085.wav,04,1,0.9734552876268252,0.8041817491661383,1,True
SVM-sup (AE latent),anomaly/anomaly_id_00_00000123.wav,00,1,0.9993437930653637,0.8041817491661383,1,True
SVM-sup (AE latent),anomaly/anomaly_id_04_00000047.wav,04,1,0.17609044442275512,0.8041817491661383,0,False
SVM-sup (AE latent),anomaly/anomaly_id_00_00000103.wav,00,1,0.949562242963456,0.8041817491661383,1,True
SVM-sup (AE latent),anomaly/anomaly_id_00_00000090.wav,00,1,0.9960413005444972,0.8041817491661383,1,True
SVM-sup (AE latent),anomaly/anomaly_id_02_00000056.wav,02,1,0.9999995254999191,0.8041817491661383,1,True
SVM-sup (AE latent),anomaly/anomaly_id_04_00000020.wav,04,1,0.9515113256852437,0.8041817491661383,1,True
SVM-sup (AE latent),anomaly/anomaly_id_06_00000031.wav,06,1,0.995919044106654,0.8041817491661383,1,True
SVM-sup (AE latent),anomaly/anomaly_id_02_00000063.wav,02,1,0.9748002672257026,0.8041817491661383,1,True
SVM-sup (AE latent),anomaly/anomaly_id_00_00000087.wav,00,1,0.9999994298815069,0.8041817491661383,1,True
SVM-sup (AE latent),anomaly/anomaly_id_02_00000078.wav,02,1,0.9898097264700915,0.8041817491661383,1,True
SVM-sup (AE latent),anomaly/anomaly_id_00_00000142.wav,00,1,0.36570204919253535,0.8041817491661383,0,False
SVM-sup (AE latent),anomaly/anomaly_id_00_00000111.wav,00,1,0.9985443842621137,0.8041817491661383,1,True
SVM-sup (AE latent),anomaly/anomaly_id_04_00000075.wav,04,1,0.6531509239070208,0.8041817491661383,0,False
SVM-sup (AE latent),anomaly/anomaly_id_06_00000017.wav,06,1,0.9442367526458261,0.8041817491661383,1,True
SVM-sup (AE latent),anomaly/anomaly_id_04_00000023.wav,04,1,0.9984812372688157,0.8041817491661383,1,True
SVM-sup (AE latent),anomaly/anomaly_id_04_00000095.wav,04,1,0.9219901352756908,0.8041817491661383,1,True
SVM-sup (AE latent),anomaly/anomaly_id_06_00000063.wav,06,1,0.6012717816029197,0.8041817491661383,0,False
SVM-sup (AE latent),anomaly/anomaly_id_02_00000044.wav,02,1,0.930243189340414,0.8041817491661383,1,True
SVM-sup (AE latent),anomaly/anomaly_id_00_00000065.wav,00,1,0.21766622510420863,0.8041817491661383,0,False
SVM-sup (AE latent),anomaly/anomaly_id_06_00000078.wav,06,1,0.994856342104899,0.8041817491661383,1,True
SVM-sup (AE latent),anomaly/anomaly_id_00_00000099.wav,00,1,0.8403324296305169,0.8041817491661383,1,True
SVM-sup (AE latent),anomaly/anomaly_id_00_00000071.wav,00,1,0.9999999928314924,0.8041817491661383,1,True
SVM-sup (AE latent),anomaly/anomaly_id_06_00000058.wav,06,1,0.9956154837547128,0.8041817491661383,1,True
SVM-sup (AE latent),anomaly/anomaly_id_00_00000069.wav,00,1,0.9995435774757961,0.8041817491661383,1,True
SVM-sup (AE latent),anomaly/anomaly_id_06_00000021.wav,06,1,0.9384273379382988,0.8041817491661383,1,True
SVM-sup (AE latent),anomaly/anomaly_id_00_00000125.wav,00,1,0.20410227873854112,0.8041817491661383,0,False
SVM-sup (AE latent),anomaly/anomaly_id_02_00000034.wav,02,1,0.9960752015628176,0.8041817491661383,1,True
SVM-sup (AE latent),anomaly/anomaly_id_02_00000081.wav,02,1,0.8621304802272772,0.8041817491661383,1,True
SVM-sup (AE latent),anomaly/anomaly_id_06_00000086.wav,06,1,0.9884146432604877,0.8041817491661383,1,True
SVM-sup (AE latent),anomaly/anomaly_id_00_00000117.wav,00,1,0.10308129306498305,0.8041817491661383,0,False
SVM-sup (AE latent),anomaly/anomaly_id_00_00000074.wav,00,1,0.14881256660349917,0.8041817491661383,0,False
SVM-sup (AE latent),anomaly/anomaly_id_06_00000018.wav,06,1,0.2888239894886289,0.8041817491661383,0,False
SVM-sup (AE latent),anomaly/anomaly_id_00_00000010.wav,00,1,0.9461264211467775,0.8041817491661383,1,True
SVM-sup (AE latent),anomaly/anomaly_id_00_00000116.wav,00,1,0.8667018329473386,0.8041817491661383,1,True
SVM-sup (AE latent),anomaly/anomaly_id_06_00000039.wav,06,1,0.9508498062550308,0.8041817491661383,1,True
SVM-sup (AE latent),anomaly/anomaly_id_02_00000014.wav,02,1,0.7707228201672284,0.8041817491661383,0,False
SVM-sup (AE latent),anomaly/anomaly_id_00_00000063.wav,00,1,0.6944885538721598,0.8041817491661383,0,False
SVM-sup (AE latent),anomaly/anomaly_id_02_00000080.wav,02,1,0.9884920717165557,0.8041817491661383,1,True
SVM-sup (AE latent),anomaly/anomaly_id_00_00000001.wav,00,1,0.3804463969377024,0.8041817491661383,0,False
SVM-sup (AE latent),anomaly/anomaly_id_00_00000042.wav,00,1,0.5403428748133401,0.8041817491661383,0,False
SVM-sup (AE latent),anomaly/anomaly_id_00_00000122.wav,00,1,0.9342105490029569,0.8041817491661383,1,True
SVM-sup (AE latent),anomaly/anomaly_id_00_00000017.wav,00,1,0.44953149739439824,0.8041817491661383,0,False
SVM-sup (AE latent),anomaly/anomaly_id_02_00000024.wav,02,1,0.8425231204472747,0.8041817491661383,1,True
SVM-sup (AE latent),anomaly/anomaly_id_04_00000043.wav,04,1,0.9863303786126382,0.8041817491661383,1,True
SVM-sup (AE latent),anomaly/anomaly_id_04_00000055.wav,04,1,0.7043829110829628,0.8041817491661383,0,False
SVM-sup (AE latent),anomaly/anomaly_id_00_00000076.wav,00,1,0.9999999831033202,0.8041817491661383,1,True
SVM-sup (AE latent),anomaly/anomaly_id_04_00000059.wav,04,1,0.5403915756185191,0.8041817491661383,0,False
SVM-sup (AE latent),anomaly/anomaly_id_04_00000042.wav,04,1,0.8938682719708532,0.8041817491661383,1,True
SVM-sup (AE latent),anomaly/anomaly_id_02_00000065.wav,02,1,0.9768819843704324,0.8041817491661383,1,True
SVM-sup (AE latent),anomaly/anomaly_id_04_00000071.wav,04,1,0.9691725114139628,0.8041817491661383,1,True
SVM-sup (AE latent),anomaly/anomaly_id_00_00000031.wav,00,1,0.4288679754036041,0.8041817491661383,0,False
SVM-sup (AE latent),anomaly/anomaly_id_00_00000129.wav,00,1,0.9999999090479466,0.8041817491661383,1,True
SVM-sup (AE latent),anomaly/anomaly_id_06_00000049.wav,06,1,0.9941841968073261,0.8041817491661383,1,True
SVM-sup (AE latent),anomaly/anomaly_id_00_00000105.wav,00,1,0.28627909384502487,0.8041817491661383,0,False
SVM-sup (AE latent),anomaly/anomaly_id_04_00000036.wav,04,1,0.9937356408868427,0.8041817491661383,1,True
SVM-sup (AE latent),anomaly/anomaly_id_04_00000013.wav,04,1,0.9999972051550038,0.8041817491661383,1,True
SVM-sup (AE latent),anomaly/anomaly_id_06_00000044.wav,06,1,0.8984917063215677,0.8041817491661383,1,True
SVM-sup (AE latent),anomaly/anomaly_id_02_00000069.wav,02,1,0.9926565210739149,0.8041817491661383,1,True
SVM-sup (AE latent),anomaly/anomaly_id_00_00000043.wav,00,1,0.8275108158231883,0.8041817491661383,1,True
SVM-sup (AE latent),anomaly/anomaly_id_06_00000072.wav,06,1,0.33306829498778584,0.8041817491661383,0,False
SVM-sup (AE latent),anomaly/anomaly_id_02_00000017.wav,02,1,0.9890133247945414,0.8041817491661383,1,True
SVM-sup (AE latent),anomaly/anomaly_id_04_00000063.wav,04,1,0.8643968989592005,0.8041817491661383,1,True
SVM-sup (AE latent),anomaly/anomaly_id_00_00000057.wav,00,1,0.716326913919366,0.8041817491661383,0,False
SVM-sup (AE latent),anomaly/anomaly_id_04_00000025.wav,04,1,0.9340417533987851,0.8041817491661383,1,True
SVM-sup (AE latent),anomaly/anomaly_id_00_00000023.wav,00,1,0.995937622449953,0.8041817491661383,1,True
SVM-sup (AE latent),anomaly/anomaly_id_04_00000018.wav,04,1,0.9994775541539563,0.8041817491661383,1,True
SVM-sup (AE latent),anomaly/anomaly_id_00_00000015.wav,00,1,0.6448894175638124,0.8041817491661383,0,False
SVM-sup (AE latent),anomaly/anomaly_id_04_00000062.wav,04,1,0.12453917384553612,0.8041817491661383,0,False
SVM-sup (AE latent),anomaly/anomaly_id_00_00000109.wav,00,1,0.8194076757404197,0.8041817491661383,1,True
SVM-sup (AE latent),anomaly/anomaly_id_00_00000137.wav,00,1,0.9391764692866202,0.8041817491661383,1,True
SVM-sup (AE latent),anomaly/anomaly_id_02_00000047.wav,02,1,0.9964536650788198,0.8041817491661383,1,True
SVM-sup (AE latent),anomaly/anomaly_id_04_00000033.wav,04,1,0.9961238423022899,0.8041817491661383,1,True
SVM-sup (AE latent),anomaly/anomaly_id_00_00000016.wav,00,1,0.6221995082801024,0.8041817491661383,0,False
SVM-sup (AE latent),anomaly/anomaly_id_04_00000046.wav,04,1,0.12086526665310335,0.8041817491661383,0,False
SVM-sup (AE latent),anomaly/anomaly_id_02_00000097.wav,02,1,0.9999919858294617,0.8041817491661383,1,True
SVM-sup (AE latent),anomaly/anomaly_id_00_00000110.wav,00,1,0.8552160058089425,0.8041817491661383,1,True
SVM-sup (AE latent),anomaly/anomaly_id_02_00000052.wav,02,1,0.9981202658736942,0.8041817491661383,1,True
SVM-sup (AE latent),anomaly/anomaly_id_00_00000034.wav,00,1,0.9969435391018917,0.8041817491661383,1,True
SVM-sup (AE latent),anomaly/anomaly_id_04_00000032.wav,04,1,0.15616244738983687,0.8041817491661383,0,False
SVM-sup (AE latent),anomaly/anomaly_id_04_00000060.wav,04,1,0.9999997479783579,0.8041817491661383,1,True
SVM-sup (AE latent),anomaly/anomaly_id_00_00000035.wav,00,1,0.9625040847281922,0.8041817491661383,1,True
SVM-sup (AE latent),anomaly/anomaly_id_04_00000079.wav,04,1,0.9823743407065755,0.8041817491661383,1,True
SVM-sup (AE latent),anomaly/anomaly_id_02_00000039.wav,02,1,0.9110917650558569,0.8041817491661383,1,True
SVM-sup (AE latent),anomaly/anomaly_id_00_00000049.wav,00,1,0.6034128369463521,0.8041817491661383,0,False
SVM-sup (AE latent),anomaly/anomaly_id_00_00000006.wav,00,1,0.7720380932200919,0.8041817491661383,0,False
SVM-sup (AE latent),anomaly/anomaly_id_00_00000102.wav,00,1,0.9091999193677823,0.8041817491661383,1,True
SVM-sup (AE latent),anomaly/anomaly_id_02_00000032.wav,02,1,0.8793875559998788,0.8041817491661383,1,True
SVM-sup (AE latent),anomaly/anomaly_id_00_00000139.wav,00,1,0.9066491771545686,0.8041817491661383,1,True
SVM-sup (AE latent),anomaly/anomaly_id_06_00000084.wav,06,1,0.7065527588874019,0.8041817491661383,0,False
SVM-sup (AE latent),anomaly/anomaly_id_00_00000041.wav,00,1,0.5513400472795275,0.8041817491661383,0,False
SVM-sup (AE latent),anomaly/anomaly_id_06_00000012.wav,06,1,0.9929292340149547,0.8041817491661383,1,True
SVM-sup (AE latent),anomaly/anomaly_id_00_00000022.wav,00,1,0.0063139252194372684,0.8041817491661383,0,False
SVM-sup (AE latent),anomaly/anomaly_id_04_00000021.wav,04,1,0.68983389829272,0.8041817491661383,0,False
SVM-sup (AE latent),anomaly/anomaly_id_02_00000020.wav,02,1,0.9986885305761284,0.8041817491661383,1,True
SVM-sup (AE latent),anomaly/anomaly_id_04_00000066.wav,04,1,0.25348865019390265,0.8041817491661383,0,False
SVM-sup (AE latent),anomaly/anomaly_id_04_00000049.wav,04,1,0.9800700852673953,0.8041817491661383,1,True
SVM-sup (AE latent),anomaly/anomaly_id_00_00000113.wav,00,1,0.6919008512678055,0.8041817491661383,0,False
SVM-sup (AE latent),anomaly/anomaly_id_02_00000094.wav,02,1,0.9359286034778879,0.8041817491661383,1,True
SVM-sup (AE latent),anomaly/anomaly_id_06_00000042.wav,06,1,0.998087947261021,0.8041817491661383,1,True
SVM-sup (AE latent),anomaly/anomaly_id_06_00000083.wav,06,1,0.5050128770155493,0.8041817491661383,0,False
SVM-sup (AE latent),anomaly/anomaly_id_00_00000014.wav,00,1,0.9910868179146378,0.8041817491661383,1,True
SVM-sup (AE latent),anomaly/anomaly_id_00_00000141.wav,00,1,0.0017635195621971966,0.8041817491661383,0,False
SVM-sup (AE latent),anomaly/anomaly_id_02_00000051.wav,02,1,0.8404319864442393,0.8041817491661383,1,True
SVM-sup (AE latent),anomaly/anomaly_id_00_00000036.wav,00,1,0.999998573967081,0.8041817491661383,1,True
SVM-sup (AE latent),anomaly/anomaly_id_00_00000097.wav,00,1,0.9829060272424301,0.8041817491661383,1,True
SVM-sup (AE latent),anomaly/anomaly_id_06_00000095.wav,06,1,0.9700969843000811,0.8041817491661383,1,True
SVM-sup (AE latent),anomaly/anomaly_id_00_00000136.wav,00,1,0.003096378211507851,0.8041817491661383,0,False
XGBoost (AE latent),test-normal/normal_id_06_00000054.wav,06,0,0.11500605940818787,0.6783525347709656,0,True
XGBoost (AE latent),test-normal/normal_id_06_00000060.wav,06,0,0.016764985397458076,0.6783525347709656,0,True
XGBoost (AE latent),test-normal/normal_id_02_00000058.wav,02,0,0.30922842025756836,0.6783525347709656,0,True
XGBoost (AE latent),test-normal/normal_id_04_00000039.wav,04,0,0.007813208736479282,0.6783525347709656,0,True
XGBoost (AE latent),test-normal/normal_id_06_00000047.wav,06,0,0.03198998421430588,0.6783525347709656,0,True
XGBoost (AE latent),test-normal/normal_id_00_00000095.wav,00,0,0.6255248188972473,0.6783525347709656,0,True
XGBoost (AE latent),test-normal/normal_id_04_00000092.wav,04,0,0.0018864342710003257,0.6783525347709656,0,True
XGBoost (AE latent),test-normal/normal_id_00_00000092.wav,00,0,0.6046980619430542,0.6783525347709656,0,True
XGBoost (AE latent),test-normal/normal_id_06_00000082.wav,06,0,0.009241094812750816,0.6783525347709656,0,True
XGBoost (AE latent),test-normal/normal_id_04_00000094.wav,04,0,0.002776997396722436,0.6783525347709656,0,True
XGBoost (AE latent),test-normal/normal_id_04_00000063.wav,04,0,0.1947299838066101,0.6783525347709656,0,True
XGBoost (AE latent),test-normal/normal_id_02_00000086.wav,02,0,0.01988326758146286,0.6783525347709656,0,True
XGBoost (AE latent),test-normal/normal_id_00_00000007.wav,00,0,0.1519044190645218,0.6783525347709656,0,True
XGBoost (AE latent),test-normal/normal_id_04_00000076.wav,04,0,0.07400336116552353,0.6783525347709656,0,True
XGBoost (AE latent),test-normal/normal_id_06_00000035.wav,06,0,0.031009439378976822,0.6783525347709656,0,True
XGBoost (AE latent),test-normal/normal_id_04_00000084.wav,04,0,0.006361913867294788,0.6783525347709656,0,True
XGBoost (AE latent),test-normal/normal_id_00_00000060.wav,00,0,0.10988293588161469,0.6783525347709656,0,True
XGBoost (AE latent),test-normal/normal_id_06_00000053.wav,06,0,0.31737789511680603,0.6783525347709656,0,True
XGBoost (AE latent),test-normal/normal_id_04_00000033.wav,04,0,0.06168906390666962,0.6783525347709656,0,True
XGBoost (AE latent),test-normal/normal_id_00_00000088.wav,00,0,0.1640438735485077,0.6783525347709656,0,True
XGBoost (AE latent),test-normal/normal_id_06_00000040.wav,06,0,0.0025051673874258995,0.6783525347709656,0,True
XGBoost (AE latent),test-normal/normal_id_04_00000055.wav,04,0,0.017593974247574806,0.6783525347709656,0,True
XGBoost (AE latent),test-normal/normal_id_06_00000043.wav,06,0,0.03791801631450653,0.6783525347709656,0,True
XGBoost (AE latent),test-normal/normal_id_02_00000020.wav,02,0,0.16012917459011078,0.6783525347709656,0,True
XGBoost (AE latent),test-normal/normal_id_06_00000061.wav,06,0,0.09210757166147232,0.6783525347709656,0,True
XGBoost (AE latent),test-normal/normal_id_04_00000014.wav,04,0,0.008442639373242855,0.6783525347709656,0,True
XGBoost (AE latent),test-normal/normal_id_00_00000037.wav,00,0,0.06739580631256104,0.6783525347709656,0,True
XGBoost (AE latent),test-normal/normal_id_04_00000028.wav,04,0,0.009161442518234253,0.6783525347709656,0,True
XGBoost (AE latent),test-normal/normal_id_02_00000062.wav,02,0,0.4310142397880554,0.6783525347709656,0,True
XGBoost (AE latent),test-normal/normal_id_06_00000006.wav,06,0,0.06257952749729156,0.6783525347709656,0,True
XGBoost (AE latent),test-normal/normal_id_04_00000080.wav,04,0,0.04103536158800125,0.6783525347709656,0,True
XGBoost (AE latent),test-normal/normal_id_04_00000089.wav,04,0,0.014706592075526714,0.6783525347709656,0,True
XGBoost (AE latent),test-normal/normal_id_04_00000082.wav,04,0,0.020019449293613434,0.6783525347709656,0,True
XGBoost (AE latent),test-normal/normal_id_00_00000020.wav,00,0,0.3233439028263092,0.6783525347709656,0,True
XGBoost (AE latent),test-normal/normal_id_02_00000059.wav,02,0,0.714411735534668,0.6783525347709656,1,False
XGBoost (AE latent),test-normal/normal_id_04_00000054.wav,04,0,0.056270334869623184,0.6783525347709656,0,True
XGBoost (AE latent),test-normal/normal_id_02_00000051.wav,02,0,0.027416156604886055,0.6783525347709656,0,True
XGBoost (AE latent),test-normal/normal_id_04_00000036.wav,04,0,0.05687401071190834,0.6783525347709656,0,True
XGBoost (AE latent),test-normal/normal_id_02_00000061.wav,02,0,0.40854009985923767,0.6783525347709656,0,True
XGBoost (AE latent),test-normal/normal_id_06_00000099.wav,06,0,0.0062092747539281845,0.6783525347709656,0,True
XGBoost (AE latent),test-normal/normal_id_04_00000016.wav,04,0,0.006517901550978422,0.6783525347709656,0,True
XGBoost (AE latent),test-normal/normal_id_04_00000007.wav,04,0,0.002703891135752201,0.6783525347709656,0,True
XGBoost (AE latent),test-normal/normal_id_04_00000061.wav,04,0,0.009495922364294529,0.6783525347709656,0,True
XGBoost (AE latent),test-normal/normal_id_02_00000073.wav,02,0,0.017261331900954247,0.6783525347709656,0,True
XGBoost (AE latent),test-normal/normal_id_02_00000012.wav,02,0,0.06560515612363815,0.6783525347709656,0,True
XGBoost (AE latent),test-normal/normal_id_00_00000018.wav,00,0,0.2519771158695221,0.6783525347709656,0,True
XGBoost (AE latent),test-normal/normal_id_02_00000053.wav,02,0,0.9222276210784912,0.6783525347709656,1,False
XGBoost (AE latent),test-normal/normal_id_00_00000011.wav,00,0,0.38868027925491333,0.6783525347709656,0,True
XGBoost (AE latent),test-normal/normal_id_06_00000032.wav,06,0,0.032668884843587875,0.6783525347709656,0,True
XGBoost (AE latent),test-normal/normal_id_06_00000023.wav,06,0,0.004942810162901878,0.6783525347709656,0,True
XGBoost (AE latent),test-normal/normal_id_04_00000005.wav,04,0,0.056250110268592834,0.6783525347709656,0,True
XGBoost (AE latent),test-normal/normal_id_00_00000079.wav,00,0,0.060095448046922684,0.6783525347709656,0,True
XGBoost (AE latent),test-normal/normal_id_04_00000002.wav,04,0,0.00509249372407794,0.6783525347709656,0,True
XGBoost (AE latent),test-normal/normal_id_04_00000059.wav,04,0,0.3511385917663574,0.6783525347709656,0,True
XGBoost (AE latent),test-normal/normal_id_04_00000035.wav,04,0,0.025418652221560478,0.6783525347709656,0,True
XGBoost (AE latent),test-normal/normal_id_06_00000042.wav,06,0,0.005597548559308052,0.6783525347709656,0,True
XGBoost (AE latent),test-normal/normal_id_00_00000066.wav,00,0,0.1794227957725525,0.6783525347709656,0,True
XGBoost (AE latent),test-normal/normal_id_00_00000009.wav,00,0,0.13649338483810425,0.6783525347709656,0,True
XGBoost (AE latent),test-normal/normal_id_00_00000059.wav,00,0,0.024513714015483856,0.6783525347709656,0,True
XGBoost (AE latent),test-normal/normal_id_06_00000034.wav,06,0,0.03292561322450638,0.6783525347709656,0,True
XGBoost (AE latent),test-normal/normal_id_00_00000004.wav,00,0,0.12404999136924744,0.6783525347709656,0,True
XGBoost (AE latent),test-normal/normal_id_00_00000094.wav,00,0,0.022135073319077492,0.6783525347709656,0,True
XGBoost (AE latent),test-normal/normal_id_00_00000048.wav,00,0,0.4975012242794037,0.6783525347709656,0,True
XGBoost (AE latent),test-normal/normal_id_00_00000093.wav,00,0,0.22872847318649292,0.6783525347709656,0,True
XGBoost (AE latent),test-normal/normal_id_04_00000051.wav,04,0,0.018321100622415543,0.6783525347709656,0,True
XGBoost (AE latent),test-normal/normal_id_04_00000073.wav,04,0,0.034864626824855804,0.6783525347709656,0,True
XGBoost (AE latent),test-normal/normal_id_00_00000032.wav,00,0,0.23946097493171692,0.6783525347709656,0,True
XGBoost (AE latent),test-normal/normal_id_02_00000055.wav,02,0,0.4934493601322174,0.6783525347709656,0,True
XGBoost (AE latent),test-normal/normal_id_02_00000028.wav,02,0,0.02723156474530697,0.6783525347709656,0,True
XGBoost (AE latent),test-normal/normal_id_02_00000021.wav,02,0,0.03892640024423599,0.6783525347709656,0,True
XGBoost (AE latent),test-normal/normal_id_04_00000027.wav,04,0,0.0057096220552921295,0.6783525347709656,0,True
XGBoost (AE latent),test-normal/normal_id_02_00000030.wav,02,0,0.2216159850358963,0.6783525347709656,0,True
XGBoost (AE latent),test-normal/normal_id_00_00000081.wav,00,0,0.09490229934453964,0.6783525347709656,0,True
XGBoost (AE latent),test-normal/normal_id_00_00000052.wav,00,0,0.24129660427570343,0.6783525347709656,0,True
XGBoost (AE latent),test-normal/normal_id_06_00000028.wav,06,0,0.26165056228637695,0.6783525347709656,0,True
XGBoost (AE latent),test-normal/normal_id_00_00000028.wav,00,0,0.21407204866409302,0.6783525347709656,0,True
XGBoost (AE latent),test-normal/normal_id_06_00000052.wav,06,0,0.0116044320166111,0.6783525347709656,0,True
XGBoost (AE latent),test-normal/normal_id_04_00000009.wav,04,0,0.10457830131053925,0.6783525347709656,0,True
XGBoost (AE latent),test-normal/normal_id_02_00000006.wav,02,0,0.01308000274002552,0.6783525347709656,0,True
XGBoost (AE latent),test-normal/normal_id_06_00000037.wav,06,0,0.04654935002326965,0.6783525347709656,0,True
XGBoost (AE latent),test-normal/normal_id_06_00000094.wav,06,0,0.03765905648469925,0.6783525347709656,0,True
XGBoost (AE latent),test-normal/normal_id_00_00000021.wav,00,0,0.2270851880311966,0.6783525347709656,0,True
XGBoost (AE latent),test-normal/normal_id_04_00000018.wav,04,0,0.017427125945687294,0.6783525347709656,0,True
XGBoost (AE latent),test-normal/normal_id_06_00000050.wav,06,0,0.015261421911418438,0.6783525347709656,0,True
XGBoost (AE latent),test-normal/normal_id_04_00000066.wav,04,0,0.1316068470478058,0.6783525347709656,0,True
XGBoost (AE latent),test-normal/normal_id_06_00000086.wav,06,0,0.158186674118042,0.6783525347709656,0,True
XGBoost (AE latent),test-normal/normal_id_06_00000067.wav,06,0,0.02065177820622921,0.6783525347709656,0,True
XGBoost (AE latent),test-normal/normal_id_00_00000039.wav,00,0,0.16725049912929535,0.6783525347709656,0,True
XGBoost (AE latent),test-normal/normal_id_02_00000088.wav,02,0,0.43999412655830383,0.6783525347709656,0,True
XGBoost (AE latent),test-normal/normal_id_00_00000013.wav,00,0,0.1033795177936554,0.6783525347709656,0,True
XGBoost (AE latent),test-normal/normal_id_02_00000089.wav,02,0,0.23736590147018433,0.6783525347709656,0,True
XGBoost (AE latent),test-normal/normal_id_06_00000008.wav,06,0,0.06017043814063072,0.6783525347709656,0,True
XGBoost (AE latent),test-normal/normal_id_04_00000020.wav,04,0,0.19410331547260284,0.6783525347709656,0,True
XGBoost (AE latent),test-normal/normal_id_00_00000005.wav,00,0,0.19690614938735962,0.6783525347709656,0,True
XGBoost (AE latent),test-normal/normal_id_00_00000085.wav,00,0,0.44658103585243225,0.6783525347709656,0,True
XGBoost (AE latent),test-normal/normal_id_06_00000015.wav,06,0,0.2695825397968292,0.6783525347709656,0,True
XGBoost (AE latent),test-normal/normal_id_04_00000078.wav,04,0,0.00889219157397747,0.6783525347709656,0,True
XGBoost (AE latent),test-normal/normal_id_00_00000078.wav,00,0,0.28153419494628906,0.6783525347709656,0,True
XGBoost (AE latent),test-normal/normal_id_02_00000014.wav,02,0,0.04221639037132263,0.6783525347709656,0,True
XGBoost (AE latent),test-normal/normal_id_02_00000070.wav,02,0,0.09254094213247299,0.6783525347709656,0,True
XGBoost (AE latent),test-normal/normal_id_02_00000023.wav,02,0,0.7050118446350098,0.6783525347709656,1,False
XGBoost (AE latent),test-normal/normal_id_06_00000001.wav,06,0,0.012893887236714363,0.6783525347709656,0,True
XGBoost (AE latent),test-normal/normal_id_02_00000003.wav,02,0,0.10563980042934418,0.6783525347709656,0,True
XGBoost (AE latent),test-normal/normal_id_00_00000090.wav,00,0,0.5324764847755432,0.6783525347709656,0,True
XGBoost (AE latent),test-normal/normal_id_02_00000099.wav,02,0,0.08327624201774597,0.6783525347709656,0,True
XGBoost (AE latent),test-normal/normal_id_04_00000074.wav,04,0,0.0034797717817127705,0.6783525347709656,0,True
XGBoost (AE latent),test-normal/normal_id_06_00000077.wav,06,0,0.0674983337521553,0.6783525347709656,0,True
XGBoost (AE latent),test-normal/normal_id_04_00000006.wav,04,0,0.0393124558031559,0.6783525347709656,0,True
XGBoost (AE latent),test-normal/normal_id_00_00000087.wav,00,0,0.19829851388931274,0.6783525347709656,0,True
XGBoost (AE latent),test-normal/normal_id_04_00000021.wav,04,0,0.0036233803257346153,0.6783525347709656,0,True
XGBoost (AE latent),test-normal/normal_id_02_00000042.wav,02,0,0.017099352553486824,0.6783525347709656,0,True
XGBoost (AE latent),test-normal/normal_id_02_00000011.wav,02,0,0.26223838329315186,0.6783525347709656,0,True
XGBoost (AE latent),test-normal/normal_id_06_00000090.wav,06,0,0.0033159698359668255,0.6783525347709656,0,True
XGBoost (AE latent),test-normal/normal_id_04_00000077.wav,04,0,0.03625146299600601,0.6783525347709656,0,True
XGBoost (AE latent),test-normal/normal_id_06_00000064.wav,06,0,0.07216908037662506,0.6783525347709656,0,True
XGBoost (AE latent),test-normal/normal_id_02_00000087.wav,02,0,0.31071189045906067,0.6783525347709656,0,True
XGBoost (AE latent),test-normal/normal_id_00_00000065.wav,00,0,0.28939712047576904,0.6783525347709656,0,True
XGBoost (AE latent),test-normal/normal_id_06_00000079.wav,06,0,0.25902602076530457,0.6783525347709656,0,True
XGBoost (AE latent),test-normal/normal_id_00_00000099.wav,00,0,0.04234328866004944,0.6783525347709656,0,True
XGBoost (AE latent),test-normal/normal_id_00_00000071.wav,00,0,0.894768476486206,0.6783525347709656,1,False
XGBoost (AE latent),test-normal/normal_id_06_00000059.wav,06,0,0.0043992348946630955,0.6783525347709656,0,True
XGBoost (AE latent),test-normal/normal_id_00_00000069.wav,00,0,0.003914071246981621,0.6783525347709656,0,True
XGBoost (AE latent),test-normal/normal_id_06_00000024.wav,06,0,0.10646495223045349,0.6783525347709656,0,True
XGBoost (AE latent),test-normal/normal_id_02_00000025.wav,02,0,0.03015105612576008,0.6783525347709656,0,True
XGBoost (AE latent),test-normal/normal_id_02_00000077.wav,02,0,0.03846627473831177,0.6783525347709656,0,True
XGBoost (AE latent),test-normal/normal_id_04_00000024.wav,04,0,0.003170543583109975,0.6783525347709656,0,True
XGBoost (AE latent),test-normal/normal_id_06_00000087.wav,06,0,0.01804550737142563,0.6783525347709656,0,True
XGBoost (AE latent),test-normal/normal_id_02_00000017.wav,02,0,0.14402595162391663,0.6783525347709656,0,True
XGBoost (AE latent),test-normal/normal_id_00_00000074.wav,00,0,0.08520787954330444,0.6783525347709656,0,True
XGBoost (AE latent),test-normal/normal_id_00_00000010.wav,00,0,0.3315366804599762,0.6783525347709656,0,True
XGBoost (AE latent),test-normal/normal_id_02_00000016.wav,02,0,0.3482658565044403,0.6783525347709656,0,True
XGBoost (AE latent),test-normal/normal_id_06_00000041.wav,06,0,0.11544421315193176,0.6783525347709656,0,True
XGBoost (AE latent),test-normal/normal_id_02_00000057.wav,02,0,0.06727629154920578,0.6783525347709656,0,True
XGBoost (AE latent),test-normal/normal_id_00_00000063.wav,00,0,0.07054676115512848,0.6783525347709656,0,True
XGBoost (AE latent),test-normal/normal_id_04_00000023.wav,04,0,0.09226802736520767,0.6783525347709656,0,True
XGBoost (AE latent),test-normal/normal_id_00_00000001.wav,00,0,0.10175279527902603,0.6783525347709656,0,True
XGBoost (AE latent),test-normal/normal_id_00_00000042.wav,00,0,0.008787434548139572,0.6783525347709656,0,True
XGBoost (AE latent),test-normal/normal_id_02_00000022.wav,02,0,0.12193647772073746,0.6783525347709656,0,True
XGBoost (AE latent),test-normal/normal_id_00_00000017.wav,00,0,0.14474929869174957,0.6783525347709656,0,True
XGBoost (AE latent),test-normal/normal_id_02_00000067.wav,02,0,0.25459423661231995,0.6783525347709656,0,True
XGBoost (AE latent),test-normal/normal_id_04_00000097.wav,04,0,0.004206670448184013,0.6783525347709656,0,True
XGBoost (AE latent),test-normal/normal_id_06_00000009.wav,06,0,0.0013037017779424787,0.6783525347709656,0,True
XGBoost (AE latent),test-normal/normal_id_00_00000076.wav,00,0,0.06623503565788269,0.6783525347709656,0,True
XGBoost (AE latent),test-normal/normal_id_06_00000013.wav,06,0,0.006348847411572933,0.6783525347709656,0,True
XGBoost (AE latent),test-normal/normal_id_04_00000096.wav,04,0,0.1254543662071228,0.6783525347709656,0,True
XGBoost (AE latent),test-normal/normal_id_04_00000008.wav,04,0,0.035765454173088074,0.6783525347709656,0,True
XGBoost (AE latent),test-normal/normal_id_06_00000025.wav,06,0,0.48147550225257874,0.6783525347709656,0,True
XGBoost (AE latent),test-normal/normal_id_00_00000031.wav,00,0,0.17413336038589478,0.6783525347709656,0,True
XGBoost (AE latent),test-normal/normal_id_02_00000029.wav,02,0,0.25968584418296814,0.6783525347709656,0,True
XGBoost (AE latent),test-normal/normal_id_06_00000051.wav,06,0,0.14626142382621765,0.6783525347709656,0,True
XGBoost (AE latent),test-normal/normal_id_02_00000005.wav,02,0,0.1265396773815155,0.6783525347709656,0,True
XGBoost (AE latent),test-normal/normal_id_04_00000090.wav,04,0,0.006975768133997917,0.6783525347709656,0,True
XGBoost (AE latent),test-normal/normal_id_04_00000067.wav,04,0,0.004535147920250893,0.6783525347709656,0,True
XGBoost (AE latent),test-normal/normal_id_04_00000012.wav,04,0,0.005982591770589352,0.6783525347709656,0,True
XGBoost (AE latent),test-normal/normal_id_00_00000043.wav,00,0,0.07004164159297943,0.6783525347709656,0,True
XGBoost (AE latent),test-normal/normal_id_06_00000073.wav,06,0,0.09122927486896515,0.6783525347709656,0,True
XGBoost (AE latent),test-normal/normal_id_02_00000060.wav,02,0,0.03251520171761513,0.6783525347709656,0,True
XGBoost (AE latent),test-normal/normal_id_06_00000017.wav,06,0,0.02205493487417698,0.6783525347709656,0,True
XGBoost (AE latent),test-normal/normal_id_00_00000057.wav,00,0,0.08255612105131149,0.6783525347709656,0,True
XGBoost (AE latent),test-normal/normal_id_04_00000079.wav,04,0,0.02057846635580063,0.6783525347709656,0,True
XGBoost (AE latent),test-normal/normal_id_00_00000023.wav,00,0,0.6996045708656311,0.6783525347709656,1,False
XGBoost (AE latent),test-normal/normal_id_04_00000072.wav,04,0,0.11495596915483475,0.6783525347709656,0,True
XGBoost (AE latent),test-normal/normal_id_00_00000015.wav,00,0,0.37960612773895264,0.6783525347709656,0,True
XGBoost (AE latent),test-normal/normal_id_06_00000016.wav,06,0,0.10204469412565231,0.6783525347709656,0,True
XGBoost (AE latent),test-normal/normal_id_02_00000009.wav,02,0,0.5655246376991272,0.6783525347709656,0,True
XGBoost (AE latent),test-normal/normal_id_02_00000037.wav,02,0,0.02027817629277706,0.6783525347709656,0,True
XGBoost (AE latent),test-normal/normal_id_02_00000090.wav,02,0,0.00916052982211113,0.6783525347709656,0,True
XGBoost (AE latent),test-normal/normal_id_04_00000087.wav,04,0,0.04816729575395584,0.6783525347709656,0,True
XGBoost (AE latent),test-normal/normal_id_00_00000016.wav,00,0,0.014002148061990738,0.6783525347709656,0,True
XGBoost (AE latent),test-normal/normal_id_06_00000000.wav,06,0,0.027583662420511246,0.6783525347709656,0,True
XGBoost (AE latent),test-normal/normal_id_04_00000040.wav,04,0,0.033024609088897705,0.6783525347709656,0,True
XGBoost (AE latent),test-normal/normal_id_02_00000010.wav,02,0,0.010398891754448414,0.6783525347709656,0,True
XGBoost (AE latent),test-normal/normal_id_02_00000095.wav,02,0,0.29887139797210693,0.6783525347709656,0,True
XGBoost (AE latent),test-normal/normal_id_00_00000034.wav,00,0,0.18657472729682922,0.6783525347709656,0,True
XGBoost (AE latent),test-normal/normal_id_04_00000086.wav,04,0,0.0026089344173669815,0.6783525347709656,0,True
XGBoost (AE latent),test-normal/normal_id_06_00000014.wav,06,0,0.00470770662650466,0.6783525347709656,0,True
XGBoost (AE latent),test-normal/normal_id_00_00000035.wav,00,0,0.4985882043838501,0.6783525347709656,0,True
XGBoost (AE latent),test-normal/normal_id_06_00000033.wav,06,0,0.08735693246126175,0.6783525347709656,0,True
XGBoost (AE latent),test-normal/normal_id_02_00000082.wav,02,0,0.04404560104012489,0.6783525347709656,0,True
XGBoost (AE latent),test-normal/normal_id_00_00000049.wav,00,0,0.3177349865436554,0.6783525347709656,0,True
XGBoost (AE latent),test-normal/normal_id_00_00000006.wav,00,0,0.48407915234565735,0.6783525347709656,0,True
XGBoost (AE latent),test-normal/normal_id_02_00000002.wav,02,0,0.07779982686042786,0.6783525347709656,0,True
XGBoost (AE latent),test-normal/normal_id_02_00000075.wav,02,0,0.41954442858695984,0.6783525347709656,0,True
XGBoost (AE latent),test-normal/normal_id_02_00000039.wav,02,0,0.0753263607621193,0.6783525347709656,0,True
XGBoost (AE latent),test-normal/normal_id_06_00000085.wav,06,0,0.09728505462408066,0.6783525347709656,0,True
XGBoost (AE latent),test-normal/normal_id_00_00000041.wav,00,0,0.2975537180900574,0.6783525347709656,0,True
XGBoost (AE latent),test-normal/normal_id_06_00000066.wav,06,0,0.011709391139447689,0.6783525347709656,0,True
XGBoost (AE latent),test-normal/normal_id_00_00000022.wav,00,0,0.02754165418446064,0.6783525347709656,0,True
XGBoost (AE latent),test-normal/normal_id_04_00000075.wav,04,0,0.02430611103773117,0.6783525347709656,0,True
XGBoost (AE latent),test-normal/normal_id_02_00000063.wav,02,0,0.4038795530796051,0.6783525347709656,0,True
XGBoost (AE latent),test-normal/normal_id_06_00000020.wav,06,0,0.008580293506383896,0.6783525347709656,0,True
XGBoost (AE latent),test-normal/normal_id_06_00000003.wav,06,0,0.006315858103334904,0.6783525347709656,0,True
XGBoost (AE latent),test-normal/normal_id_02_00000013.wav,02,0,0.1723010241985321,0.6783525347709656,0,True
XGBoost (AE latent),test-normal/normal_id_04_00000037.wav,04,0,0.003620116738602519,0.6783525347709656,0,True
XGBoost (AE latent),test-normal/normal_id_00_00000014.wav,00,0,0.025654897093772888,0.6783525347709656,0,True
XGBoost (AE latent),test-normal/normal_id_02_00000041.wav,02,0,0.3483748733997345,0.6783525347709656,0,True
XGBoost (AE latent),test-normal/normal_id_02_00000094.wav,02,0,0.4782883822917938,0.6783525347709656,0,True
XGBoost (AE latent),test-normal/normal_id_00_00000036.wav,00,0,0.147110253572464,0.6783525347709656,0,True
XGBoost (AE latent),test-normal/normal_id_00_00000097.wav,00,0,0.28942933678627014,0.6783525347709656,0,True
XGBoost (AE latent),test-normal/normal_id_02_00000036.wav,02,0,0.027349436655640602,0.6783525347709656,0,True
XGBoost (AE latent),anomaly/anomaly_id_02_00000089.wav,02,1,0.9211380481719971,0.6783525347709656,1,True
XGBoost (AE latent),anomaly/anomaly_id_04_00000073.wav,04,1,0.7210330963134766,0.6783525347709656,1,True
XGBoost (AE latent),anomaly/anomaly_id_06_00000051.wav,06,1,0.9835017323493958,0.6783525347709656,1,True
XGBoost (AE latent),anomaly/anomaly_id_04_00000035.wav,04,1,0.6674031615257263,0.6783525347709656,0,False
XGBoost (AE latent),anomaly/anomaly_id_04_00000001.wav,04,1,0.7375710010528564,0.6783525347709656,1,True
XGBoost (AE latent),anomaly/anomaly_id_04_00000011.wav,04,1,0.9343603849411011,0.6783525347709656,1,True
XGBoost (AE latent),anomaly/anomaly_id_04_00000080.wav,04,1,0.6611147522926331,0.6783525347709656,0,False
XGBoost (AE latent),anomaly/anomaly_id_06_00000036.wav,06,1,0.6076325178146362,0.6783525347709656,0,False
XGBoost (AE latent),anomaly/anomaly_id_00_00000024.wav,00,1,0.5760921835899353,0.6783525347709656,0,False
XGBoost (AE latent),anomaly/anomaly_id_04_00000098.wav,04,1,0.9915004372596741,0.6783525347709656,1,True
XGBoost (AE latent),anomaly/anomaly_id_04_00000058.wav,04,1,0.5510900020599365,0.6783525347709656,0,False
XGBoost (AE latent),anomaly/anomaly_id_02_00000091.wav,02,1,0.9831874370574951,0.6783525347709656,1,True
XGBoost (AE latent),anomaly/anomaly_id_04_00000037.wav,04,1,0.7156745791435242,0.6783525347709656,1,True
XGBoost (AE latent),anomaly/anomaly_id_04_00000070.wav,04,1,0.9417107105255127,0.6783525347709656,1,True
XGBoost (AE latent),anomaly/anomaly_id_00_00000068.wav,00,1,0.8910112380981445,0.6783525347709656,1,True
XGBoost (AE latent),anomaly/anomaly_id_00_00000056.wav,00,1,0.26330143213272095,0.6783525347709656,0,False
XGBoost (AE latent),anomaly/anomaly_id_02_00000087.wav,02,1,0.9790728092193604,0.6783525347709656,1,True
XGBoost (AE latent),anomaly/anomaly_id_00_00000019.wav,00,1,0.948462724685669,0.6783525347709656,1,True
XGBoost (AE latent),anomaly/anomaly_id_02_00000021.wav,02,1,0.772627055644989,0.6783525347709656,1,True
XGBoost (AE latent),anomaly/anomaly_id_02_00000095.wav,02,1,0.7331769466400146,0.6783525347709656,1,True
XGBoost (AE latent),anomaly/anomaly_id_06_00000088.wav,06,1,0.9427695870399475,0.6783525347709656,1,True
XGBoost (AE latent),anomaly/anomaly_id_02_00000070.wav,02,1,0.9440287351608276,0.6783525347709656,1,True
XGBoost (AE latent),anomaly/anomaly_id_00_00000060.wav,00,1,0.908741295337677,0.6783525347709656,1,True
XGBoost (AE latent),anomaly/anomaly_id_06_00000026.wav,06,1,0.9318771362304688,0.6783525347709656,1,True
XGBoost (AE latent),anomaly/anomaly_id_00_00000073.wav,00,1,0.9734929203987122,0.6783525347709656,1,True
XGBoost (AE latent),anomaly/anomaly_id_02_00000090.wav,02,1,0.8447191715240479,0.6783525347709656,1,True
XGBoost (AE latent),anomaly/anomaly_id_00_00000003.wav,00,1,0.9869650602340698,0.6783525347709656,1,True
XGBoost (AE latent),anomaly/anomaly_id_04_00000053.wav,04,1,0.7052053213119507,0.6783525347709656,1,True
XGBoost (AE latent),anomaly/anomaly_id_06_00000067.wav,06,1,0.9250378012657166,0.6783525347709656,1,True
XGBoost (AE latent),anomaly/anomaly_id_06_00000013.wav,06,1,0.8511162996292114,0.6783525347709656,1,True
XGBoost (AE latent),anomaly/anomaly_id_06_00000028.wav,06,1,0.9537943601608276,0.6783525347709656,1,True
XGBoost (AE latent),anomaly/anomaly_id_04_00000005.wav,04,1,0.9401434659957886,0.6783525347709656,1,True
XGBoost (AE latent),anomaly/anomaly_id_02_00000035.wav,02,1,0.4923977851867676,0.6783525347709656,0,False
XGBoost (AE latent),anomaly/anomaly_id_04_00000086.wav,04,1,0.8074082732200623,0.6783525347709656,1,True
XGBoost (AE latent),anomaly/anomaly_id_00_00000118.wav,00,1,0.7516186833381653,0.6783525347709656,1,True
XGBoost (AE latent),anomaly/anomaly_id_02_00000106.wav,02,1,0.9639999866485596,0.6783525347709656,1,True
XGBoost (AE latent),anomaly/anomaly_id_04_00000029.wav,04,1,0.8481307625770569,0.6783525347709656,1,True
XGBoost (AE latent),anomaly/anomaly_id_00_00000047.wav,00,1,0.09809771180152893,0.6783525347709656,0,False
XGBoost (AE latent),anomaly/anomaly_id_02_00000092.wav,02,1,0.9889242649078369,0.6783525347709656,1,True
XGBoost (AE latent),anomaly/anomaly_id_00_00000127.wav,00,1,0.9607872366905212,0.6783525347709656,1,True
XGBoost (AE latent),anomaly/anomaly_id_02_00000003.wav,02,1,0.5767107009887695,0.6783525347709656,0,False
XGBoost (AE latent),anomaly/anomaly_id_06_00000071.wav,06,1,0.7932169437408447,0.6783525347709656,1,True
XGBoost (AE latent),anomaly/anomaly_id_00_00000027.wav,00,1,0.1810859590768814,0.6783525347709656,0,False
XGBoost (AE latent),anomaly/anomaly_id_06_00000010.wav,06,1,0.13813179731369019,0.6783525347709656,0,False
XGBoost (AE latent),anomaly/anomaly_id_00_00000062.wav,00,1,0.9413638710975647,0.6783525347709656,1,True
XGBoost (AE latent),anomaly/anomaly_id_06_00000027.wav,06,1,0.7182333469390869,0.6783525347709656,1,True
XGBoost (AE latent),anomaly/anomaly_id_06_00000098.wav,06,1,0.5491169691085815,0.6783525347709656,0,False
XGBoost (AE latent),anomaly/anomaly_id_04_00000096.wav,04,1,0.15845602750778198,0.6783525347709656,0,False
XGBoost (AE latent),anomaly/anomaly_id_04_00000064.wav,04,1,0.5909541249275208,0.6783525347709656,0,False
XGBoost (AE latent),anomaly/anomaly_id_02_00000110.wav,02,1,0.814897358417511,0.6783525347709656,1,True
XGBoost (AE latent),anomaly/anomaly_id_04_00000000.wav,04,1,0.12933669984340668,0.6783525347709656,0,False
XGBoost (AE latent),anomaly/anomaly_id_06_00000060.wav,06,1,0.63092440366745,0.6783525347709656,0,False
XGBoost (AE latent),anomaly/anomaly_id_02_00000000.wav,02,1,0.9067073464393616,0.6783525347709656,1,True
XGBoost (AE latent),anomaly/anomaly_id_02_00000057.wav,02,1,0.9859812259674072,0.6783525347709656,1,True
XGBoost (AE latent),anomaly/anomaly_id_04_00000026.wav,04,1,0.15979871153831482,0.6783525347709656,0,False
XGBoost (AE latent),anomaly/anomaly_id_00_00000038.wav,00,1,0.7372548580169678,0.6783525347709656,1,True
XGBoost (AE latent),anomaly/anomaly_id_06_00000023.wav,06,1,0.16343556344509125,0.6783525347709656,0,False
XGBoost (AE latent),anomaly/anomaly_id_00_00000029.wav,00,1,0.9125669002532959,0.6783525347709656,1,True
XGBoost (AE latent),anomaly/anomaly_id_00_00000089.wav,00,1,0.4012605845928192,0.6783525347709656,0,False
XGBoost (AE latent),anomaly/anomaly_id_02_00000093.wav,02,1,0.10248318314552307,0.6783525347709656,0,False
XGBoost (AE latent),anomaly/anomaly_id_00_00000098.wav,00,1,0.8061881065368652,0.6783525347709656,1,True
XGBoost (AE latent),anomaly/anomaly_id_00_00000119.wav,00,1,0.897165834903717,0.6783525347709656,1,True
XGBoost (AE latent),anomaly/anomaly_id_02_00000005.wav,02,1,0.8918071389198303,0.6783525347709656,1,True
XGBoost (AE latent),anomaly/anomaly_id_02_00000053.wav,02,1,0.9931777119636536,0.6783525347709656,1,True
XGBoost (AE latent),anomaly/anomaly_id_04_00000093.wav,04,1,0.7938737869262695,0.6783525347709656,1,True
XGBoost (AE latent),anomaly/anomaly_id_04_00000038.wav,04,1,0.8965384364128113,0.6783525347709656,1,True
XGBoost (AE latent),anomaly/anomaly_id_00_00000134.wav,00,1,0.9544903635978699,0.6783525347709656,1,True
XGBoost (AE latent),anomaly/anomaly_id_02_00000068.wav,02,1,0.7362885475158691,0.6783525347709656,1,True
XGBoost (AE latent),anomaly/anomaly_id_00_00000012.wav,00,1,0.9974720478057861,0.6783525347709656,1,True
XGBoost (AE latent),anomaly/anomaly_id_02_00000082.wav,02,1,0.9747899174690247,0.6783525347709656,1,True
XGBoost (AE latent),anomaly/anomaly_id_00_00000067.wav,00,1,0.9517785310745239,0.6783525347709656,1,True
XGBoost (AE latent),anomaly/anomaly_id_00_00000108.wav,00,1,0.997467041015625,0.6783525347709656,1,True
XGBoost (AE latent),anomaly/anomaly_id_00_00000084.wav,00,1,0.9950524568557739,0.6783525347709656,1,True
XGBoost (AE latent),anomaly/anomaly_id_04_00000094.wav,04,1,0.07846074551343918,0.6783525347709656,0,False
XGBoost (AE latent),anomaly/anomaly_id_02_00000058.wav,02,1,0.9368587136268616,0.6783525347709656,1,True
XGBoost (AE latent),anomaly/anomaly_id_06_00000019.wav,06,1,0.3304700553417206,0.6783525347709656,0,False
XGBoost (AE latent),anomaly/anomaly_id_06_00000093.wav,06,1,0.3202514946460724,0.6783525347709656,0,False
XGBoost (AE latent),anomaly/anomaly_id_00_00000030.wav,00,1,0.26140907406806946,0.6783525347709656,0,False
XGBoost (AE latent),anomaly/anomaly_id_00_00000007.wav,00,1,0.22350174188613892,0.6783525347709656,0,False
XGBoost (AE latent),anomaly/anomaly_id_06_00000022.wav,06,1,0.19639632105827332,0.6783525347709656,0,False
XGBoost (AE latent),anomaly/anomaly_id_06_00000091.wav,06,1,0.971263587474823,0.6783525347709656,1,True
XGBoost (AE latent),anomaly/anomaly_id_02_00000102.wav,02,1,0.8608869314193726,0.6783525347709656,1,True
XGBoost (AE latent),anomaly/anomaly_id_00_00000025.wav,00,1,0.9524033069610596,0.6783525347709656,1,True
XGBoost (AE latent),anomaly/anomaly_id_00_00000092.wav,00,1,0.24272111058235168,0.6783525347709656,0,False
XGBoost (AE latent),anomaly/anomaly_id_04_00000050.wav,04,1,0.869408905506134,0.6783525347709656,1,True
XGBoost (AE latent),anomaly/anomaly_id_06_00000080.wav,06,1,0.6566089987754822,0.6783525347709656,0,False
XGBoost (AE latent),anomaly/anomaly_id_06_00000087.wav,06,1,0.5249944925308228,0.6783525347709656,0,False
XGBoost (AE latent),anomaly/anomaly_id_06_00000094.wav,06,1,0.29431095719337463,0.6783525347709656,0,False
XGBoost (AE latent),anomaly/anomaly_id_04_00000019.wav,04,1,0.91780024766922,0.6783525347709656,1,True
XGBoost (AE latent),anomaly/anomaly_id_02_00000104.wav,02,1,0.9904019236564636,0.6783525347709656,1,True
XGBoost (AE latent),anomaly/anomaly_id_00_00000040.wav,00,1,0.9914438724517822,0.6783525347709656,1,True
XGBoost (AE latent),anomaly/anomaly_id_06_00000015.wav,06,1,0.020417671650648117,0.6783525347709656,0,False
XGBoost (AE latent),anomaly/anomaly_id_02_00000013.wav,02,1,0.9074528813362122,0.6783525347709656,1,True
XGBoost (AE latent),anomaly/anomaly_id_06_00000075.wav,06,1,0.507174551486969,0.6783525347709656,0,False
XGBoost (AE latent),anomaly/anomaly_id_02_00000038.wav,02,1,0.8217310309410095,0.6783525347709656,1,True
XGBoost (AE latent),anomaly/anomaly_id_04_00000074.wav,04,1,0.09862173348665237,0.6783525347709656,0,False
XGBoost (AE latent),anomaly/anomaly_id_00_00000104.wav,00,1,0.43137407302856445,0.6783525347709656,0,False
XGBoost (AE latent),anomaly/anomaly_id_00_00000075.wav,00,1,0.2526056468486786,0.6783525347709656,0,False
XGBoost (AE latent),anomaly/anomaly_id_04_00000069.wav,04,1,0.8179705142974854,0.6783525347709656,1,True
XGBoost (AE latent),anomaly/anomaly_id_02_00000037.wav,02,1,0.50222247838974,0.6783525347709656,0,False
XGBoost (AE latent),anomaly/anomaly_id_04_00000028.wav,04,1,0.9117050170898438,0.6783525347709656,1,True
XGBoost (AE latent),anomaly/anomaly_id_00_00000135.wav,00,1,0.9870476126670837,0.6783525347709656,1,True
XGBoost (AE latent),anomaly/anomaly_id_02_00000022.wav,02,1,0.9774112701416016,0.6783525347709656,1,True
XGBoost (AE latent),anomaly/anomaly_id_02_00000050.wav,02,1,0.9918320775032043,0.6783525347709656,1,True
XGBoost (AE latent),anomaly/anomaly_id_00_00000091.wav,00,1,0.06293252110481262,0.6783525347709656,0,False
XGBoost (AE latent),anomaly/anomaly_id_04_00000017.wav,04,1,0.705780029296875,0.6783525347709656,1,True
XGBoost (AE latent),anomaly/anomaly_id_04_00000067.wav,04,1,0.9334666728973389,0.6783525347709656,1,True
XGBoost (AE latent),anomaly/anomaly_id_06_00000089.wav,06,1,0.988440215587616,0.6783525347709656,1,True
XGBoost (AE latent),anomaly/anomaly_id_02_00000002.wav,02,1,0.7327439785003662,0.6783525347709656,1,True
XGBoost (AE latent),anomaly/anomaly_id_06_00000064.wav,06,1,0.9115668535232544,0.6783525347709656,1,True
XGBoost (AE latent),anomaly/anomaly_id_02_00000074.wav,02,1,0.9935377836227417,0.6783525347709656,1,True
XGBoost (AE latent),anomaly/anomaly_id_06_00000011.wav,06,1,0.9941485524177551,0.6783525347709656,1,True
XGBoost (AE latent),anomaly/anomaly_id_02_00000006.wav,02,1,0.5884484052658081,0.6783525347709656,0,False
XGBoost (AE latent),anomaly/anomaly_id_00_00000126.wav,00,1,0.9623655676841736,0.6783525347709656,1,True
XGBoost (AE latent),anomaly/anomaly_id_06_00000045.wav,06,1,0.9947178363800049,0.6783525347709656,1,True
XGBoost (AE latent),anomaly/anomaly_id_00_00000070.wav,00,1,0.9955766201019287,0.6783525347709656,1,True
XGBoost (AE latent),anomaly/anomaly_id_04_00000089.wav,04,1,0.8293036222457886,0.6783525347709656,1,True
XGBoost (AE latent),anomaly/anomaly_id_02_00000029.wav,02,1,0.777268648147583,0.6783525347709656,1,True
XGBoost (AE latent),anomaly/anomaly_id_06_00000002.wav,06,1,0.07629339396953583,0.6783525347709656,0,False
XGBoost (AE latent),anomaly/anomaly_id_02_00000107.wav,02,1,0.9976268410682678,0.6783525347709656,1,True
XGBoost (AE latent),anomaly/anomaly_id_00_00000054.wav,00,1,0.8774717450141907,0.6783525347709656,1,True
XGBoost (AE latent),anomaly/anomaly_id_02_00000026.wav,02,1,0.9035937190055847,0.6783525347709656,1,True
XGBoost (AE latent),anomaly/anomaly_id_04_00000027.wav,04,1,0.841515839099884,0.6783525347709656,1,True
XGBoost (AE latent),anomaly/anomaly_id_02_00000072.wav,02,1,0.8058068156242371,0.6783525347709656,1,True
XGBoost (AE latent),anomaly/anomaly_id_06_00000053.wav,06,1,0.7536090612411499,0.6783525347709656,1,True
XGBoost (AE latent),anomaly/anomaly_id_06_00000059.wav,06,1,0.9779443740844727,0.6783525347709656,1,True
XGBoost (AE latent),anomaly/anomaly_id_02_00000015.wav,02,1,0.7277166247367859,0.6783525347709656,1,True
XGBoost (AE latent),anomaly/anomaly_id_06_00000101.wav,06,1,0.9929150342941284,0.6783525347709656,1,True
XGBoost (AE latent),anomaly/anomaly_id_00_00000095.wav,00,1,0.9256869554519653,0.6783525347709656,1,True
XGBoost (AE latent),anomaly/anomaly_id_06_00000081.wav,06,1,0.38293272256851196,0.6783525347709656,0,False
XGBoost (AE latent),anomaly/anomaly_id_04_00000051.wav,04,1,0.05379053205251694,0.6783525347709656,0,False
XGBoost (AE latent),anomaly/anomaly_id_02_00000043.wav,02,1,0.855571448802948,0.6783525347709656,1,True
XGBoost (AE latent),anomaly/anomaly_id_04_00000009.wav,04,1,0.4524112343788147,0.6783525347709656,0,False
XGBoost (AE latent),anomaly/anomaly_id_04_00000003.wav,04,1,0.9778712391853333,0.6783525347709656,1,True
XGBoost (AE latent),anomaly/anomaly_id_04_00000061.wav,04,1,0.8950395584106445,0.6783525347709656,1,True
XGBoost (AE latent),anomaly/anomaly_id_04_00000052.wav,04,1,0.2821406424045563,0.6783525347709656,0,False
XGBoost (AE latent),anomaly/anomaly_id_06_00000052.wav,06,1,0.3385915458202362,0.6783525347709656,0,False
XGBoost (AE latent),anomaly/anomaly_id_00_00000088.wav,00,1,0.9981640577316284,0.6783525347709656,1,True
XGBoost (AE latent),anomaly/anomaly_id_04_00000090.wav,04,1,0.7938867211341858,0.6783525347709656,1,True
XGBoost (AE latent),anomaly/anomaly_id_06_00000069.wav,06,1,0.15746861696243286,0.6783525347709656,0,False
XGBoost (AE latent),anomaly/anomaly_id_02_00000105.wav,02,1,0.7956185340881348,0.6783525347709656,1,True
XGBoost (AE latent),anomaly/anomaly_id_02_00000071.wav,02,1,0.6723842024803162,0.6783525347709656,0,False
XGBoost (AE latent),anomaly/anomaly_id_00_00000037.wav,00,1,0.9997398853302002,0.6783525347709656,1,True
XGBoost (AE latent),anomaly/anomaly_id_06_00000001.wav,06,1,0.9768832325935364,0.6783525347709656,1,True
XGBoost (AE latent),anomaly/anomaly_id_04_00000016.wav,04,1,0.6622318625450134,0.6783525347709656,0,False
XGBoost (AE latent),anomaly/anomaly_id_06_00000076.wav,06,1,0.9839955568313599,0.6783525347709656,1,True
XGBoost (AE latent),anomaly/anomaly_id_04_00000022.wav,04,1,0.2318362593650818,0.6783525347709656,0,False
XGBoost (AE latent),anomaly/anomaly_id_02_00000018.wav,02,1,0.7718692421913147,0.6783525347709656,1,True
XGBoost (AE latent),anomaly/anomaly_id_02_00000073.wav,02,1,0.9526293873786926,0.6783525347709656,1,True
XGBoost (AE latent),anomaly/anomaly_id_02_00000064.wav,02,1,0.362481951713562,0.6783525347709656,0,False
XGBoost (AE latent),anomaly/anomaly_id_06_00000090.wav,06,1,0.18849147856235504,0.6783525347709656,0,False
XGBoost (AE latent),anomaly/anomaly_id_02_00000030.wav,02,1,0.9972820281982422,0.6783525347709656,1,True
XGBoost (AE latent),anomaly/anomaly_id_00_00000112.wav,00,1,0.21483880281448364,0.6783525347709656,0,False
XGBoost (AE latent),anomaly/anomaly_id_00_00000018.wav,00,1,0.4088418781757355,0.6783525347709656,0,False
XGBoost (AE latent),anomaly/anomaly_id_02_00000010.wav,02,1,0.896068811416626,0.6783525347709656,1,True
XGBoost (AE latent),anomaly/anomaly_id_00_00000011.wav,00,1,0.31121203303337097,0.6783525347709656,0,False
XGBoost (AE latent),anomaly/anomaly_id_06_00000030.wav,06,1,0.9204683303833008,0.6783525347709656,1,True
XGBoost (AE latent),anomaly/anomaly_id_02_00000062.wav,02,1,0.9926626682281494,0.6783525347709656,1,True
XGBoost (AE latent),anomaly/anomaly_id_04_00000081.wav,04,1,0.17635735869407654,0.6783525347709656,0,False
XGBoost (AE latent),anomaly/anomaly_id_06_00000040.wav,06,1,0.3388635516166687,0.6783525347709656,0,False
XGBoost (AE latent),anomaly/anomaly_id_00_00000066.wav,00,1,0.9104005098342896,0.6783525347709656,1,True
XGBoost (AE latent),anomaly/anomaly_id_00_00000009.wav,00,1,0.702031672000885,0.6783525347709656,1,True
XGBoost (AE latent),anomaly/anomaly_id_06_00000009.wav,06,1,0.9537214636802673,0.6783525347709656,1,True
XGBoost (AE latent),anomaly/anomaly_id_00_00000059.wav,00,1,0.9280413389205933,0.6783525347709656,1,True
XGBoost (AE latent),anomaly/anomaly_id_06_00000032.wav,06,1,0.9956030249595642,0.6783525347709656,1,True
XGBoost (AE latent),anomaly/anomaly_id_06_00000038.wav,06,1,0.7514066100120544,0.6783525347709656,1,True
XGBoost (AE latent),anomaly/anomaly_id_00_00000004.wav,00,1,0.9487074613571167,0.6783525347709656,1,True
XGBoost (AE latent),anomaly/anomaly_id_00_00000094.wav,00,1,0.7965472340583801,0.6783525347709656,1,True
XGBoost (AE latent),anomaly/anomaly_id_00_00000048.wav,00,1,0.1472032219171524,0.6783525347709656,0,False
XGBoost (AE latent),anomaly/anomaly_id_00_00000093.wav,00,1,0.9788477420806885,0.6783525347709656,1,True
XGBoost (AE latent),anomaly/anomaly_id_02_00000108.wav,02,1,0.7445557117462158,0.6783525347709656,1,True
XGBoost (AE latent),anomaly/anomaly_id_06_00000056.wav,06,1,0.9872210621833801,0.6783525347709656,1,True
XGBoost (AE latent),anomaly/anomaly_id_00_00000032.wav,00,1,0.8858149647712708,0.6783525347709656,1,True
XGBoost (AE latent),anomaly/anomaly_id_02_00000012.wav,02,1,0.9779232740402222,0.6783525347709656,1,True
XGBoost (AE latent),anomaly/anomaly_id_00_00000128.wav,00,1,0.9641535878181458,0.6783525347709656,1,True
XGBoost (AE latent),anomaly/anomaly_id_00_00000121.wav,00,1,0.27254799008369446,0.6783525347709656,0,False
XGBoost (AE latent),anomaly/anomaly_id_02_00000084.wav,02,1,0.7515949606895447,0.6783525347709656,1,True
XGBoost (AE latent),anomaly/anomaly_id_00_00000130.wav,00,1,0.9407513737678528,0.6783525347709656,1,True
XGBoost (AE latent),anomaly/anomaly_id_00_00000081.wav,00,1,0.698662519454956,0.6783525347709656,1,True
XGBoost (AE latent),anomaly/anomaly_id_04_00000054.wav,04,1,0.8813778758049011,0.6783525347709656,1,True
XGBoost (AE latent),anomaly/anomaly_id_04_00000057.wav,04,1,0.07335183769464493,0.6783525347709656,0,False
XGBoost (AE latent),anomaly/anomaly_id_00_00000052.wav,00,1,0.9635120034217834,0.6783525347709656,1,True
XGBoost (AE latent),anomaly/anomaly_id_06_00000025.wav,06,1,0.9403653740882874,0.6783525347709656,1,True
XGBoost (AE latent),anomaly/anomaly_id_00_00000028.wav,00,1,0.7273356318473816,0.6783525347709656,1,True
XGBoost (AE latent),anomaly/anomaly_id_06_00000050.wav,06,1,0.3896259665489197,0.6783525347709656,0,False
XGBoost (AE latent),anomaly/anomaly_id_02_00000066.wav,02,1,0.6619570851325989,0.6783525347709656,0,False
XGBoost (AE latent),anomaly/anomaly_id_00_00000106.wav,00,1,0.9390904903411865,0.6783525347709656,1,True
XGBoost (AE latent),anomaly/anomaly_id_06_00000035.wav,06,1,0.7906883955001831,0.6783525347709656,1,True
XGBoost (AE latent),anomaly/anomaly_id_06_00000100.wav,06,1,0.9367774128913879,0.6783525347709656,1,True
XGBoost (AE latent),anomaly/anomaly_id_00_00000021.wav,00,1,0.9897076487541199,0.6783525347709656,1,True
XGBoost (AE latent),anomaly/anomaly_id_02_00000075.wav,02,1,0.634762704372406,0.6783525347709656,0,False
XGBoost (AE latent),anomaly/anomaly_id_06_00000048.wav,06,1,0.3261665999889374,0.6783525347709656,0,False
XGBoost (AE latent),anomaly/anomaly_id_04_00000012.wav,04,1,0.6839381456375122,0.6783525347709656,1,True
XGBoost (AE latent),anomaly/anomaly_id_06_00000065.wav,06,1,0.974511444568634,0.6783525347709656,1,True
XGBoost (AE latent),anomaly/anomaly_id_04_00000077.wav,04,1,0.985564649105072,0.6783525347709656,1,True
XGBoost (AE latent),anomaly/anomaly_id_00_00000039.wav,00,1,0.9370553493499756,0.6783525347709656,1,True
XGBoost (AE latent),anomaly/anomaly_id_02_00000045.wav,02,1,0.7651267647743225,0.6783525347709656,1,True
XGBoost (AE latent),anomaly/anomaly_id_00_00000013.wav,00,1,0.9802513122558594,0.6783525347709656,1,True
XGBoost (AE latent),anomaly/anomaly_id_02_00000046.wav,02,1,0.9757428765296936,0.6783525347709656,1,True
XGBoost (AE latent),anomaly/anomaly_id_04_00000091.wav,04,1,0.7407147288322449,0.6783525347709656,1,True
XGBoost (AE latent),anomaly/anomaly_id_06_00000003.wav,06,1,0.2404107004404068,0.6783525347709656,0,False
XGBoost (AE latent),anomaly/anomaly_id_02_00000077.wav,02,1,0.980841338634491,0.6783525347709656,1,True
XGBoost (AE latent),anomaly/anomaly_id_00_00000005.wav,00,1,0.9323297142982483,0.6783525347709656,1,True
XGBoost (AE latent),anomaly/anomaly_id_00_00000085.wav,00,1,0.8817567825317383,0.6783525347709656,1,True
XGBoost (AE latent),anomaly/anomaly_id_06_00000085.wav,06,1,0.359561562538147,0.6783525347709656,0,False
XGBoost (AE latent),anomaly/anomaly_id_06_00000007.wav,06,1,0.9940463304519653,0.6783525347709656,1,True
XGBoost (AE latent),anomaly/anomaly_id_04_00000078.wav,04,1,0.8330885767936707,0.6783525347709656,1,True
XGBoost (AE latent),anomaly/anomaly_id_04_00000024.wav,04,1,0.5597439408302307,0.6783525347709656,0,False
XGBoost (AE latent),anomaly/anomaly_id_00_00000078.wav,00,1,0.9814677834510803,0.6783525347709656,1,True
XGBoost (AE latent),anomaly/anomaly_id_06_00000068.wav,06,1,0.7569848299026489,0.6783525347709656,1,True
XGBoost (AE latent),anomaly/anomaly_id_00_00000114.wav,00,1,0.9896830320358276,0.6783525347709656,1,True
XGBoost (AE latent),anomaly/anomaly_id_02_00000027.wav,02,1,0.9619508385658264,0.6783525347709656,1,True
XGBoost (AE latent),anomaly/anomaly_id_04_00000085.wav,04,1,0.930126428604126,0.6783525347709656,1,True
XGBoost (AE latent),anomaly/anomaly_id_00_00000123.wav,00,1,0.980601966381073,0.6783525347709656,1,True
XGBoost (AE latent),anomaly/anomaly_id_04_00000047.wav,04,1,0.06538739800453186,0.6783525347709656,0,False
XGBoost (AE latent),anomaly/anomaly_id_00_00000103.wav,00,1,0.9060027599334717,0.6783525347709656,1,True
XGBoost (AE latent),anomaly/anomaly_id_00_00000090.wav,00,1,0.9606162309646606,0.6783525347709656,1,True
XGBoost (AE latent),anomaly/anomaly_id_02_00000056.wav,02,1,0.9948710203170776,0.6783525347709656,1,True
XGBoost (AE latent),anomaly/anomaly_id_04_00000020.wav,04,1,0.7579497694969177,0.6783525347709656,1,True
XGBoost (AE latent),anomaly/anomaly_id_06_00000031.wav,06,1,0.9880107045173645,0.6783525347709656,1,True
XGBoost (AE latent),anomaly/anomaly_id_02_00000063.wav,02,1,0.9265825748443604,0.6783525347709656,1,True
XGBoost (AE latent),anomaly/anomaly_id_00_00000087.wav,00,1,0.9976741075515747,0.6783525347709656,1,True
XGBoost (AE latent),anomaly/anomaly_id_02_00000078.wav,02,1,0.9745233058929443,0.6783525347709656,1,True
XGBoost (AE latent),anomaly/anomaly_id_00_00000142.wav,00,1,0.677926778793335,0.6783525347709656,0,False
XGBoost (AE latent),anomaly/anomaly_id_00_00000111.wav,00,1,0.9550354480743408,0.6783525347709656,1,True
XGBoost (AE latent),anomaly/anomaly_id_04_00000075.wav,04,1,0.8926695585250854,0.6783525347709656,1,True
XGBoost (AE latent),anomaly/anomaly_id_06_00000017.wav,06,1,0.8472276329994202,0.6783525347709656,1,True
XGBoost (AE latent),anomaly/anomaly_id_04_00000023.wav,04,1,0.9909379482269287,0.6783525347709656,1,True
XGBoost (AE latent),anomaly/anomaly_id_04_00000095.wav,04,1,0.9954726099967957,0.6783525347709656,1,True
XGBoost (AE latent),anomaly/anomaly_id_06_00000063.wav,06,1,0.5818372368812561,0.6783525347709656,0,False
XGBoost (AE latent),anomaly/anomaly_id_02_00000044.wav,02,1,0.6300503611564636,0.6783525347709656,0,False
XGBoost (AE latent),anomaly/anomaly_id_00_00000065.wav,00,1,0.16740702092647552,0.6783525347709656,0,False
XGBoost (AE latent),anomaly/anomaly_id_06_00000078.wav,06,1,0.9360924959182739,0.6783525347709656,1,True
XGBoost (AE latent),anomaly/anomaly_id_00_00000099.wav,00,1,0.8604645133018494,0.6783525347709656,1,True
XGBoost (AE latent),anomaly/anomaly_id_00_00000071.wav,00,1,0.9975355863571167,0.6783525347709656,1,True
XGBoost (AE latent),anomaly/anomaly_id_06_00000058.wav,06,1,0.7597433924674988,0.6783525347709656,1,True
XGBoost (AE latent),anomaly/anomaly_id_00_00000069.wav,00,1,0.9929897785186768,0.6783525347709656,1,True
XGBoost (AE latent),anomaly/anomaly_id_06_00000021.wav,06,1,0.7407719492912292,0.6783525347709656,1,True
XGBoost (AE latent),anomaly/anomaly_id_00_00000125.wav,00,1,0.5337253212928772,0.6783525347709656,0,False
XGBoost (AE latent),anomaly/anomaly_id_02_00000034.wav,02,1,0.9286482334136963,0.6783525347709656,1,True
XGBoost (AE latent),anomaly/anomaly_id_02_00000081.wav,02,1,0.6774820685386658,0.6783525347709656,0,False
XGBoost (AE latent),anomaly/anomaly_id_06_00000086.wav,06,1,0.8949909210205078,0.6783525347709656,1,True
XGBoost (AE latent),anomaly/anomaly_id_00_00000117.wav,00,1,0.3736035227775574,0.6783525347709656,0,False
XGBoost (AE latent),anomaly/anomaly_id_00_00000074.wav,00,1,0.4877335727214813,0.6783525347709656,0,False
XGBoost (AE latent),anomaly/anomaly_id_06_00000018.wav,06,1,0.22195342183113098,0.6783525347709656,0,False
XGBoost (AE latent),anomaly/anomaly_id_00_00000010.wav,00,1,0.9586055278778076,0.6783525347709656,1,True
XGBoost (AE latent),anomaly/anomaly_id_00_00000116.wav,00,1,0.6650829911231995,0.6783525347709656,0,False
XGBoost (AE latent),anomaly/anomaly_id_06_00000039.wav,06,1,0.7401262521743774,0.6783525347709656,1,True
XGBoost (AE latent),anomaly/anomaly_id_02_00000014.wav,02,1,0.5913760662078857,0.6783525347709656,0,False
XGBoost (AE latent),anomaly/anomaly_id_00_00000063.wav,00,1,0.48645368218421936,0.6783525347709656,0,False
XGBoost (AE latent),anomaly/anomaly_id_02_00000080.wav,02,1,0.6795021295547485,0.6783525347709656,1,True
XGBoost (AE latent),anomaly/anomaly_id_00_00000001.wav,00,1,0.49392610788345337,0.6783525347709656,0,False
XGBoost (AE latent),anomaly/anomaly_id_00_00000042.wav,00,1,0.6349995732307434,0.6783525347709656,0,False
XGBoost (AE latent),anomaly/anomaly_id_00_00000122.wav,00,1,0.6713269352912903,0.6783525347709656,0,False
XGBoost (AE latent),anomaly/anomaly_id_00_00000017.wav,00,1,0.485141396522522,0.6783525347709656,0,False
XGBoost (AE latent),anomaly/anomaly_id_02_00000024.wav,02,1,0.8570355176925659,0.6783525347709656,1,True
XGBoost (AE latent),anomaly/anomaly_id_04_00000043.wav,04,1,0.7931625843048096,0.6783525347709656,1,True
XGBoost (AE latent),anomaly/anomaly_id_04_00000055.wav,04,1,0.5125166773796082,0.6783525347709656,0,False
XGBoost (AE latent),anomaly/anomaly_id_00_00000076.wav,00,1,0.9958754777908325,0.6783525347709656,1,True
XGBoost (AE latent),anomaly/anomaly_id_04_00000059.wav,04,1,0.6530470252037048,0.6783525347709656,0,False
XGBoost (AE latent),anomaly/anomaly_id_04_00000042.wav,04,1,0.6509680151939392,0.6783525347709656,0,False
XGBoost (AE latent),anomaly/anomaly_id_02_00000065.wav,02,1,0.9411397576332092,0.6783525347709656,1,True
XGBoost (AE latent),anomaly/anomaly_id_04_00000071.wav,04,1,0.8885188102722168,0.6783525347709656,1,True
XGBoost (AE latent),anomaly/anomaly_id_00_00000031.wav,00,1,0.4852488934993744,0.6783525347709656,0,False
XGBoost (AE latent),anomaly/anomaly_id_00_00000129.wav,00,1,0.9975200295448303,0.6783525347709656,1,True
XGBoost (AE latent),anomaly/anomaly_id_06_00000049.wav,06,1,0.8536006212234497,0.6783525347709656,1,True
XGBoost (AE latent),anomaly/anomaly_id_00_00000105.wav,00,1,0.4013240933418274,0.6783525347709656,0,False
XGBoost (AE latent),anomaly/anomaly_id_04_00000036.wav,04,1,0.9814679026603699,0.6783525347709656,1,True
XGBoost (AE latent),anomaly/anomaly_id_04_00000013.wav,04,1,0.9867146611213684,0.6783525347709656,1,True
XGBoost (AE latent),anomaly/anomaly_id_06_00000044.wav,06,1,0.8206127882003784,0.6783525347709656,1,True
XGBoost (AE latent),anomaly/anomaly_id_02_00000069.wav,02,1,0.9017125368118286,0.6783525347709656,1,True
XGBoost (AE latent),anomaly/anomaly_id_00_00000043.wav,00,1,0.8984569907188416,0.6783525347709656,1,True
XGBoost (AE latent),anomaly/anomaly_id_06_00000072.wav,06,1,0.6285581588745117,0.6783525347709656,0,False
XGBoost (AE latent),anomaly/anomaly_id_02_00000017.wav,02,1,0.8505589962005615,0.6783525347709656,1,True
XGBoost (AE latent),anomaly/anomaly_id_04_00000063.wav,04,1,0.8456520438194275,0.6783525347709656,1,True
XGBoost (AE latent),anomaly/anomaly_id_00_00000057.wav,00,1,0.7424214482307434,0.6783525347709656,1,True
XGBoost (AE latent),anomaly/anomaly_id_04_00000025.wav,04,1,0.7300423383712769,0.6783525347709656,1,True
XGBoost (AE latent),anomaly/anomaly_id_00_00000023.wav,00,1,0.990924596786499,0.6783525347709656,1,True
XGBoost (AE latent),anomaly/anomaly_id_04_00000018.wav,04,1,0.9820799231529236,0.6783525347709656,1,True
XGBoost (AE latent),anomaly/anomaly_id_00_00000015.wav,00,1,0.5126481056213379,0.6783525347709656,0,False
XGBoost (AE latent),anomaly/anomaly_id_04_00000062.wav,04,1,0.1798809915781021,0.6783525347709656,0,False
XGBoost (AE latent),anomaly/anomaly_id_00_00000109.wav,00,1,0.8984286785125732,0.6783525347709656,1,True
XGBoost (AE latent),anomaly/anomaly_id_00_00000137.wav,00,1,0.8934361934661865,0.6783525347709656,1,True
XGBoost (AE latent),anomaly/anomaly_id_02_00000047.wav,02,1,0.9489284157752991,0.6783525347709656,1,True
XGBoost (AE latent),anomaly/anomaly_id_04_00000033.wav,04,1,0.7217452526092529,0.6783525347709656,1,True
XGBoost (AE latent),anomaly/anomaly_id_00_00000016.wav,00,1,0.748758852481842,0.6783525347709656,1,True
XGBoost (AE latent),anomaly/anomaly_id_04_00000046.wav,04,1,0.05146777629852295,0.6783525347709656,0,False
XGBoost (AE latent),anomaly/anomaly_id_02_00000097.wav,02,1,0.993165135383606,0.6783525347709656,1,True
XGBoost (AE latent),anomaly/anomaly_id_00_00000110.wav,00,1,0.736802339553833,0.6783525347709656,1,True
XGBoost (AE latent),anomaly/anomaly_id_02_00000052.wav,02,1,0.5969731211662292,0.6783525347709656,0,False
XGBoost (AE latent),anomaly/anomaly_id_00_00000034.wav,00,1,0.8945052027702332,0.6783525347709656,1,True
XGBoost (AE latent),anomaly/anomaly_id_04_00000032.wav,04,1,0.2958250641822815,0.6783525347709656,0,False
XGBoost (AE latent),anomaly/anomaly_id_04_00000060.wav,04,1,0.7803361415863037,0.6783525347709656,1,True
XGBoost (AE latent),anomaly/anomaly_id_00_00000035.wav,00,1,0.9841431379318237,0.6783525347709656,1,True
XGBoost (AE latent),anomaly/anomaly_id_04_00000079.wav,04,1,0.9455417990684509,0.6783525347709656,1,True
XGBoost (AE latent),anomaly/anomaly_id_02_00000039.wav,02,1,0.8310145735740662,0.6783525347709656,1,True
XGBoost (AE latent),anomaly/anomaly_id_00_00000049.wav,00,1,0.8948661088943481,0.6783525347709656,1,True
XGBoost (AE latent),anomaly/anomaly_id_00_00000006.wav,00,1,0.3997500240802765,0.6783525347709656,0,False
XGBoost (AE latent),anomaly/anomaly_id_00_00000102.wav,00,1,0.7405080199241638,0.6783525347709656,1,True
XGBoost (AE latent),anomaly/anomaly_id_02_00000032.wav,02,1,0.4795619249343872,0.6783525347709656,0,False
XGBoost (AE latent),anomaly/anomaly_id_00_00000139.wav,00,1,0.7440600991249084,0.6783525347709656,1,True
XGBoost (AE latent),anomaly/anomaly_id_06_00000084.wav,06,1,0.27359190583229065,0.6783525347709656,0,False
XGBoost (AE latent),anomaly/anomaly_id_00_00000041.wav,00,1,0.4847876727581024,0.6783525347709656,0,False
XGBoost (AE latent),anomaly/anomaly_id_06_00000012.wav,06,1,0.9439171552658081,0.6783525347709656,1,True
XGBoost (AE latent),anomaly/anomaly_id_00_00000022.wav,00,1,0.09992479532957077,0.6783525347709656,0,False
XGBoost (AE latent),anomaly/anomaly_id_04_00000021.wav,04,1,0.6016154885292053,0.6783525347709656,0,False
XGBoost (AE latent),anomaly/anomaly_id_02_00000020.wav,02,1,0.9923093318939209,0.6783525347709656,1,True
XGBoost (AE latent),anomaly/anomaly_id_04_00000066.wav,04,1,0.4387502670288086,0.6783525347709656,0,False
XGBoost (AE latent),anomaly/anomaly_id_04_00000049.wav,04,1,0.7200602293014526,0.6783525347709656,1,True
XGBoost (AE latent),anomaly/anomaly_id_00_00000113.wav,00,1,0.8446966409683228,0.6783525347709656,1,True
XGBoost (AE latent),anomaly/anomaly_id_02_00000094.wav,02,1,0.8266980648040771,0.6783525347709656,1,True
XGBoost (AE latent),anomaly/anomaly_id_06_00000042.wav,06,1,0.8440171480178833,0.6783525347709656,1,True
XGBoost (AE latent),anomaly/anomaly_id_06_00000083.wav,06,1,0.36665213108062744,0.6783525347709656,0,False
XGBoost (AE latent),anomaly/anomaly_id_00_00000014.wav,00,1,0.9895220994949341,0.6783525347709656,1,True
XGBoost (AE latent),anomaly/anomaly_id_00_00000141.wav,00,1,0.028425008058547974,0.6783525347709656,0,False
XGBoost (AE latent),anomaly/anomaly_id_02_00000051.wav,02,1,0.7280551195144653,0.6783525347709656,1,True
XGBoost (AE latent),anomaly/anomaly_id_00_00000036.wav,00,1,0.9759224653244019,0.6783525347709656,1,True
XGBoost (AE latent),anomaly/anomaly_id_00_00000097.wav,00,1,0.9759337902069092,0.6783525347709656,1,True
XGBoost (AE latent),anomaly/anomaly_id_06_00000095.wav,06,1,0.6804912686347961,0.6783525347709656,1,True
XGBoost (AE latent),anomaly/anomaly_id_00_00000136.wav,00,1,0.07694677263498306,0.6783525347709656,0,False
SVM-sup (MFCC stats),test-normal/normal_id_06_00000054.wav,06,0,0.21270489523929303,0.5056113583243899,0,True
SVM-sup (MFCC stats),test-normal/normal_id_06_00000060.wav,06,0,0.22817605608800903,0.5056113583243899,0,True
SVM-sup (MFCC stats),test-normal/normal_id_02_00000058.wav,02,0,0.3827536182426293,0.5056113583243899,0,True
SVM-sup (MFCC stats),test-normal/normal_id_04_00000039.wav,04,0,0.022356426414071637,0.5056113583243899,0,True
SVM-sup (MFCC stats),test-normal/normal_id_06_00000047.wav,06,0,0.03603190561163753,0.5056113583243899,0,True
SVM-sup (MFCC stats),test-normal/normal_id_00_00000095.wav,00,0,0.8402479886743488,0.5056113583243899,1,False
SVM-sup (MFCC stats),test-normal/normal_id_04_00000092.wav,04,0,0.009798324138142085,0.5056113583243899,0,True
SVM-sup (MFCC stats),test-normal/normal_id_00_00000092.wav,00,0,0.3603931187661373,0.5056113583243899,0,True
SVM-sup (MFCC stats),test-normal/normal_id_06_00000082.wav,06,0,0.2376392062600298,0.5056113583243899,0,True
SVM-sup (MFCC stats),test-normal/normal_id_04_00000094.wav,04,0,0.004485011032651456,0.5056113583243899,0,True
SVM-sup (MFCC stats),test-normal/normal_id_04_00000063.wav,04,0,0.05085494645062549,0.5056113583243899,0,True
SVM-sup (MFCC stats),test-normal/normal_id_02_00000086.wav,02,0,0.5880543460758152,0.5056113583243899,1,False
SVM-sup (MFCC stats),test-normal/normal_id_00_00000007.wav,00,0,0.08270394616903702,0.5056113583243899,0,True
SVM-sup (MFCC stats),test-normal/normal_id_04_00000076.wav,04,0,0.0036971390001679836,0.5056113583243899,0,True
SVM-sup (MFCC stats),test-normal/normal_id_06_00000035.wav,06,0,0.23739745856684255,0.5056113583243899,0,True
SVM-sup (MFCC stats),test-normal/normal_id_04_00000084.wav,04,0,0.0228337961782322,0.5056113583243899,0,True
SVM-sup (MFCC stats),test-normal/normal_id_00_00000060.wav,00,0,0.37973080173348617,0.5056113583243899,0,True
SVM-sup (MFCC stats),test-normal/normal_id_06_00000053.wav,06,0,0.6358491746803966,0.5056113583243899,1,False
SVM-sup (MFCC stats),test-normal/normal_id_04_00000033.wav,04,0,0.0033048926196280236,0.5056113583243899,0,True
SVM-sup (MFCC stats),test-normal/normal_id_00_00000088.wav,00,0,0.019014662909131796,0.5056113583243899,0,True
SVM-sup (MFCC stats),test-normal/normal_id_06_00000040.wav,06,0,0.17988696391777803,0.5056113583243899,0,True
SVM-sup (MFCC stats),test-normal/normal_id_04_00000055.wav,04,0,0.007944914339920062,0.5056113583243899,0,True
SVM-sup (MFCC stats),test-normal/normal_id_06_00000043.wav,06,0,0.36201253130211286,0.5056113583243899,0,True
SVM-sup (MFCC stats),test-normal/normal_id_02_00000020.wav,02,0,0.021412776220864745,0.5056113583243899,0,True
SVM-sup (MFCC stats),test-normal/normal_id_06_00000061.wav,06,0,0.18759070496894503,0.5056113583243899,0,True
SVM-sup (MFCC stats),test-normal/normal_id_04_00000014.wav,04,0,0.021454320148791447,0.5056113583243899,0,True
SVM-sup (MFCC stats),test-normal/normal_id_00_00000037.wav,00,0,0.04068204376864634,0.5056113583243899,0,True
SVM-sup (MFCC stats),test-normal/normal_id_04_00000028.wav,04,0,0.006055518157022423,0.5056113583243899,0,True
SVM-sup (MFCC stats),test-normal/normal_id_02_00000062.wav,02,0,0.8823070979273195,0.5056113583243899,1,False
SVM-sup (MFCC stats),test-normal/normal_id_06_00000006.wav,06,0,0.22298099476821148,0.5056113583243899,0,True
SVM-sup (MFCC stats),test-normal/normal_id_04_00000080.wav,04,0,0.4717014231069048,0.5056113583243899,0,True
SVM-sup (MFCC stats),test-normal/normal_id_04_00000089.wav,04,0,0.06570336069263794,0.5056113583243899,0,True
SVM-sup (MFCC stats),test-normal/normal_id_04_00000082.wav,04,0,0.01698336541204074,0.5056113583243899,0,True
SVM-sup (MFCC stats),test-normal/normal_id_00_00000020.wav,00,0,0.087910187909511,0.5056113583243899,0,True
SVM-sup (MFCC stats),test-normal/normal_id_02_00000059.wav,02,0,0.7553213718486931,0.5056113583243899,1,False
SVM-sup (MFCC stats),test-normal/normal_id_04_00000054.wav,04,0,0.15080130980843673,0.5056113583243899,0,True
SVM-sup (MFCC stats),test-normal/normal_id_02_00000051.wav,02,0,0.006053105713163798,0.5056113583243899,0,True
SVM-sup (MFCC stats),test-normal/normal_id_04_00000036.wav,04,0,0.02064697910691437,0.5056113583243899,0,True
SVM-sup (MFCC stats),test-normal/normal_id_02_00000061.wav,02,0,0.21361518466520676,0.5056113583243899,0,True
SVM-sup (MFCC stats),test-normal/normal_id_06_00000099.wav,06,0,0.15585711512128136,0.5056113583243899,0,True
SVM-sup (MFCC stats),test-normal/normal_id_04_00000016.wav,04,0,0.008477521179226365,0.5056113583243899,0,True
SVM-sup (MFCC stats),test-normal/normal_id_04_00000007.wav,04,0,0.0036356645286710026,0.5056113583243899,0,True
SVM-sup (MFCC stats),test-normal/normal_id_04_00000061.wav,04,0,0.020772283774818788,0.5056113583243899,0,True
SVM-sup (MFCC stats),test-normal/normal_id_02_00000073.wav,02,0,0.037828838820021735,0.5056113583243899,0,True
SVM-sup (MFCC stats),test-normal/normal_id_02_00000012.wav,02,0,0.04395276634182288,0.5056113583243899,0,True
SVM-sup (MFCC stats),test-normal/normal_id_00_00000018.wav,00,0,0.44644669724208735,0.5056113583243899,0,True
SVM-sup (MFCC stats),test-normal/normal_id_02_00000053.wav,02,0,0.8251576302768575,0.5056113583243899,1,False
SVM-sup (MFCC stats),test-normal/normal_id_00_00000011.wav,00,0,0.6188307374695752,0.5056113583243899,1,False
SVM-sup (MFCC stats),test-normal/normal_id_06_00000032.wav,06,0,0.6242359479223025,0.5056113583243899,1,False
SVM-sup (MFCC stats),test-normal/normal_id_06_00000023.wav,06,0,0.12501883137727163,0.5056113583243899,0,True
SVM-sup (MFCC stats),test-normal/normal_id_04_00000005.wav,04,0,0.348985884697171,0.5056113583243899,0,True
SVM-sup (MFCC stats),test-normal/normal_id_00_00000079.wav,00,0,0.024293176269297098,0.5056113583243899,0,True
SVM-sup (MFCC stats),test-normal/normal_id_04_00000002.wav,04,0,0.020066299500142888,0.5056113583243899,0,True
SVM-sup (MFCC stats),test-normal/normal_id_04_00000059.wav,04,0,0.054496032842208435,0.5056113583243899,0,True
SVM-sup (MFCC stats),test-normal/normal_id_04_00000035.wav,04,0,0.003041536237018488,0.5056113583243899,0,True
SVM-sup (MFCC stats),test-normal/normal_id_06_00000042.wav,06,0,0.46030311136211716,0.5056113583243899,0,True
SVM-sup (MFCC stats),test-normal/normal_id_00_00000066.wav,00,0,0.18984588400767968,0.5056113583243899,0,True
SVM-sup (MFCC stats),test-normal/normal_id_00_00000009.wav,00,0,0.00789004626479825,0.5056113583243899,0,True
SVM-sup (MFCC stats),test-normal/normal_id_00_00000059.wav,00,0,0.02634332482871052,0.5056113583243899,0,True
SVM-sup (MFCC stats),test-normal/normal_id_06_00000034.wav,06,0,0.16125298791755127,0.5056113583243899,0,True
SVM-sup (MFCC stats),test-normal/normal_id_00_00000004.wav,00,0,0.013440797697952764,0.5056113583243899,0,True
SVM-sup (MFCC stats),test-normal/normal_id_00_00000094.wav,00,0,0.12428211504562639,0.5056113583243899,0,True
SVM-sup (MFCC stats),test-normal/normal_id_00_00000048.wav,00,0,0.35684051360832963,0.5056113583243899,0,True
SVM-sup (MFCC stats),test-normal/normal_id_00_00000093.wav,00,0,0.10581677575063746,0.5056113583243899,0,True
SVM-sup (MFCC stats),test-normal/normal_id_04_00000051.wav,04,0,0.011042958968891708,0.5056113583243899,0,True
SVM-sup (MFCC stats),test-normal/normal_id_04_00000073.wav,04,0,0.015545912362727276,0.5056113583243899,0,True
SVM-sup (MFCC stats),test-normal/normal_id_00_00000032.wav,00,0,0.026443534579762448,0.5056113583243899,0,True
SVM-sup (MFCC stats),test-normal/normal_id_02_00000055.wav,02,0,0.2247829798854727,0.5056113583243899,0,True
SVM-sup (MFCC stats),test-normal/normal_id_02_00000028.wav,02,0,0.062045128302002026,0.5056113583243899,0,True
SVM-sup (MFCC stats),test-normal/normal_id_02_00000021.wav,02,0,0.024377217647906166,0.5056113583243899,0,True
SVM-sup (MFCC stats),test-normal/normal_id_04_00000027.wav,04,0,0.0023022129183269038,0.5056113583243899,0,True
SVM-sup (MFCC stats),test-normal/normal_id_02_00000030.wav,02,0,0.6316287898627233,0.5056113583243899,1,False
SVM-sup (MFCC stats),test-normal/normal_id_00_00000081.wav,00,0,0.4191612887840257,0.5056113583243899,0,True
SVM-sup (MFCC stats),test-normal/normal_id_00_00000052.wav,00,0,0.08882714357283789,0.5056113583243899,0,True
SVM-sup (MFCC stats),test-normal/normal_id_06_00000028.wav,06,0,0.39116295334381623,0.5056113583243899,0,True
SVM-sup (MFCC stats),test-normal/normal_id_00_00000028.wav,00,0,0.06601308354179963,0.5056113583243899,0,True
SVM-sup (MFCC stats),test-normal/normal_id_06_00000052.wav,06,0,0.20594385547271377,0.5056113583243899,0,True
SVM-sup (MFCC stats),test-normal/normal_id_04_00000009.wav,04,0,0.027079972913756648,0.5056113583243899,0,True
SVM-sup (MFCC stats),test-normal/normal_id_02_00000006.wav,02,0,0.27410666630141656,0.5056113583243899,0,True
SVM-sup (MFCC stats),test-normal/normal_id_06_00000037.wav,06,0,0.2052134414648983,0.5056113583243899,0,True
SVM-sup (MFCC stats),test-normal/normal_id_06_00000094.wav,06,0,0.054452093212084635,0.5056113583243899,0,True
SVM-sup (MFCC stats),test-normal/normal_id_00_00000021.wav,00,0,0.1767775763011784,0.5056113583243899,0,True
SVM-sup (MFCC stats),test-normal/normal_id_04_00000018.wav,04,0,0.004772196353550843,0.5056113583243899,0,True
SVM-sup (MFCC stats),test-normal/normal_id_06_00000050.wav,06,0,0.5770530694454965,0.5056113583243899,1,False
SVM-sup (MFCC stats),test-normal/normal_id_04_00000066.wav,04,0,0.09384578394062072,0.5056113583243899,0,True
SVM-sup (MFCC stats),test-normal/normal_id_06_00000086.wav,06,0,0.0492435714548834,0.5056113583243899,0,True
SVM-sup (MFCC stats),test-normal/normal_id_06_00000067.wav,06,0,0.21198199136958779,0.5056113583243899,0,True
SVM-sup (MFCC stats),test-normal/normal_id_00_00000039.wav,00,0,0.05232879504628497,0.5056113583243899,0,True
SVM-sup (MFCC stats),test-normal/normal_id_02_00000088.wav,02,0,0.20045245023720237,0.5056113583243899,0,True
SVM-sup (MFCC stats),test-normal/normal_id_00_00000013.wav,00,0,0.09316694295514776,0.5056113583243899,0,True
SVM-sup (MFCC stats),test-normal/normal_id_02_00000089.wav,02,0,0.5794653492453128,0.5056113583243899,1,False
SVM-sup (MFCC stats),test-normal/normal_id_06_00000008.wav,06,0,0.08997566575361786,0.5056113583243899,0,True
SVM-sup (MFCC stats),test-normal/normal_id_04_00000020.wav,04,0,0.10533531356410235,0.5056113583243899,0,True
SVM-sup (MFCC stats),test-normal/normal_id_00_00000005.wav,00,0,0.09059357384549548,0.5056113583243899,0,True
SVM-sup (MFCC stats),test-normal/normal_id_00_00000085.wav,00,0,0.3359902108122524,0.5056113583243899,0,True
SVM-sup (MFCC stats),test-normal/normal_id_06_00000015.wav,06,0,0.0661702700620647,0.5056113583243899,0,True
SVM-sup (MFCC stats),test-normal/normal_id_04_00000078.wav,04,0,0.2257601279242762,0.5056113583243899,0,True
SVM-sup (MFCC stats),test-normal/normal_id_00_00000078.wav,00,0,0.013855499603323117,0.5056113583243899,0,True
SVM-sup (MFCC stats),test-normal/normal_id_02_00000014.wav,02,0,0.1342001969423469,0.5056113583243899,0,True
SVM-sup (MFCC stats),test-normal/normal_id_02_00000070.wav,02,0,0.23199102897366256,0.5056113583243899,0,True
SVM-sup (MFCC stats),test-normal/normal_id_02_00000023.wav,02,0,0.6151695074072151,0.5056113583243899,1,False
SVM-sup (MFCC stats),test-normal/normal_id_06_00000001.wav,06,0,0.3792744338197534,0.5056113583243899,0,True
SVM-sup (MFCC stats),test-normal/normal_id_02_00000003.wav,02,0,0.06467196521384964,0.5056113583243899,0,True
SVM-sup (MFCC stats),test-normal/normal_id_00_00000090.wav,00,0,0.03611972066023215,0.5056113583243899,0,True
SVM-sup (MFCC stats),test-normal/normal_id_02_00000099.wav,02,0,0.17986800685960178,0.5056113583243899,0,True
SVM-sup (MFCC stats),test-normal/normal_id_04_00000074.wav,04,0,0.06133533082059842,0.5056113583243899,0,True
SVM-sup (MFCC stats),test-normal/normal_id_06_00000077.wav,06,0,0.11390917232679369,0.5056113583243899,0,True
SVM-sup (MFCC stats),test-normal/normal_id_04_00000006.wav,04,0,0.3160881271087144,0.5056113583243899,0,True
SVM-sup (MFCC stats),test-normal/normal_id_00_00000087.wav,00,0,0.014765239796298612,0.5056113583243899,0,True
SVM-sup (MFCC stats),test-normal/normal_id_04_00000021.wav,04,0,0.002149200566590359,0.5056113583243899,0,True
SVM-sup (MFCC stats),test-normal/normal_id_02_00000042.wav,02,0,0.10157313575227885,0.5056113583243899,0,True
SVM-sup (MFCC stats),test-normal/normal_id_02_00000011.wav,02,0,0.32395619992443536,0.5056113583243899,0,True
SVM-sup (MFCC stats),test-normal/normal_id_06_00000090.wav,06,0,0.23253315146303988,0.5056113583243899,0,True
SVM-sup (MFCC stats),test-normal/normal_id_04_00000077.wav,04,0,0.12052441564249206,0.5056113583243899,0,True
SVM-sup (MFCC stats),test-normal/normal_id_06_00000064.wav,06,0,0.3311680065168379,0.5056113583243899,0,True
SVM-sup (MFCC stats),test-normal/normal_id_02_00000087.wav,02,0,0.02721084799306963,0.5056113583243899,0,True
SVM-sup (MFCC stats),test-normal/normal_id_00_00000065.wav,00,0,0.13064965863324365,0.5056113583243899,0,True
SVM-sup (MFCC stats),test-normal/normal_id_06_00000079.wav,06,0,0.8803516799129735,0.5056113583243899,1,False
SVM-sup (MFCC stats),test-normal/normal_id_00_00000099.wav,00,0,0.04529442734704787,0.5056113583243899,0,True
SVM-sup (MFCC stats),test-normal/normal_id_00_00000071.wav,00,0,0.24344203637853803,0.5056113583243899,0,True
SVM-sup (MFCC stats),test-normal/normal_id_06_00000059.wav,06,0,0.01119906544987255,0.5056113583243899,0,True
SVM-sup (MFCC stats),test-normal/normal_id_00_00000069.wav,00,0,0.14298364776700967,0.5056113583243899,0,True
SVM-sup (MFCC stats),test-normal/normal_id_06_00000024.wav,06,0,0.019584822289100207,0.5056113583243899,0,True
SVM-sup (MFCC stats),test-normal/normal_id_02_00000025.wav,02,0,0.006588548772963931,0.5056113583243899,0,True
SVM-sup (MFCC stats),test-normal/normal_id_02_00000077.wav,02,0,0.01420412238183976,0.5056113583243899,0,True
SVM-sup (MFCC stats),test-normal/normal_id_04_00000024.wav,04,0,0.06497734889294923,0.5056113583243899,0,True
SVM-sup (MFCC stats),test-normal/normal_id_06_00000087.wav,06,0,0.15316889590749067,0.5056113583243899,0,True
SVM-sup (MFCC stats),test-normal/normal_id_02_00000017.wav,02,0,0.01899032467034347,0.5056113583243899,0,True
SVM-sup (MFCC stats),test-normal/normal_id_00_00000074.wav,00,0,0.0550806770444624,0.5056113583243899,0,True
SVM-sup (MFCC stats),test-normal/normal_id_00_00000010.wav,00,0,0.6803546355354667,0.5056113583243899,1,False
SVM-sup (MFCC stats),test-normal/normal_id_02_00000016.wav,02,0,0.1135464202612897,0.5056113583243899,0,True
SVM-sup (MFCC stats),test-normal/normal_id_06_00000041.wav,06,0,0.03679803976800238,0.5056113583243899,0,True
SVM-sup (MFCC stats),test-normal/normal_id_02_00000057.wav,02,0,0.07400436252284855,0.5056113583243899,0,True
SVM-sup (MFCC stats),test-normal/normal_id_00_00000063.wav,00,0,0.14140703237569677,0.5056113583243899,0,True
SVM-sup (MFCC stats),test-normal/normal_id_04_00000023.wav,04,0,0.06899360082978878,0.5056113583243899,0,True
SVM-sup (MFCC stats),test-normal/normal_id_00_00000001.wav,00,0,0.06918936883755619,0.5056113583243899,0,True
SVM-sup (MFCC stats),test-normal/normal_id_00_00000042.wav,00,0,0.05133624978483066,0.5056113583243899,0,True
SVM-sup (MFCC stats),test-normal/normal_id_02_00000022.wav,02,0,0.15619655672015348,0.5056113583243899,0,True
SVM-sup (MFCC stats),test-normal/normal_id_00_00000017.wav,00,0,0.11382028730515316,0.5056113583243899,0,True
SVM-sup (MFCC stats),test-normal/normal_id_02_00000067.wav,02,0,0.559912955324442,0.5056113583243899,1,False
SVM-sup (MFCC stats),test-normal/normal_id_04_00000097.wav,04,0,0.009742773882824792,0.5056113583243899,0,True
SVM-sup (MFCC stats),test-normal/normal_id_06_00000009.wav,06,0,0.13373717845116578,0.5056113583243899,0,True
SVM-sup (MFCC stats),test-normal/normal_id_00_00000076.wav,00,0,0.01610012262835307,0.5056113583243899,0,True
SVM-sup (MFCC stats),test-normal/normal_id_06_00000013.wav,06,0,0.07450692466912029,0.5056113583243899,0,True
SVM-sup (MFCC stats),test-normal/normal_id_04_00000096.wav,04,0,0.03455747333860013,0.5056113583243899,0,True
SVM-sup (MFCC stats),test-normal/normal_id_04_00000008.wav,04,0,0.05371945653179721,0.5056113583243899,0,True
SVM-sup (MFCC stats),test-normal/normal_id_06_00000025.wav,06,0,0.0669989892388999,0.5056113583243899,0,True
SVM-sup (MFCC stats),test-normal/normal_id_00_00000031.wav,00,0,0.11897212153779083,0.5056113583243899,0,True
SVM-sup (MFCC stats),test-normal/normal_id_02_00000029.wav,02,0,0.13296984025535205,0.5056113583243899,0,True
SVM-sup (MFCC stats),test-normal/normal_id_06_00000051.wav,06,0,0.16512062198851518,0.5056113583243899,0,True
SVM-sup (MFCC stats),test-normal/normal_id_02_00000005.wav,02,0,0.06816231105911058,0.5056113583243899,0,True
SVM-sup (MFCC stats),test-normal/normal_id_04_00000090.wav,04,0,0.03584048516439657,0.5056113583243899,0,True
SVM-sup (MFCC stats),test-normal/normal_id_04_00000067.wav,04,0,0.009332863630204814,0.5056113583243899,0,True
SVM-sup (MFCC stats),test-normal/normal_id_04_00000012.wav,04,0,0.00583693939961024,0.5056113583243899,0,True
SVM-sup (MFCC stats),test-normal/normal_id_00_00000043.wav,00,0,0.07353697337965853,0.5056113583243899,0,True
SVM-sup (MFCC stats),test-normal/normal_id_06_00000073.wav,06,0,0.06535147969908976,0.5056113583243899,0,True
SVM-sup (MFCC stats),test-normal/normal_id_02_00000060.wav,02,0,0.18311722640796074,0.5056113583243899,0,True
SVM-sup (MFCC stats),test-normal/normal_id_06_00000017.wav,06,0,0.07381005150555231,0.5056113583243899,0,True
SVM-sup (MFCC stats),test-normal/normal_id_00_00000057.wav,00,0,0.019091463743799532,0.5056113583243899,0,True
SVM-sup (MFCC stats),test-normal/normal_id_04_00000079.wav,04,0,0.005702819442602117,0.5056113583243899,0,True
SVM-sup (MFCC stats),test-normal/normal_id_00_00000023.wav,00,0,0.00665857916537722,0.5056113583243899,0,True
SVM-sup (MFCC stats),test-normal/normal_id_04_00000072.wav,04,0,0.0021644485024841166,0.5056113583243899,0,True
SVM-sup (MFCC stats),test-normal/normal_id_00_00000015.wav,00,0,0.11932286539535625,0.5056113583243899,0,True
SVM-sup (MFCC stats),test-normal/normal_id_06_00000016.wav,06,0,0.1061640472498813,0.5056113583243899,0,True
SVM-sup (MFCC stats),test-normal/normal_id_02_00000009.wav,02,0,0.6918195859716527,0.5056113583243899,1,False
SVM-sup (MFCC stats),test-normal/normal_id_02_00000037.wav,02,0,0.09538475045703217,0.5056113583243899,0,True
SVM-sup (MFCC stats),test-normal/normal_id_02_00000090.wav,02,0,0.008245626759948922,0.5056113583243899,0,True
SVM-sup (MFCC stats),test-normal/normal_id_04_00000087.wav,04,0,0.050907243463300424,0.5056113583243899,0,True
SVM-sup (MFCC stats),test-normal/normal_id_00_00000016.wav,00,0,0.033823339640046496,0.5056113583243899,0,True
SVM-sup (MFCC stats),test-normal/normal_id_06_00000000.wav,06,0,0.89436890615979,0.5056113583243899,1,False
SVM-sup (MFCC stats),test-normal/normal_id_04_00000040.wav,04,0,0.04794816056910701,0.5056113583243899,0,True
SVM-sup (MFCC stats),test-normal/normal_id_02_00000010.wav,02,0,0.10653859949077146,0.5056113583243899,0,True
SVM-sup (MFCC stats),test-normal/normal_id_02_00000095.wav,02,0,0.19598686438257099,0.5056113583243899,0,True
SVM-sup (MFCC stats),test-normal/normal_id_00_00000034.wav,00,0,0.030155387953273247,0.5056113583243899,0,True
SVM-sup (MFCC stats),test-normal/normal_id_04_00000086.wav,04,0,0.008617154565487917,0.5056113583243899,0,True
SVM-sup (MFCC stats),test-normal/normal_id_06_00000014.wav,06,0,0.21567242308107584,0.5056113583243899,0,True
SVM-sup (MFCC stats),test-normal/normal_id_00_00000035.wav,00,0,0.02571676924406004,0.5056113583243899,0,True
SVM-sup (MFCC stats),test-normal/normal_id_06_00000033.wav,06,0,0.021286392288881,0.5056113583243899,0,True
SVM-sup (MFCC stats),test-normal/normal_id_02_00000082.wav,02,0,0.5770172493858483,0.5056113583243899,1,False
SVM-sup (MFCC stats),test-normal/normal_id_00_00000049.wav,00,0,0.008458967645431036,0.5056113583243899,0,True
SVM-sup (MFCC stats),test-normal/normal_id_00_00000006.wav,00,0,0.02000425548467071,0.5056113583243899,0,True
SVM-sup (MFCC stats),test-normal/normal_id_02_00000002.wav,02,0,0.02526440026628006,0.5056113583243899,0,True
SVM-sup (MFCC stats),test-normal/normal_id_02_00000075.wav,02,0,0.35703111849628444,0.5056113583243899,0,True
SVM-sup (MFCC stats),test-normal/normal_id_02_00000039.wav,02,0,0.053547325532685465,0.5056113583243899,0,True
SVM-sup (MFCC stats),test-normal/normal_id_06_00000085.wav,06,0,0.1424693493632125,0.5056113583243899,0,True
SVM-sup (MFCC stats),test-normal/normal_id_00_00000041.wav,00,0,0.10121314550522649,0.5056113583243899,0,True
SVM-sup (MFCC stats),test-normal/normal_id_06_00000066.wav,06,0,0.12459864803319055,0.5056113583243899,0,True
SVM-sup (MFCC stats),test-normal/normal_id_00_00000022.wav,00,0,0.015330596287719316,0.5056113583243899,0,True
SVM-sup (MFCC stats),test-normal/normal_id_04_00000075.wav,04,0,0.03799817052907448,0.5056113583243899,0,True
SVM-sup (MFCC stats),test-normal/normal_id_02_00000063.wav,02,0,0.27827545514656415,0.5056113583243899,0,True
SVM-sup (MFCC stats),test-normal/normal_id_06_00000020.wav,06,0,0.13574517562232502,0.5056113583243899,0,True
SVM-sup (MFCC stats),test-normal/normal_id_06_00000003.wav,06,0,0.04497359519436696,0.5056113583243899,0,True
SVM-sup (MFCC stats),test-normal/normal_id_02_00000013.wav,02,0,0.0245743717921854,0.5056113583243899,0,True
SVM-sup (MFCC stats),test-normal/normal_id_04_00000037.wav,04,0,0.0030717033697856924,0.5056113583243899,0,True
SVM-sup (MFCC stats),test-normal/normal_id_00_00000014.wav,00,0,0.01344421850779497,0.5056113583243899,0,True
SVM-sup (MFCC stats),test-normal/normal_id_02_00000041.wav,02,0,0.5670663508278962,0.5056113583243899,1,False
SVM-sup (MFCC stats),test-normal/normal_id_02_00000094.wav,02,0,0.3533818147800191,0.5056113583243899,0,True
SVM-sup (MFCC stats),test-normal/normal_id_00_00000036.wav,00,0,0.025287240966333537,0.5056113583243899,0,True
SVM-sup (MFCC stats),test-normal/normal_id_00_00000097.wav,00,0,0.019023813062450615,0.5056113583243899,0,True
SVM-sup (MFCC stats),test-normal/normal_id_02_00000036.wav,02,0,0.010307675981265712,0.5056113583243899,0,True
SVM-sup (MFCC stats),anomaly/anomaly_id_02_00000089.wav,02,1,0.937804267858487,0.5056113583243899,1,True
SVM-sup (MFCC stats),anomaly/anomaly_id_04_00000073.wav,04,1,0.9655378843420187,0.5056113583243899,1,True
SVM-sup (MFCC stats),anomaly/anomaly_id_06_00000051.wav,06,1,0.9769593579487987,0.5056113583243899,1,True
SVM-sup (MFCC stats),anomaly/anomaly_id_04_00000035.wav,04,1,0.9292341499396133,0.5056113583243899,1,True
SVM-sup (MFCC stats),anomaly/anomaly_id_04_00000001.wav,04,1,0.7861867890159641,0.5056113583243899,1,True
SVM-sup (MFCC stats),anomaly/anomaly_id_04_00000011.wav,04,1,0.9476335128873656,0.5056113583243899,1,True
SVM-sup (MFCC stats),anomaly/anomaly_id_04_00000080.wav,04,1,0.7730990307087517,0.5056113583243899,1,True
SVM-sup (MFCC stats),anomaly/anomaly_id_06_00000036.wav,06,1,0.8404879133401718,0.5056113583243899,1,True
SVM-sup (MFCC stats),anomaly/anomaly_id_00_00000024.wav,00,1,0.5542907711075432,0.5056113583243899,1,True
SVM-sup (MFCC stats),anomaly/anomaly_id_04_00000098.wav,04,1,0.9847813745170372,0.5056113583243899,1,True
SVM-sup (MFCC stats),anomaly/anomaly_id_04_00000058.wav,04,1,0.7234617233971417,0.5056113583243899,1,True
SVM-sup (MFCC stats),anomaly/anomaly_id_02_00000091.wav,02,1,0.9894336731516221,0.5056113583243899,1,True
SVM-sup (MFCC stats),anomaly/anomaly_id_04_00000037.wav,04,1,0.4922609391251138,0.5056113583243899,0,False
SVM-sup (MFCC stats),anomaly/anomaly_id_04_00000070.wav,04,1,0.939101806311287,0.5056113583243899,1,True
SVM-sup (MFCC stats),anomaly/anomaly_id_00_00000068.wav,00,1,0.62536084176671,0.5056113583243899,1,True
SVM-sup (MFCC stats),anomaly/anomaly_id_00_00000056.wav,00,1,0.06819402584090611,0.5056113583243899,0,False
SVM-sup (MFCC stats),anomaly/anomaly_id_02_00000087.wav,02,1,0.9237356659114475,0.5056113583243899,1,True
SVM-sup (MFCC stats),anomaly/anomaly_id_00_00000019.wav,00,1,0.7580328818092258,0.5056113583243899,1,True
SVM-sup (MFCC stats),anomaly/anomaly_id_02_00000021.wav,02,1,0.498680097684705,0.5056113583243899,0,False
SVM-sup (MFCC stats),anomaly/anomaly_id_02_00000095.wav,02,1,0.8999859327408674,0.5056113583243899,1,True
SVM-sup (MFCC stats),anomaly/anomaly_id_06_00000088.wav,06,1,0.9833461475943156,0.5056113583243899,1,True
SVM-sup (MFCC stats),anomaly/anomaly_id_02_00000070.wav,02,1,0.8358809061239261,0.5056113583243899,1,True
SVM-sup (MFCC stats),anomaly/anomaly_id_00_00000060.wav,00,1,0.9670713974360139,0.5056113583243899,1,True
SVM-sup (MFCC stats),anomaly/anomaly_id_06_00000026.wav,06,1,0.9438076431117849,0.5056113583243899,1,True
SVM-sup (MFCC stats),anomaly/anomaly_id_00_00000073.wav,00,1,0.8925132086190509,0.5056113583243899,1,True
SVM-sup (MFCC stats),anomaly/anomaly_id_02_00000090.wav,02,1,0.7582183247550919,0.5056113583243899,1,True
SVM-sup (MFCC stats),anomaly/anomaly_id_00_00000003.wav,00,1,0.9823839290520469,0.5056113583243899,1,True
SVM-sup (MFCC stats),anomaly/anomaly_id_04_00000053.wav,04,1,0.8451346512578501,0.5056113583243899,1,True
SVM-sup (MFCC stats),anomaly/anomaly_id_06_00000067.wav,06,1,0.7690051746342729,0.5056113583243899,1,True
SVM-sup (MFCC stats),anomaly/anomaly_id_06_00000013.wav,06,1,0.8909323326330294,0.5056113583243899,1,True
SVM-sup (MFCC stats),anomaly/anomaly_id_06_00000028.wav,06,1,0.967810895727002,0.5056113583243899,1,True
SVM-sup (MFCC stats),anomaly/anomaly_id_04_00000005.wav,04,1,0.9921365448860411,0.5056113583243899,1,True
SVM-sup (MFCC stats),anomaly/anomaly_id_02_00000035.wav,02,1,0.3453458759026099,0.5056113583243899,0,False
SVM-sup (MFCC stats),anomaly/anomaly_id_04_00000086.wav,04,1,0.1100707162896915,0.5056113583243899,0,False
SVM-sup (MFCC stats),anomaly/anomaly_id_00_00000118.wav,00,1,0.5058383090033267,0.5056113583243899,1,True
SVM-sup (MFCC stats),anomaly/anomaly_id_02_00000106.wav,02,1,0.9148767841682974,0.5056113583243899,1,True
SVM-sup (MFCC stats),anomaly/anomaly_id_04_00000029.wav,04,1,0.9349812073663669,0.5056113583243899,1,True
SVM-sup (MFCC stats),anomaly/anomaly_id_00_00000047.wav,00,1,0.1722706229896611,0.5056113583243899,0,False
SVM-sup (MFCC stats),anomaly/anomaly_id_02_00000092.wav,02,1,0.9322169067218459,0.5056113583243899,1,True
SVM-sup (MFCC stats),anomaly/anomaly_id_00_00000127.wav,00,1,0.8834978844901633,0.5056113583243899,1,True
SVM-sup (MFCC stats),anomaly/anomaly_id_02_00000003.wav,02,1,0.8545960987505817,0.5056113583243899,1,True
SVM-sup (MFCC stats),anomaly/anomaly_id_06_00000071.wav,06,1,0.9193735714459748,0.5056113583243899,1,True
SVM-sup (MFCC stats),anomaly/anomaly_id_00_00000027.wav,00,1,0.5313716063887971,0.5056113583243899,1,True
SVM-sup (MFCC stats),anomaly/anomaly_id_06_00000010.wav,06,1,0.5866659657808575,0.5056113583243899,1,True
SVM-sup (MFCC stats),anomaly/anomaly_id_00_00000062.wav,00,1,0.8655421419422504,0.5056113583243899,1,True
SVM-sup (MFCC stats),anomaly/anomaly_id_06_00000027.wav,06,1,0.6517830382255516,0.5056113583243899,1,True
SVM-sup (MFCC stats),anomaly/anomaly_id_06_00000098.wav,06,1,0.5003875834064162,0.5056113583243899,0,False
SVM-sup (MFCC stats),anomaly/anomaly_id_04_00000096.wav,04,1,0.6720031108399538,0.5056113583243899,1,True
SVM-sup (MFCC stats),anomaly/anomaly_id_04_00000064.wav,04,1,0.8682285351014765,0.5056113583243899,1,True
SVM-sup (MFCC stats),anomaly/anomaly_id_02_00000110.wav,02,1,0.9900721591951717,0.5056113583243899,1,True
SVM-sup (MFCC stats),anomaly/anomaly_id_04_00000000.wav,04,1,0.05338825300387531,0.5056113583243899,0,False
SVM-sup (MFCC stats),anomaly/anomaly_id_06_00000060.wav,06,1,0.7381560006648911,0.5056113583243899,1,True
SVM-sup (MFCC stats),anomaly/anomaly_id_02_00000000.wav,02,1,0.7205248507689415,0.5056113583243899,1,True
SVM-sup (MFCC stats),anomaly/anomaly_id_02_00000057.wav,02,1,0.970692982295732,0.5056113583243899,1,True
SVM-sup (MFCC stats),anomaly/anomaly_id_04_00000026.wav,04,1,0.9125516549226226,0.5056113583243899,1,True
SVM-sup (MFCC stats),anomaly/anomaly_id_00_00000038.wav,00,1,0.34809790818617464,0.5056113583243899,0,False
SVM-sup (MFCC stats),anomaly/anomaly_id_06_00000023.wav,06,1,0.3763319485036893,0.5056113583243899,0,False
SVM-sup (MFCC stats),anomaly/anomaly_id_00_00000029.wav,00,1,0.8550280649120867,0.5056113583243899,1,True
SVM-sup (MFCC stats),anomaly/anomaly_id_00_00000089.wav,00,1,0.6640312834036142,0.5056113583243899,1,True
SVM-sup (MFCC stats),anomaly/anomaly_id_02_00000093.wav,02,1,0.8135190385676832,0.5056113583243899,1,True
SVM-sup (MFCC stats),anomaly/anomaly_id_00_00000098.wav,00,1,0.5790671806718257,0.5056113583243899,1,True
SVM-sup (MFCC stats),anomaly/anomaly_id_00_00000119.wav,00,1,0.8950056086358766,0.5056113583243899,1,True
SVM-sup (MFCC stats),anomaly/anomaly_id_02_00000005.wav,02,1,0.9651628008146902,0.5056113583243899,1,True
SVM-sup (MFCC stats),anomaly/anomaly_id_02_00000053.wav,02,1,0.9175533650765022,0.5056113583243899,1,True
SVM-sup (MFCC stats),anomaly/anomaly_id_04_00000093.wav,04,1,0.9865603392495578,0.5056113583243899,1,True
SVM-sup (MFCC stats),anomaly/anomaly_id_04_00000038.wav,04,1,0.983575319506869,0.5056113583243899,1,True
SVM-sup (MFCC stats),anomaly/anomaly_id_00_00000134.wav,00,1,0.8844245267759868,0.5056113583243899,1,True
SVM-sup (MFCC stats),anomaly/anomaly_id_02_00000068.wav,02,1,0.07663846343922016,0.5056113583243899,0,False
SVM-sup (MFCC stats),anomaly/anomaly_id_00_00000012.wav,00,1,0.9976859743714654,0.5056113583243899,1,True
SVM-sup (MFCC stats),anomaly/anomaly_id_02_00000082.wav,02,1,0.9001426728581693,0.5056113583243899,1,True
SVM-sup (MFCC stats),anomaly/anomaly_id_00_00000067.wav,00,1,0.9312969679220198,0.5056113583243899,1,True
SVM-sup (MFCC stats),anomaly/anomaly_id_00_00000108.wav,00,1,0.999691525591015,0.5056113583243899,1,True
SVM-sup (MFCC stats),anomaly/anomaly_id_00_00000084.wav,00,1,0.9600781210960311,0.5056113583243899,1,True
SVM-sup (MFCC stats),anomaly/anomaly_id_04_00000094.wav,04,1,0.24341534674828658,0.5056113583243899,0,False
SVM-sup (MFCC stats),anomaly/anomaly_id_02_00000058.wav,02,1,0.8501059454559082,0.5056113583243899,1,True
SVM-sup (MFCC stats),anomaly/anomaly_id_06_00000019.wav,06,1,0.3170095943751333,0.5056113583243899,0,False
SVM-sup (MFCC stats),anomaly/anomaly_id_06_00000093.wav,06,1,0.39817324682142696,0.5056113583243899,0,False
SVM-sup (MFCC stats),anomaly/anomaly_id_00_00000030.wav,00,1,0.15493657210570444,0.5056113583243899,0,False
SVM-sup (MFCC stats),anomaly/anomaly_id_00_00000007.wav,00,1,0.1865449312782975,0.5056113583243899,0,False
SVM-sup (MFCC stats),anomaly/anomaly_id_06_00000022.wav,06,1,0.29678216804601687,0.5056113583243899,0,False
SVM-sup (MFCC stats),anomaly/anomaly_id_06_00000091.wav,06,1,0.9616571402722103,0.5056113583243899,1,True
SVM-sup (MFCC stats),anomaly/anomaly_id_02_00000102.wav,02,1,0.9420337811620281,0.5056113583243899,1,True
SVM-sup (MFCC stats),anomaly/anomaly_id_00_00000025.wav,00,1,0.9010911102660698,0.5056113583243899,1,True
SVM-sup (MFCC stats),anomaly/anomaly_id_00_00000092.wav,00,1,0.6399404882104229,0.5056113583243899,1,True
SVM-sup (MFCC stats),anomaly/anomaly_id_04_00000050.wav,04,1,0.8396896548391083,0.5056113583243899,1,True
SVM-sup (MFCC stats),anomaly/anomaly_id_06_00000080.wav,06,1,0.6325139904401723,0.5056113583243899,1,True
SVM-sup (MFCC stats),anomaly/anomaly_id_06_00000087.wav,06,1,0.420392676746016,0.5056113583243899,0,False
SVM-sup (MFCC stats),anomaly/anomaly_id_06_00000094.wav,06,1,0.616437344925441,0.5056113583243899,1,True
SVM-sup (MFCC stats),anomaly/anomaly_id_04_00000019.wav,04,1,0.7503930878667588,0.5056113583243899,1,True
SVM-sup (MFCC stats),anomaly/anomaly_id_02_00000104.wav,02,1,0.9771013094973946,0.5056113583243899,1,True
SVM-sup (MFCC stats),anomaly/anomaly_id_00_00000040.wav,00,1,0.9941458761695424,0.5056113583243899,1,True
SVM-sup (MFCC stats),anomaly/anomaly_id_06_00000015.wav,06,1,0.03285749351797895,0.5056113583243899,0,False
SVM-sup (MFCC stats),anomaly/anomaly_id_02_00000013.wav,02,1,0.9345709517854495,0.5056113583243899,1,True
SVM-sup (MFCC stats),anomaly/anomaly_id_06_00000075.wav,06,1,0.7825670360883481,0.5056113583243899,1,True
SVM-sup (MFCC stats),anomaly/anomaly_id_02_00000038.wav,02,1,0.7488223847815696,0.5056113583243899,1,True
SVM-sup (MFCC stats),anomaly/anomaly_id_04_00000074.wav,04,1,0.571065061336973,0.5056113583243899,1,True
SVM-sup (MFCC stats),anomaly/anomaly_id_00_00000104.wav,00,1,0.5339093659878501,0.5056113583243899,1,True
SVM-sup (MFCC stats),anomaly/anomaly_id_00_00000075.wav,00,1,0.024162417314262736,0.5056113583243899,0,False
SVM-sup (MFCC stats),anomaly/anomaly_id_04_00000069.wav,04,1,0.6231421372794158,0.5056113583243899,1,True
SVM-sup (MFCC stats),anomaly/anomaly_id_02_00000037.wav,02,1,0.4443359441989527,0.5056113583243899,0,False
SVM-sup (MFCC stats),anomaly/anomaly_id_04_00000028.wav,04,1,0.8499987783989637,0.5056113583243899,1,True
SVM-sup (MFCC stats),anomaly/anomaly_id_00_00000135.wav,00,1,0.9794531253145841,0.5056113583243899,1,True
SVM-sup (MFCC stats),anomaly/anomaly_id_02_00000022.wav,02,1,0.9688497412883148,0.5056113583243899,1,True
SVM-sup (MFCC stats),anomaly/anomaly_id_02_00000050.wav,02,1,0.8261362511014235,0.5056113583243899,1,True
SVM-sup (MFCC stats),anomaly/anomaly_id_00_00000091.wav,00,1,0.05355031118983003,0.5056113583243899,0,False
SVM-sup (MFCC stats),anomaly/anomaly_id_04_00000017.wav,04,1,0.9616193260930247,0.5056113583243899,1,True
SVM-sup (MFCC stats),anomaly/anomaly_id_04_00000067.wav,04,1,0.3124145014532937,0.5056113583243899,0,False
SVM-sup (MFCC stats),anomaly/anomaly_id_06_00000089.wav,06,1,0.9812444758264527,0.5056113583243899,1,True
SVM-sup (MFCC stats),anomaly/anomaly_id_02_00000002.wav,02,1,0.6631391229307623,0.5056113583243899,1,True
SVM-sup (MFCC stats),anomaly/anomaly_id_06_00000064.wav,06,1,0.9411641686848635,0.5056113583243899,1,True
SVM-sup (MFCC stats),anomaly/anomaly_id_02_00000074.wav,02,1,0.9714985269296252,0.5056113583243899,1,True
SVM-sup (MFCC stats),anomaly/anomaly_id_06_00000011.wav,06,1,0.9846173229200456,0.5056113583243899,1,True
SVM-sup (MFCC stats),anomaly/anomaly_id_02_00000006.wav,02,1,0.8527356843163107,0.5056113583243899,1,True
SVM-sup (MFCC stats),anomaly/anomaly_id_00_00000126.wav,00,1,0.816694074359291,0.5056113583243899,1,True
SVM-sup (MFCC stats),anomaly/anomaly_id_06_00000045.wav,06,1,0.9755126059392129,0.5056113583243899,1,True
SVM-sup (MFCC stats),anomaly/anomaly_id_00_00000070.wav,00,1,0.9895930264476505,0.5056113583243899,1,True
SVM-sup (MFCC stats),anomaly/anomaly_id_04_00000089.wav,04,1,0.6775028461593344,0.5056113583243899,1,True
SVM-sup (MFCC stats),anomaly/anomaly_id_02_00000029.wav,02,1,0.7683207139950888,0.5056113583243899,1,True
SVM-sup (MFCC stats),anomaly/anomaly_id_06_00000002.wav,06,1,0.31900995686127576,0.5056113583243899,0,False
SVM-sup (MFCC stats),anomaly/anomaly_id_02_00000107.wav,02,1,0.964331707039946,0.5056113583243899,1,True
SVM-sup (MFCC stats),anomaly/anomaly_id_00_00000054.wav,00,1,0.9844877928048074,0.5056113583243899,1,True
SVM-sup (MFCC stats),anomaly/anomaly_id_02_00000026.wav,02,1,0.6692707849310241,0.5056113583243899,1,True
SVM-sup (MFCC stats),anomaly/anomaly_id_04_00000027.wav,04,1,0.9669458245929009,0.5056113583243899,1,True
SVM-sup (MFCC stats),anomaly/anomaly_id_02_00000072.wav,02,1,0.9529546017652382,0.5056113583243899,1,True
SVM-sup (MFCC stats),anomaly/anomaly_id_06_00000053.wav,06,1,0.7689202760228535,0.5056113583243899,1,True
SVM-sup (MFCC stats),anomaly/anomaly_id_06_00000059.wav,06,1,0.970956618225173,0.5056113583243899,1,True
SVM-sup (MFCC stats),anomaly/anomaly_id_02_00000015.wav,02,1,0.8433892217817706,0.5056113583243899,1,True
SVM-sup (MFCC stats),anomaly/anomaly_id_06_00000101.wav,06,1,0.9974729214935331,0.5056113583243899,1,True
SVM-sup (MFCC stats),anomaly/anomaly_id_00_00000095.wav,00,1,0.9350196257336171,0.5056113583243899,1,True
SVM-sup (MFCC stats),anomaly/anomaly_id_06_00000081.wav,06,1,0.6611274300407326,0.5056113583243899,1,True
SVM-sup (MFCC stats),anomaly/anomaly_id_04_00000051.wav,04,1,0.12746373277780285,0.5056113583243899,0,False
SVM-sup (MFCC stats),anomaly/anomaly_id_02_00000043.wav,02,1,0.8509890710109524,0.5056113583243899,1,True
SVM-sup (MFCC stats),anomaly/anomaly_id_04_00000009.wav,04,1,0.3480017316052573,0.5056113583243899,0,False
SVM-sup (MFCC stats),anomaly/anomaly_id_04_00000003.wav,04,1,0.9994553423768306,0.5056113583243899,1,True
SVM-sup (MFCC stats),anomaly/anomaly_id_04_00000061.wav,04,1,0.9983823802751124,0.5056113583243899,1,True
SVM-sup (MFCC stats),anomaly/anomaly_id_04_00000052.wav,04,1,0.21548199765133894,0.5056113583243899,0,False
SVM-sup (MFCC stats),anomaly/anomaly_id_06_00000052.wav,06,1,0.44484732803881855,0.5056113583243899,0,False
SVM-sup (MFCC stats),anomaly/anomaly_id_00_00000088.wav,00,1,0.9999949413209492,0.5056113583243899,1,True
SVM-sup (MFCC stats),anomaly/anomaly_id_04_00000090.wav,04,1,0.9579291760806028,0.5056113583243899,1,True
SVM-sup (MFCC stats),anomaly/anomaly_id_06_00000069.wav,06,1,0.20330058830612951,0.5056113583243899,0,False
SVM-sup (MFCC stats),anomaly/anomaly_id_02_00000105.wav,02,1,0.5566525549590589,0.5056113583243899,1,True
SVM-sup (MFCC stats),anomaly/anomaly_id_02_00000071.wav,02,1,0.9529024588682612,0.5056113583243899,1,True
SVM-sup (MFCC stats),anomaly/anomaly_id_00_00000037.wav,00,1,0.9870085141927648,0.5056113583243899,1,True
SVM-sup (MFCC stats),anomaly/anomaly_id_06_00000001.wav,06,1,0.8628822146234691,0.5056113583243899,1,True
SVM-sup (MFCC stats),anomaly/anomaly_id_04_00000016.wav,04,1,0.7631112375115454,0.5056113583243899,1,True
SVM-sup (MFCC stats),anomaly/anomaly_id_06_00000076.wav,06,1,0.9368007030121492,0.5056113583243899,1,True
SVM-sup (MFCC stats),anomaly/anomaly_id_04_00000022.wav,04,1,0.3103095585686091,0.5056113583243899,0,False
SVM-sup (MFCC stats),anomaly/anomaly_id_02_00000018.wav,02,1,0.7643264559043662,0.5056113583243899,1,True
SVM-sup (MFCC stats),anomaly/anomaly_id_02_00000073.wav,02,1,0.9055746319249486,0.5056113583243899,1,True
SVM-sup (MFCC stats),anomaly/anomaly_id_02_00000064.wav,02,1,0.9175032306042691,0.5056113583243899,1,True
SVM-sup (MFCC stats),anomaly/anomaly_id_06_00000090.wav,06,1,0.19311166671783597,0.5056113583243899,0,False
SVM-sup (MFCC stats),anomaly/anomaly_id_02_00000030.wav,02,1,0.9756396153476463,0.5056113583243899,1,True
SVM-sup (MFCC stats),anomaly/anomaly_id_00_00000112.wav,00,1,0.4402228967078414,0.5056113583243899,0,False
SVM-sup (MFCC stats),anomaly/anomaly_id_00_00000018.wav,00,1,0.26810685193152023,0.5056113583243899,0,False
SVM-sup (MFCC stats),anomaly/anomaly_id_02_00000010.wav,02,1,0.7226326675629703,0.5056113583243899,1,True
SVM-sup (MFCC stats),anomaly/anomaly_id_00_00000011.wav,00,1,0.24397055780374893,0.5056113583243899,0,False
SVM-sup (MFCC stats),anomaly/anomaly_id_06_00000030.wav,06,1,0.9568250278849876,0.5056113583243899,1,True
SVM-sup (MFCC stats),anomaly/anomaly_id_02_00000062.wav,02,1,0.9860392832445404,0.5056113583243899,1,True
SVM-sup (MFCC stats),anomaly/anomaly_id_04_00000081.wav,04,1,0.8158204138541637,0.5056113583243899,1,True
SVM-sup (MFCC stats),anomaly/anomaly_id_06_00000040.wav,06,1,0.4856123740032073,0.5056113583243899,0,False
SVM-sup (MFCC stats),anomaly/anomaly_id_00_00000066.wav,00,1,0.9603044380749566,0.5056113583243899,1,True
SVM-sup (MFCC stats),anomaly/anomaly_id_00_00000009.wav,00,1,0.8163015179685097,0.5056113583243899,1,True
SVM-sup (MFCC stats),anomaly/anomaly_id_06_00000009.wav,06,1,0.92760310491226,0.5056113583243899,1,True
SVM-sup (MFCC stats),anomaly/anomaly_id_00_00000059.wav,00,1,0.9224179628863575,0.5056113583243899,1,True
SVM-sup (MFCC stats),anomaly/anomaly_id_06_00000032.wav,06,1,0.9702835217217112,0.5056113583243899,1,True
SVM-sup (MFCC stats),anomaly/anomaly_id_06_00000038.wav,06,1,0.8658312381782775,0.5056113583243899,1,True
SVM-sup (MFCC stats),anomaly/anomaly_id_00_00000004.wav,00,1,0.9102230177914099,0.5056113583243899,1,True
SVM-sup (MFCC stats),anomaly/anomaly_id_00_00000094.wav,00,1,0.831060752291157,0.5056113583243899,1,True
SVM-sup (MFCC stats),anomaly/anomaly_id_00_00000048.wav,00,1,0.01421196887993217,0.5056113583243899,0,False
SVM-sup (MFCC stats),anomaly/anomaly_id_00_00000093.wav,00,1,0.9274403035303767,0.5056113583243899,1,True
SVM-sup (MFCC stats),anomaly/anomaly_id_02_00000108.wav,02,1,0.830733180847885,0.5056113583243899,1,True
SVM-sup (MFCC stats),anomaly/anomaly_id_06_00000056.wav,06,1,0.9746307347636347,0.5056113583243899,1,True
SVM-sup (MFCC stats),anomaly/anomaly_id_00_00000032.wav,00,1,0.4514979071013546,0.5056113583243899,0,False
SVM-sup (MFCC stats),anomaly/anomaly_id_02_00000012.wav,02,1,0.9368823898511233,0.5056113583243899,1,True
SVM-sup (MFCC stats),anomaly/anomaly_id_00_00000128.wav,00,1,0.8967350437135929,0.5056113583243899,1,True
SVM-sup (MFCC stats),anomaly/anomaly_id_00_00000121.wav,00,1,0.48741195145486316,0.5056113583243899,0,False
SVM-sup (MFCC stats),anomaly/anomaly_id_02_00000084.wav,02,1,0.824328343725858,0.5056113583243899,1,True
SVM-sup (MFCC stats),anomaly/anomaly_id_00_00000130.wav,00,1,0.8860239154828251,0.5056113583243899,1,True
SVM-sup (MFCC stats),anomaly/anomaly_id_00_00000081.wav,00,1,0.619580345617393,0.5056113583243899,1,True
SVM-sup (MFCC stats),anomaly/anomaly_id_04_00000054.wav,04,1,0.4129057244927727,0.5056113583243899,0,False
SVM-sup (MFCC stats),anomaly/anomaly_id_04_00000057.wav,04,1,0.8324332585301176,0.5056113583243899,1,True
SVM-sup (MFCC stats),anomaly/anomaly_id_00_00000052.wav,00,1,0.9702837685065199,0.5056113583243899,1,True
SVM-sup (MFCC stats),anomaly/anomaly_id_06_00000025.wav,06,1,0.8469933044756928,0.5056113583243899,1,True
SVM-sup (MFCC stats),anomaly/anomaly_id_00_00000028.wav,00,1,0.9542120513566957,0.5056113583243899,1,True
SVM-sup (MFCC stats),anomaly/anomaly_id_06_00000050.wav,06,1,0.12370865313830263,0.5056113583243899,0,False
SVM-sup (MFCC stats),anomaly/anomaly_id_02_00000066.wav,02,1,0.9302460859816273,0.5056113583243899,1,True
SVM-sup (MFCC stats),anomaly/anomaly_id_00_00000106.wav,00,1,0.8529990826719245,0.5056113583243899,1,True
SVM-sup (MFCC stats),anomaly/anomaly_id_06_00000035.wav,06,1,0.6174104609373868,0.5056113583243899,1,True
SVM-sup (MFCC stats),anomaly/anomaly_id_06_00000100.wav,06,1,0.9908965524992251,0.5056113583243899,1,True
SVM-sup (MFCC stats),anomaly/anomaly_id_00_00000021.wav,00,1,0.992503763369474,0.5056113583243899,1,True
SVM-sup (MFCC stats),anomaly/anomaly_id_02_00000075.wav,02,1,0.7613092538614663,0.5056113583243899,1,True
SVM-sup (MFCC stats),anomaly/anomaly_id_06_00000048.wav,06,1,0.7505286361620518,0.5056113583243899,1,True
SVM-sup (MFCC stats),anomaly/anomaly_id_04_00000012.wav,04,1,0.7688999126747574,0.5056113583243899,1,True
SVM-sup (MFCC stats),anomaly/anomaly_id_06_00000065.wav,06,1,0.9693682665243055,0.5056113583243899,1,True
SVM-sup (MFCC stats),anomaly/anomaly_id_04_00000077.wav,04,1,0.9899218070551881,0.5056113583243899,1,True
SVM-sup (MFCC stats),anomaly/anomaly_id_00_00000039.wav,00,1,0.6833901612726074,0.5056113583243899,1,True
SVM-sup (MFCC stats),anomaly/anomaly_id_02_00000045.wav,02,1,0.6130777894410074,0.5056113583243899,1,True
SVM-sup (MFCC stats),anomaly/anomaly_id_00_00000013.wav,00,1,0.9945110638184028,0.5056113583243899,1,True
SVM-sup (MFCC stats),anomaly/anomaly_id_02_00000046.wav,02,1,0.9038133522329304,0.5056113583243899,1,True
SVM-sup (MFCC stats),anomaly/anomaly_id_04_00000091.wav,04,1,0.14107799366200535,0.5056113583243899,0,False
SVM-sup (MFCC stats),anomaly/anomaly_id_06_00000003.wav,06,1,0.6978852808040306,0.5056113583243899,1,True
SVM-sup (MFCC stats),anomaly/anomaly_id_02_00000077.wav,02,1,0.9266822487052249,0.5056113583243899,1,True
SVM-sup (MFCC stats),anomaly/anomaly_id_00_00000005.wav,00,1,0.914023909433999,0.5056113583243899,1,True
SVM-sup (MFCC stats),anomaly/anomaly_id_00_00000085.wav,00,1,0.9017459504530027,0.5056113583243899,1,True
SVM-sup (MFCC stats),anomaly/anomaly_id_06_00000085.wav,06,1,0.7004927568247751,0.5056113583243899,1,True
SVM-sup (MFCC stats),anomaly/anomaly_id_06_00000007.wav,06,1,0.9908095154152922,0.5056113583243899,1,True
SVM-sup (MFCC stats),anomaly/anomaly_id_04_00000078.wav,04,1,0.6090747607801259,0.5056113583243899,1,True
SVM-sup (MFCC stats),anomaly/anomaly_id_04_00000024.wav,04,1,0.9794558297505822,0.5056113583243899,1,True
SVM-sup (MFCC stats),anomaly/anomaly_id_00_00000078.wav,00,1,0.8978404367152444,0.5056113583243899,1,True
SVM-sup (MFCC stats),anomaly/anomaly_id_06_00000068.wav,06,1,0.6863910326281252,0.5056113583243899,1,True
SVM-sup (MFCC stats),anomaly/anomaly_id_00_00000114.wav,00,1,0.9996189032508442,0.5056113583243899,1,True
SVM-sup (MFCC stats),anomaly/anomaly_id_02_00000027.wav,02,1,0.9696663026899256,0.5056113583243899,1,True
SVM-sup (MFCC stats),anomaly/anomaly_id_04_00000085.wav,04,1,0.9671337686983758,0.5056113583243899,1,True
SVM-sup (MFCC stats),anomaly/anomaly_id_00_00000123.wav,00,1,0.9624906432669551,0.5056113583243899,1,True
SVM-sup (MFCC stats),anomaly/anomaly_id_04_00000047.wav,04,1,0.4675094436139846,0.5056113583243899,0,False
SVM-sup (MFCC stats),anomaly/anomaly_id_00_00000103.wav,00,1,0.8694720517391702,0.5056113583243899,1,True
SVM-sup (MFCC stats),anomaly/anomaly_id_00_00000090.wav,00,1,0.9670254583029527,0.5056113583243899,1,True
SVM-sup (MFCC stats),anomaly/anomaly_id_02_00000056.wav,02,1,0.9471338329825634,0.5056113583243899,1,True
SVM-sup (MFCC stats),anomaly/anomaly_id_04_00000020.wav,04,1,0.8141611774899742,0.5056113583243899,1,True
SVM-sup (MFCC stats),anomaly/anomaly_id_06_00000031.wav,06,1,0.9876690816765153,0.5056113583243899,1,True
SVM-sup (MFCC stats),anomaly/anomaly_id_02_00000063.wav,02,1,0.8203280195729091,0.5056113583243899,1,True
SVM-sup (MFCC stats),anomaly/anomaly_id_00_00000087.wav,00,1,0.9897423355433372,0.5056113583243899,1,True
SVM-sup (MFCC stats),anomaly/anomaly_id_02_00000078.wav,02,1,0.764531521455144,0.5056113583243899,1,True
SVM-sup (MFCC stats),anomaly/anomaly_id_00_00000142.wav,00,1,0.25244892501746863,0.5056113583243899,0,False
SVM-sup (MFCC stats),anomaly/anomaly_id_00_00000111.wav,00,1,0.8157605019238237,0.5056113583243899,1,True
SVM-sup (MFCC stats),anomaly/anomaly_id_04_00000075.wav,04,1,0.8843151860964307,0.5056113583243899,1,True
SVM-sup (MFCC stats),anomaly/anomaly_id_06_00000017.wav,06,1,0.8021707964646491,0.5056113583243899,1,True
SVM-sup (MFCC stats),anomaly/anomaly_id_04_00000023.wav,04,1,0.9986954571800067,0.5056113583243899,1,True
SVM-sup (MFCC stats),anomaly/anomaly_id_04_00000095.wav,04,1,0.9991177899783155,0.5056113583243899,1,True
SVM-sup (MFCC stats),anomaly/anomaly_id_06_00000063.wav,06,1,0.3194779230171946,0.5056113583243899,0,False
SVM-sup (MFCC stats),anomaly/anomaly_id_02_00000044.wav,02,1,0.7810215116852204,0.5056113583243899,1,True
SVM-sup (MFCC stats),anomaly/anomaly_id_00_00000065.wav,00,1,0.08395807067863464,0.5056113583243899,0,False
SVM-sup (MFCC stats),anomaly/anomaly_id_06_00000078.wav,06,1,0.5066859188493561,0.5056113583243899,1,True
SVM-sup (MFCC stats),anomaly/anomaly_id_00_00000099.wav,00,1,0.541075769216327,0.5056113583243899,1,True
SVM-sup (MFCC stats),anomaly/anomaly_id_00_00000071.wav,00,1,0.9986565279827411,0.5056113583243899,1,True
SVM-sup (MFCC stats),anomaly/anomaly_id_06_00000058.wav,06,1,0.9629010769935973,0.5056113583243899,1,True
SVM-sup (MFCC stats),anomaly/anomaly_id_00_00000069.wav,00,1,0.9967559198491708,0.5056113583243899,1,True
SVM-sup (MFCC stats),anomaly/anomaly_id_06_00000021.wav,06,1,0.9964430170674944,0.5056113583243899,1,True
SVM-sup (MFCC stats),anomaly/anomaly_id_00_00000125.wav,00,1,0.35262683050204563,0.5056113583243899,0,False
SVM-sup (MFCC stats),anomaly/anomaly_id_02_00000034.wav,02,1,0.7144434399900228,0.5056113583243899,1,True
SVM-sup (MFCC stats),anomaly/anomaly_id_02_00000081.wav,02,1,0.901571768237075,0.5056113583243899,1,True
SVM-sup (MFCC stats),anomaly/anomaly_id_06_00000086.wav,06,1,0.8091482882127468,0.5056113583243899,1,True
SVM-sup (MFCC stats),anomaly/anomaly_id_00_00000117.wav,00,1,0.6170421863670401,0.5056113583243899,1,True
SVM-sup (MFCC stats),anomaly/anomaly_id_00_00000074.wav,00,1,0.5606555632007321,0.5056113583243899,1,True
SVM-sup (MFCC stats),anomaly/anomaly_id_06_00000018.wav,06,1,0.6577880745974598,0.5056113583243899,1,True
SVM-sup (MFCC stats),anomaly/anomaly_id_00_00000010.wav,00,1,0.7510461376530843,0.5056113583243899,1,True
SVM-sup (MFCC stats),anomaly/anomaly_id_00_00000116.wav,00,1,0.9239247980017227,0.5056113583243899,1,True
SVM-sup (MFCC stats),anomaly/anomaly_id_06_00000039.wav,06,1,0.8803716371855095,0.5056113583243899,1,True
SVM-sup (MFCC stats),anomaly/anomaly_id_02_00000014.wav,02,1,0.5501900813229592,0.5056113583243899,1,True
SVM-sup (MFCC stats),anomaly/anomaly_id_00_00000063.wav,00,1,0.729559053432059,0.5056113583243899,1,True
SVM-sup (MFCC stats),anomaly/anomaly_id_02_00000080.wav,02,1,0.44542771707797485,0.5056113583243899,0,False
SVM-sup (MFCC stats),anomaly/anomaly_id_00_00000001.wav,00,1,0.1281542686178364,0.5056113583243899,0,False
SVM-sup (MFCC stats),anomaly/anomaly_id_00_00000042.wav,00,1,0.754401852834123,0.5056113583243899,1,True
SVM-sup (MFCC stats),anomaly/anomaly_id_00_00000122.wav,00,1,0.6058526878119154,0.5056113583243899,1,True
SVM-sup (MFCC stats),anomaly/anomaly_id_00_00000017.wav,00,1,0.48711679202798996,0.5056113583243899,0,False
SVM-sup (MFCC stats),anomaly/anomaly_id_02_00000024.wav,02,1,0.9670534055604941,0.5056113583243899,1,True
SVM-sup (MFCC stats),anomaly/anomaly_id_04_00000043.wav,04,1,0.20634939750728454,0.5056113583243899,0,False
SVM-sup (MFCC stats),anomaly/anomaly_id_04_00000055.wav,04,1,0.5005880714672075,0.5056113583243899,0,False
SVM-sup (MFCC stats),anomaly/anomaly_id_00_00000076.wav,00,1,0.9984649935395367,0.5056113583243899,1,True
SVM-sup (MFCC stats),anomaly/anomaly_id_04_00000059.wav,04,1,0.4312153262650403,0.5056113583243899,0,False
SVM-sup (MFCC stats),anomaly/anomaly_id_04_00000042.wav,04,1,0.5591349261319246,0.5056113583243899,1,True
SVM-sup (MFCC stats),anomaly/anomaly_id_02_00000065.wav,02,1,0.9534786248118657,0.5056113583243899,1,True
SVM-sup (MFCC stats),anomaly/anomaly_id_04_00000071.wav,04,1,0.4446053973149987,0.5056113583243899,0,False
SVM-sup (MFCC stats),anomaly/anomaly_id_00_00000031.wav,00,1,0.8354072216897657,0.5056113583243899,1,True
SVM-sup (MFCC stats),anomaly/anomaly_id_00_00000129.wav,00,1,0.9921001932424672,0.5056113583243899,1,True
SVM-sup (MFCC stats),anomaly/anomaly_id_06_00000049.wav,06,1,0.6610391746960508,0.5056113583243899,1,True
SVM-sup (MFCC stats),anomaly/anomaly_id_00_00000105.wav,00,1,0.1956794795025509,0.5056113583243899,0,False
SVM-sup (MFCC stats),anomaly/anomaly_id_04_00000036.wav,04,1,0.9990162560353029,0.5056113583243899,1,True
SVM-sup (MFCC stats),anomaly/anomaly_id_04_00000013.wav,04,1,0.9941122185988865,0.5056113583243899,1,True
SVM-sup (MFCC stats),anomaly/anomaly_id_06_00000044.wav,06,1,0.5833489700011646,0.5056113583243899,1,True
SVM-sup (MFCC stats),anomaly/anomaly_id_02_00000069.wav,02,1,0.9555194383585225,0.5056113583243899,1,True
SVM-sup (MFCC stats),anomaly/anomaly_id_00_00000043.wav,00,1,0.9516366747267756,0.5056113583243899,1,True
SVM-sup (MFCC stats),anomaly/anomaly_id_06_00000072.wav,06,1,0.4167292045598563,0.5056113583243899,0,False
SVM-sup (MFCC stats),anomaly/anomaly_id_02_00000017.wav,02,1,0.9274274840826826,0.5056113583243899,1,True
SVM-sup (MFCC stats),anomaly/anomaly_id_04_00000063.wav,04,1,0.9696109140466844,0.5056113583243899,1,True
SVM-sup (MFCC stats),anomaly/anomaly_id_00_00000057.wav,00,1,0.7408723530639326,0.5056113583243899,1,True
SVM-sup (MFCC stats),anomaly/anomaly_id_04_00000025.wav,04,1,0.9480595421415489,0.5056113583243899,1,True
SVM-sup (MFCC stats),anomaly/anomaly_id_00_00000023.wav,00,1,0.8586730944079269,0.5056113583243899,1,True
SVM-sup (MFCC stats),anomaly/anomaly_id_04_00000018.wav,04,1,0.9613679770316268,0.5056113583243899,1,True
SVM-sup (MFCC stats),anomaly/anomaly_id_00_00000015.wav,00,1,0.8640673121155646,0.5056113583243899,1,True
SVM-sup (MFCC stats),anomaly/anomaly_id_04_00000062.wav,04,1,0.5200022007877689,0.5056113583243899,1,True
SVM-sup (MFCC stats),anomaly/anomaly_id_00_00000109.wav,00,1,0.9170534939201784,0.5056113583243899,1,True
SVM-sup (MFCC stats),anomaly/anomaly_id_00_00000137.wav,00,1,0.7074947173368794,0.5056113583243899,1,True
SVM-sup (MFCC stats),anomaly/anomaly_id_02_00000047.wav,02,1,0.8995046655561898,0.5056113583243899,1,True
SVM-sup (MFCC stats),anomaly/anomaly_id_04_00000033.wav,04,1,0.32454557514897103,0.5056113583243899,0,False
SVM-sup (MFCC stats),anomaly/anomaly_id_00_00000016.wav,00,1,0.7117264072497136,0.5056113583243899,1,True
SVM-sup (MFCC stats),anomaly/anomaly_id_04_00000046.wav,04,1,0.8013254114096923,0.5056113583243899,1,True
SVM-sup (MFCC stats),anomaly/anomaly_id_02_00000097.wav,02,1,0.9704372404313436,0.5056113583243899,1,True
SVM-sup (MFCC stats),anomaly/anomaly_id_00_00000110.wav,00,1,0.25297982996912594,0.5056113583243899,0,False
SVM-sup (MFCC stats),anomaly/anomaly_id_02_00000052.wav,02,1,0.8007941877107443,0.5056113583243899,1,True
SVM-sup (MFCC stats),anomaly/anomaly_id_00_00000034.wav,00,1,0.9804988585772987,0.5056113583243899,1,True
SVM-sup (MFCC stats),anomaly/anomaly_id_04_00000032.wav,04,1,0.3230524820735274,0.5056113583243899,0,False
SVM-sup (MFCC stats),anomaly/anomaly_id_04_00000060.wav,04,1,0.8477099621418557,0.5056113583243899,1,True
SVM-sup (MFCC stats),anomaly/anomaly_id_00_00000035.wav,00,1,0.9852770882688809,0.5056113583243899,1,True
SVM-sup (MFCC stats),anomaly/anomaly_id_04_00000079.wav,04,1,0.9459434763389586,0.5056113583243899,1,True
SVM-sup (MFCC stats),anomaly/anomaly_id_02_00000039.wav,02,1,0.7298304104072776,0.5056113583243899,1,True
SVM-sup (MFCC stats),anomaly/anomaly_id_00_00000049.wav,00,1,0.9035967778529788,0.5056113583243899,1,True
SVM-sup (MFCC stats),anomaly/anomaly_id_00_00000006.wav,00,1,0.5135447763873756,0.5056113583243899,1,True
SVM-sup (MFCC stats),anomaly/anomaly_id_00_00000102.wav,00,1,0.9200666790014588,0.5056113583243899,1,True
SVM-sup (MFCC stats),anomaly/anomaly_id_02_00000032.wav,02,1,0.7819710613749193,0.5056113583243899,1,True
SVM-sup (MFCC stats),anomaly/anomaly_id_00_00000139.wav,00,1,0.6146395112942673,0.5056113583243899,1,True
SVM-sup (MFCC stats),anomaly/anomaly_id_06_00000084.wav,06,1,0.6204614550021386,0.5056113583243899,1,True
SVM-sup (MFCC stats),anomaly/anomaly_id_00_00000041.wav,00,1,0.056173312576013594,0.5056113583243899,0,False
SVM-sup (MFCC stats),anomaly/anomaly_id_06_00000012.wav,06,1,0.948696197932565,0.5056113583243899,1,True
SVM-sup (MFCC stats),anomaly/anomaly_id_00_00000022.wav,00,1,0.33722346781625534,0.5056113583243899,0,False
SVM-sup (MFCC stats),anomaly/anomaly_id_04_00000021.wav,04,1,0.574777540671342,0.5056113583243899,1,True
SVM-sup (MFCC stats),anomaly/anomaly_id_02_00000020.wav,02,1,0.9725399010508214,0.5056113583243899,1,True
SVM-sup (MFCC stats),anomaly/anomaly_id_04_00000066.wav,04,1,0.7193121994804129,0.5056113583243899,1,True
SVM-sup (MFCC stats),anomaly/anomaly_id_04_00000049.wav,04,1,0.7647853718911645,0.5056113583243899,1,True
SVM-sup (MFCC stats),anomaly/anomaly_id_00_00000113.wav,00,1,0.7593297935232192,0.5056113583243899,1,True
SVM-sup (MFCC stats),anomaly/anomaly_id_02_00000094.wav,02,1,0.5607662863765168,0.5056113583243899,1,True
SVM-sup (MFCC stats),anomaly/anomaly_id_06_00000042.wav,06,1,0.9250197188269501,0.5056113583243899,1,True
SVM-sup (MFCC stats),anomaly/anomaly_id_06_00000083.wav,06,1,0.3232116797281198,0.5056113583243899,0,False
SVM-sup (MFCC stats),anomaly/anomaly_id_00_00000014.wav,00,1,0.9697795298894173,0.5056113583243899,1,True
SVM-sup (MFCC stats),anomaly/anomaly_id_00_00000141.wav,00,1,0.018217129609940125,0.5056113583243899,0,False
SVM-sup (MFCC stats),anomaly/anomaly_id_02_00000051.wav,02,1,0.5832427236904053,0.5056113583243899,1,True
SVM-sup (MFCC stats),anomaly/anomaly_id_00_00000036.wav,00,1,0.974453675755563,0.5056113583243899,1,True
SVM-sup (MFCC stats),anomaly/anomaly_id_00_00000097.wav,00,1,0.8557560543464713,0.5056113583243899,1,True
SVM-sup (MFCC stats),anomaly/anomaly_id_06_00000095.wav,06,1,0.6394874967269657,0.5056113583243899,1,True
SVM-sup (MFCC stats),anomaly/anomaly_id_00_00000136.wav,00,1,0.1286931676234356,0.5056113583243899,0,False
PANNs + LOF,normal_id_06_00000054.wav,06,0,-0.36515459418296814,-0.3490181863307953,0,True
PANNs + LOF,normal_id_06_00000060.wav,06,0,-0.231927290558815,-0.3490181863307953,1,False
PANNs + LOF,normal_id_02_00000058.wav,02,0,-0.17735369503498077,-0.3490181863307953,1,False
PANNs + LOF,normal_id_04_00000039.wav,04,0,-0.4274243712425232,-0.3490181863307953,0,True
PANNs + LOF,normal_id_06_00000047.wav,06,0,-0.3766683042049408,-0.3490181863307953,0,True
PANNs + LOF,normal_id_00_00000095.wav,00,0,-0.35181576013565063,-0.3490181863307953,0,True
PANNs + LOF,normal_id_04_00000092.wav,04,0,-0.3658795952796936,-0.3490181863307953,0,True
PANNs + LOF,normal_id_00_00000092.wav,00,0,-0.4548412561416626,-0.3490181863307953,0,True
PANNs + LOF,normal_id_06_00000082.wav,06,0,-0.2910822629928589,-0.3490181863307953,1,False
PANNs + LOF,normal_id_04_00000094.wav,04,0,-0.3942674398422241,-0.3490181863307953,0,True
PANNs + LOF,normal_id_04_00000063.wav,04,0,-0.45803409814834595,-0.3490181863307953,0,True
PANNs + LOF,normal_id_02_00000086.wav,02,0,-0.477383553981781,-0.3490181863307953,0,True
PANNs + LOF,normal_id_00_00000007.wav,00,0,-0.32695266604423523,-0.3490181863307953,1,False
PANNs + LOF,normal_id_04_00000076.wav,04,0,-0.3000468611717224,-0.3490181863307953,1,False
PANNs + LOF,normal_id_06_00000035.wav,06,0,-0.3989831507205963,-0.3490181863307953,0,True
PANNs + LOF,normal_id_04_00000084.wav,04,0,-0.4308384656906128,-0.3490181863307953,0,True
PANNs + LOF,normal_id_00_00000060.wav,00,0,-0.21265046298503876,-0.3490181863307953,1,False
PANNs + LOF,normal_id_06_00000053.wav,06,0,-0.2567407786846161,-0.3490181863307953,1,False
PANNs + LOF,normal_id_04_00000033.wav,04,0,-0.3460131883621216,-0.3490181863307953,1,False
PANNs + LOF,normal_id_00_00000088.wav,00,0,-0.45586803555488586,-0.3490181863307953,0,True
PANNs + LOF,normal_id_06_00000040.wav,06,0,-0.39794471859931946,-0.3490181863307953,0,True
PANNs + LOF,normal_id_04_00000055.wav,04,0,-0.4214152693748474,-0.3490181863307953,0,True
PANNs + LOF,normal_id_06_00000043.wav,06,0,-0.38656848669052124,-0.3490181863307953,0,True
PANNs + LOF,normal_id_02_00000020.wav,02,0,-0.46727195382118225,-0.3490181863307953,0,True
PANNs + LOF,normal_id_06_00000061.wav,06,0,-0.038959767669439316,-0.3490181863307953,1,False
PANNs + LOF,normal_id_04_00000014.wav,04,0,-0.346232533454895,-0.3490181863307953,1,False
PANNs + LOF,normal_id_00_00000037.wav,00,0,-0.43896761536598206,-0.3490181863307953,0,True
PANNs + LOF,normal_id_04_00000028.wav,04,0,-0.45244279503822327,-0.3490181863307953,0,True
PANNs + LOF,normal_id_02_00000062.wav,02,0,-0.4630897343158722,-0.3490181863307953,0,True
PANNs + LOF,normal_id_06_00000006.wav,06,0,-0.4284534752368927,-0.3490181863307953,0,True
PANNs + LOF,normal_id_04_00000080.wav,04,0,-0.32561901211738586,-0.3490181863307953,1,False
PANNs + LOF,normal_id_04_00000089.wav,04,0,-0.40358129143714905,-0.3490181863307953,0,True
PANNs + LOF,normal_id_04_00000082.wav,04,0,-0.2466225028038025,-0.3490181863307953,1,False
PANNs + LOF,normal_id_00_00000020.wav,00,0,-0.3788175582885742,-0.3490181863307953,0,True
PANNs + LOF,normal_id_02_00000059.wav,02,0,-0.43138039112091064,-0.3490181863307953,0,True
PANNs + LOF,normal_id_04_00000054.wav,04,0,-0.31445419788360596,-0.3490181863307953,1,False
PANNs + LOF,normal_id_02_00000051.wav,02,0,-0.4107123613357544,-0.3490181863307953,0,True
PANNs + LOF,normal_id_04_00000036.wav,04,0,-0.4338669776916504,-0.3490181863307953,0,True
PANNs + LOF,normal_id_02_00000061.wav,02,0,-0.3765970468521118,-0.3490181863307953,0,True
PANNs + LOF,normal_id_06_00000099.wav,06,0,-0.40439116954803467,-0.3490181863307953,0,True
PANNs + LOF,normal_id_04_00000016.wav,04,0,-0.4737803041934967,-0.3490181863307953,0,True
PANNs + LOF,normal_id_04_00000007.wav,04,0,-0.33112382888793945,-0.3490181863307953,1,False
PANNs + LOF,normal_id_04_00000061.wav,04,0,-0.43849360942840576,-0.3490181863307953,0,True
PANNs + LOF,normal_id_02_00000073.wav,02,0,-0.4912865459918976,-0.3490181863307953,0,True
PANNs + LOF,normal_id_02_00000012.wav,02,0,-0.387302964925766,-0.3490181863307953,0,True
PANNs + LOF,normal_id_00_00000018.wav,00,0,-0.46421703696250916,-0.3490181863307953,0,True
PANNs + LOF,normal_id_02_00000053.wav,02,0,-0.47242558002471924,-0.3490181863307953,0,True
PANNs + LOF,normal_id_00_00000011.wav,00,0,-0.22577813267707825,-0.3490181863307953,1,False
PANNs + LOF,normal_id_06_00000032.wav,06,0,-0.1652410328388214,-0.3490181863307953,1,False
PANNs + LOF,normal_id_06_00000023.wav,06,0,-0.27079808712005615,-0.3490181863307953,1,False
PANNs + LOF,normal_id_04_00000005.wav,04,0,-0.13444238901138306,-0.3490181863307953,1,False
PANNs + LOF,normal_id_00_00000079.wav,00,0,-0.3999253511428833,-0.3490181863307953,0,True
PANNs + LOF,normal_id_04_00000002.wav,04,0,-0.385566771030426,-0.3490181863307953,0,True
PANNs + LOF,normal_id_04_00000059.wav,04,0,-0.44729089736938477,-0.3490181863307953,0,True
PANNs + LOF,normal_id_04_00000035.wav,04,0,-0.39101308584213257,-0.3490181863307953,0,True
PANNs + LOF,normal_id_06_00000042.wav,06,0,-0.263323038816452,-0.3490181863307953,1,False
PANNs + LOF,normal_id_00_00000066.wav,00,0,-0.23813189566135406,-0.3490181863307953,1,False
PANNs + LOF,normal_id_00_00000009.wav,00,0,-0.3791566491127014,-0.3490181863307953,0,True
PANNs + LOF,normal_id_00_00000059.wav,00,0,-0.4626893401145935,-0.3490181863307953,0,True
PANNs + LOF,normal_id_06_00000034.wav,06,0,-0.44840314984321594,-0.3490181863307953,0,True
PANNs + LOF,normal_id_00_00000004.wav,00,0,-0.30064767599105835,-0.3490181863307953,1,False
PANNs + LOF,normal_id_00_00000094.wav,00,0,-0.30376386642456055,-0.3490181863307953,1,False
PANNs + LOF,normal_id_00_00000048.wav,00,0,-0.43987566232681274,-0.3490181863307953,0,True
PANNs + LOF,normal_id_00_00000093.wav,00,0,-0.46133190393447876,-0.3490181863307953,0,True
PANNs + LOF,normal_id_04_00000051.wav,04,0,-0.41386738419532776,-0.3490181863307953,0,True
PANNs + LOF,normal_id_04_00000073.wav,04,0,-0.4480675160884857,-0.3490181863307953,0,True
PANNs + LOF,normal_id_00_00000032.wav,00,0,-0.40022754669189453,-0.3490181863307953,0,True
PANNs + LOF,normal_id_02_00000055.wav,02,0,-0.1333610862493515,-0.3490181863307953,1,False
PANNs + LOF,normal_id_02_00000028.wav,02,0,-0.42785558104515076,-0.3490181863307953,0,True
PANNs + LOF,normal_id_02_00000021.wav,02,0,-0.3935050368309021,-0.3490181863307953,0,True
PANNs + LOF,normal_id_04_00000027.wav,04,0,-0.4586843252182007,-0.3490181863307953,0,True
PANNs + LOF,normal_id_02_00000030.wav,02,0,-0.2814253568649292,-0.3490181863307953,1,False
PANNs + LOF,normal_id_00_00000081.wav,00,0,-0.3797535300254822,-0.3490181863307953,0,True
PANNs + LOF,normal_id_00_00000052.wav,00,0,-0.44313478469848633,-0.3490181863307953,0,True
PANNs + LOF,normal_id_06_00000028.wav,06,0,-0.3929169476032257,-0.3490181863307953,0,True
PANNs + LOF,normal_id_00_00000028.wav,00,0,-0.2062954306602478,-0.3490181863307953,1,False
PANNs + LOF,normal_id_06_00000052.wav,06,0,-0.27530109882354736,-0.3490181863307953,1,False
PANNs + LOF,normal_id_04_00000009.wav,04,0,-0.2673739790916443,-0.3490181863307953,1,False
PANNs + LOF,normal_id_02_00000006.wav,02,0,-0.44966283440589905,-0.3490181863307953,0,True
PANNs + LOF,normal_id_06_00000037.wav,06,0,0.15939269959926605,-0.3490181863307953,1,False
PANNs + LOF,normal_id_06_00000094.wav,06,0,-0.4214284121990204,-0.3490181863307953,0,True
PANNs + LOF,normal_id_00_00000021.wav,00,0,-0.3464008569717407,-0.3490181863307953,1,False
PANNs + LOF,normal_id_04_00000018.wav,04,0,-0.3946380615234375,-0.3490181863307953,0,True
PANNs + LOF,normal_id_06_00000050.wav,06,0,-0.3625420033931732,-0.3490181863307953,0,True
PANNs + LOF,normal_id_04_00000066.wav,04,0,-0.04746447503566742,-0.3490181863307953,1,False
PANNs + LOF,normal_id_06_00000086.wav,06,0,-0.23216216266155243,-0.3490181863307953,1,False
PANNs + LOF,normal_id_06_00000067.wav,06,0,-0.267514169216156,-0.3490181863307953,1,False
PANNs + LOF,normal_id_00_00000039.wav,00,0,-0.3811567723751068,-0.3490181863307953,0,True
PANNs + LOF,normal_id_02_00000088.wav,02,0,-0.3703761696815491,-0.3490181863307953,0,True
PANNs + LOF,normal_id_00_00000013.wav,00,0,-0.4227543771266937,-0.3490181863307953,0,True
PANNs + LOF,normal_id_02_00000089.wav,02,0,-0.46605342626571655,-0.3490181863307953,0,True
PANNs + LOF,normal_id_06_00000008.wav,06,0,-0.41068750619888306,-0.3490181863307953,0,True
PANNs + LOF,normal_id_04_00000020.wav,04,0,-0.41178280115127563,-0.3490181863307953,0,True
PANNs + LOF,normal_id_00_00000005.wav,00,0,-0.31977251172065735,-0.3490181863307953,1,False
PANNs + LOF,normal_id_00_00000085.wav,00,0,0.08369353413581848,-0.3490181863307953,1,False
PANNs + LOF,normal_id_06_00000015.wav,06,0,-0.3995923697948456,-0.3490181863307953,0,True
PANNs + LOF,normal_id_04_00000078.wav,04,0,-0.2917591333389282,-0.3490181863307953,1,False
PANNs + LOF,normal_id_00_00000078.wav,00,0,-0.39056098461151123,-0.3490181863307953,0,True
PANNs + LOF,normal_id_02_00000014.wav,02,0,-0.40964558720588684,-0.3490181863307953,0,True
PANNs + LOF,normal_id_02_00000070.wav,02,0,-0.3804040253162384,-0.3490181863307953,0,True
PANNs + LOF,normal_id_02_00000023.wav,02,0,-0.37344470620155334,-0.3490181863307953,0,True
PANNs + LOF,normal_id_06_00000001.wav,06,0,-0.3345135748386383,-0.3490181863307953,1,False
PANNs + LOF,normal_id_02_00000003.wav,02,0,-0.3898656964302063,-0.3490181863307953,0,True
PANNs + LOF,normal_id_00_00000090.wav,00,0,-0.3638288080692291,-0.3490181863307953,0,True
PANNs + LOF,normal_id_02_00000099.wav,02,0,-0.2552391588687897,-0.3490181863307953,1,False
PANNs + LOF,normal_id_04_00000074.wav,04,0,-0.44001883268356323,-0.3490181863307953,0,True
PANNs + LOF,normal_id_06_00000077.wav,06,0,-0.3634110689163208,-0.3490181863307953,0,True
PANNs + LOF,normal_id_04_00000006.wav,04,0,-0.2319517433643341,-0.3490181863307953,1,False
PANNs + LOF,normal_id_00_00000087.wav,00,0,-0.4213663935661316,-0.3490181863307953,0,True
PANNs + LOF,normal_id_04_00000021.wav,04,0,-0.44301101565361023,-0.3490181863307953,0,True
PANNs + LOF,normal_id_02_00000042.wav,02,0,-0.46452412009239197,-0.3490181863307953,0,True
PANNs + LOF,normal_id_02_00000011.wav,02,0,-0.2965623140335083,-0.3490181863307953,1,False
PANNs + LOF,normal_id_06_00000090.wav,06,0,-0.3267872929573059,-0.3490181863307953,1,False
PANNs + LOF,normal_id_04_00000077.wav,04,0,-0.03330128639936447,-0.3490181863307953,1,False
PANNs + LOF,normal_id_06_00000064.wav,06,0,-0.3831378221511841,-0.3490181863307953,0,True
PANNs + LOF,normal_id_02_00000087.wav,02,0,-0.3990109860897064,-0.3490181863307953,0,True
PANNs + LOF,normal_id_00_00000065.wav,00,0,-0.4036217927932739,-0.3490181863307953,0,True
PANNs + LOF,normal_id_06_00000079.wav,06,0,-0.09670546650886536,-0.3490181863307953,1,False
PANNs + LOF,normal_id_00_00000099.wav,00,0,-0.3924361765384674,-0.3490181863307953,0,True
PANNs + LOF,normal_id_00_00000071.wav,00,0,-0.43023884296417236,-0.3490181863307953,0,True
PANNs + LOF,normal_id_06_00000059.wav,06,0,-0.2756445109844208,-0.3490181863307953,1,False
PANNs + LOF,normal_id_00_00000069.wav,00,0,-0.05588211119174957,-0.3490181863307953,1,False
PANNs + LOF,normal_id_06_00000024.wav,06,0,-0.28492751717567444,-0.3490181863307953,1,False
PANNs + LOF,normal_id_02_00000025.wav,02,0,-0.43713051080703735,-0.3490181863307953,0,True
PANNs + LOF,normal_id_02_00000077.wav,02,0,-0.4049248695373535,-0.3490181863307953,0,True
PANNs + LOF,normal_id_04_00000024.wav,04,0,-0.2505747377872467,-0.3490181863307953,1,False
PANNs + LOF,normal_id_06_00000087.wav,06,0,-0.31416061520576477,-0.3490181863307953,1,False
PANNs + LOF,normal_id_02_00000017.wav,02,0,-0.42047303915023804,-0.3490181863307953,0,True
PANNs + LOF,normal_id_00_00000074.wav,00,0,-0.46853747963905334,-0.3490181863307953,0,True
PANNs + LOF,normal_id_00_00000010.wav,00,0,-0.2753036320209503,-0.3490181863307953,1,False
PANNs + LOF,normal_id_02_00000016.wav,02,0,-0.4218246638774872,-0.3490181863307953,0,True
PANNs + LOF,normal_id_06_00000041.wav,06,0,-0.16818676888942719,-0.3490181863307953,1,False
PANNs + LOF,normal_id_02_00000057.wav,02,0,-0.3238750100135803,-0.3490181863307953,1,False
PANNs + LOF,normal_id_00_00000063.wav,00,0,-0.21984533965587616,-0.3490181863307953,1,False
PANNs + LOF,normal_id_04_00000023.wav,04,0,-0.4165859520435333,-0.3490181863307953,0,True
PANNs + LOF,normal_id_00_00000001.wav,00,0,-0.4858461618423462,-0.3490181863307953,0,True
PANNs + LOF,normal_id_00_00000042.wav,00,0,-0.40175819396972656,-0.3490181863307953,0,True
PANNs + LOF,normal_id_02_00000022.wav,02,0,-0.34394946694374084,-0.3490181863307953,1,False
PANNs + LOF,normal_id_00_00000017.wav,00,0,-0.4328400790691376,-0.3490181863307953,0,True
PANNs + LOF,normal_id_02_00000067.wav,02,0,-0.26125308871269226,-0.3490181863307953,1,False
PANNs + LOF,normal_id_04_00000097.wav,04,0,-0.3440264165401459,-0.3490181863307953,1,False
PANNs + LOF,normal_id_06_00000009.wav,06,0,-0.44793426990509033,-0.3490181863307953,0,True
PANNs + LOF,normal_id_00_00000076.wav,00,0,-0.47183144092559814,-0.3490181863307953,0,True
PANNs + LOF,normal_id_06_00000013.wav,06,0,-0.24683541059494019,-0.3490181863307953,1,False
PANNs + LOF,normal_id_04_00000096.wav,04,0,-0.32120397686958313,-0.3490181863307953,1,False
PANNs + LOF,normal_id_04_00000008.wav,04,0,-0.21999388933181763,-0.3490181863307953,1,False
PANNs + LOF,normal_id_06_00000025.wav,06,0,-0.3787986934185028,-0.3490181863307953,0,True
PANNs + LOF,normal_id_00_00000031.wav,00,0,-0.45612314343452454,-0.3490181863307953,0,True
PANNs + LOF,normal_id_02_00000029.wav,02,0,-0.39847928285598755,-0.3490181863307953,0,True
PANNs + LOF,normal_id_06_00000051.wav,06,0,-0.18681305646896362,-0.3490181863307953,1,False
PANNs + LOF,normal_id_02_00000005.wav,02,0,-0.42124679684638977,-0.3490181863307953,0,True
PANNs + LOF,normal_id_04_00000090.wav,04,0,-0.4366036355495453,-0.3490181863307953,0,True
PANNs + LOF,normal_id_04_00000067.wav,04,0,-0.4763193130493164,-0.3490181863307953,0,True
PANNs + LOF,normal_id_04_00000012.wav,04,0,-0.45329439640045166,-0.3490181863307953,0,True
PANNs + LOF,normal_id_00_00000043.wav,00,0,-0.4806303381919861,-0.3490181863307953,0,True
PANNs + LOF,normal_id_06_00000073.wav,06,0,-0.385567307472229,-0.3490181863307953,0,True
PANNs + LOF,normal_id_02_00000060.wav,02,0,-0.45030471682548523,-0.3490181863307953,0,True
PANNs + LOF,normal_id_06_00000017.wav,06,0,-0.19335387647151947,-0.3490181863307953,1,False
PANNs + LOF,normal_id_00_00000057.wav,00,0,-0.3997022211551666,-0.3490181863307953,0,True
PANNs + LOF,normal_id_04_00000079.wav,04,0,-0.40696704387664795,-0.3490181863307953,0,True
PANNs + LOF,normal_id_00_00000023.wav,00,0,-0.47395509481430054,-0.3490181863307953,0,True
PANNs + LOF,normal_id_04_00000072.wav,04,0,-0.41781651973724365,-0.3490181863307953,0,True
PANNs + LOF,normal_id_00_00000015.wav,00,0,-0.40343740582466125,-0.3490181863307953,0,True
PANNs + LOF,normal_id_06_00000016.wav,06,0,-0.2893739342689514,-0.3490181863307953,1,False
PANNs + LOF,normal_id_02_00000009.wav,02,0,-0.41774627566337585,-0.3490181863307953,0,True
PANNs + LOF,normal_id_02_00000037.wav,02,0,-0.4464567005634308,-0.3490181863307953,0,True
PANNs + LOF,normal_id_02_00000090.wav,02,0,-0.4475272595882416,-0.3490181863307953,0,True
PANNs + LOF,normal_id_04_00000087.wav,04,0,-0.4347650408744812,-0.3490181863307953,0,True
PANNs + LOF,normal_id_00_00000016.wav,00,0,-0.2887684106826782,-0.3490181863307953,1,False
PANNs + LOF,normal_id_06_00000000.wav,06,0,-0.2977248728275299,-0.3490181863307953,1,False
PANNs + LOF,normal_id_04_00000040.wav,04,0,-0.42647233605384827,-0.3490181863307953,0,True
PANNs + LOF,normal_id_02_00000010.wav,02,0,-0.48312267661094666,-0.3490181863307953,0,True
PANNs + LOF,normal_id_02_00000095.wav,02,0,-0.4066848158836365,-0.3490181863307953,0,True
PANNs + LOF,normal_id_00_00000034.wav,00,0,-0.40206873416900635,-0.3490181863307953,0,True
PANNs + LOF,normal_id_04_00000086.wav,04,0,-0.2778622806072235,-0.3490181863307953,1,False
PANNs + LOF,normal_id_06_00000014.wav,06,0,-0.24611108005046844,-0.3490181863307953,1,False
PANNs + LOF,normal_id_00_00000035.wav,00,0,-0.45043087005615234,-0.3490181863307953,0,True
PANNs + LOF,normal_id_06_00000033.wav,06,0,-0.20198945701122284,-0.3490181863307953,1,False
PANNs + LOF,normal_id_02_00000082.wav,02,0,-0.4541288912296295,-0.3490181863307953,0,True
PANNs + LOF,normal_id_00_00000049.wav,00,0,-0.3576423227787018,-0.3490181863307953,0,True
PANNs + LOF,normal_id_00_00000006.wav,00,0,-0.39871761202812195,-0.3490181863307953,0,True
PANNs + LOF,normal_id_02_00000002.wav,02,0,-0.19834738969802856,-0.3490181863307953,1,False
PANNs + LOF,normal_id_02_00000075.wav,02,0,-0.375188410282135,-0.3490181863307953,0,True
PANNs + LOF,normal_id_02_00000039.wav,02,0,-0.47553178668022156,-0.3490181863307953,0,True
PANNs + LOF,normal_id_06_00000085.wav,06,0,-0.19448141753673553,-0.3490181863307953,1,False
PANNs + LOF,normal_id_00_00000041.wav,00,0,-0.3795667290687561,-0.3490181863307953,0,True
PANNs + LOF,normal_id_06_00000066.wav,06,0,-0.10076960176229477,-0.3490181863307953,1,False
PANNs + LOF,normal_id_00_00000022.wav,00,0,-0.38136979937553406,-0.3490181863307953,0,True
PANNs + LOF,normal_id_04_00000075.wav,04,0,-0.4670955240726471,-0.3490181863307953,0,True
PANNs + LOF,normal_id_02_00000063.wav,02,0,-0.4447975754737854,-0.3490181863307953,0,True
PANNs + LOF,normal_id_06_00000020.wav,06,0,-0.3161664307117462,-0.3490181863307953,1,False
PANNs + LOF,normal_id_06_00000003.wav,06,0,-0.2928262948989868,-0.3490181863307953,1,False
PANNs + LOF,normal_id_02_00000013.wav,02,0,-0.3910970687866211,-0.3490181863307953,0,True
PANNs + LOF,normal_id_04_00000037.wav,04,0,-0.41216835379600525,-0.3490181863307953,0,True
PANNs + LOF,normal_id_00_00000014.wav,00,0,-0.4590803384780884,-0.3490181863307953,0,True
PANNs + LOF,normal_id_02_00000041.wav,02,0,-0.4371011555194855,-0.3490181863307953,0,True
PANNs + LOF,normal_id_02_00000094.wav,02,0,-0.34524208307266235,-0.3490181863307953,1,False
PANNs + LOF,normal_id_00_00000036.wav,00,0,-0.4042626917362213,-0.3490181863307953,0,True
PANNs + LOF,normal_id_00_00000097.wav,00,0,-0.42612922191619873,-0.3490181863307953,0,True
PANNs + LOF,normal_id_02_00000036.wav,02,0,-0.438766211271286,-0.3490181863307953,0,True
PANNs + LOF,anomaly_id_02_00000089.wav,02,1,-0.06135251745581627,-0.3490181863307953,1,True
PANNs + LOF,anomaly_id_04_00000073.wav,04,1,-0.21253909170627594,-0.3490181863307953,1,True
PANNs + LOF,anomaly_id_06_00000051.wav,06,1,-0.11310459673404694,-0.3490181863307953,1,True
PANNs + LOF,anomaly_id_04_00000035.wav,04,1,-0.41284212470054626,-0.3490181863307953,0,False
PANNs + LOF,anomaly_id_04_00000001.wav,04,1,-0.3202146887779236,-0.3490181863307953,1,True
PANNs + LOF,anomaly_id_04_00000011.wav,04,1,-0.2980108857154846,-0.3490181863307953,1,True
PANNs + LOF,anomaly_id_04_00000080.wav,04,1,-0.2957274615764618,-0.3490181863307953,1,True
PANNs + LOF,anomaly_id_06_00000036.wav,06,1,-0.3305911421775818,-0.3490181863307953,1,True
PANNs + LOF,anomaly_id_00_00000024.wav,00,1,-0.385162353515625,-0.3490181863307953,0,False
PANNs + LOF,anomaly_id_04_00000098.wav,04,1,-0.06305769830942154,-0.3490181863307953,1,True
PANNs + LOF,anomaly_id_04_00000058.wav,04,1,-0.047388236969709396,-0.3490181863307953,1,True
PANNs + LOF,anomaly_id_02_00000091.wav,02,1,-0.3661467134952545,-0.3490181863307953,0,False
PANNs + LOF,anomaly_id_04_00000037.wav,04,1,-0.36014217138290405,-0.3490181863307953,0,False
PANNs + LOF,anomaly_id_04_00000070.wav,04,1,-0.1560988575220108,-0.3490181863307953,1,True
PANNs + LOF,anomaly_id_00_00000068.wav,00,1,0.9167029857635498,-0.3490181863307953,1,True
PANNs + LOF,anomaly_id_00_00000056.wav,00,1,-0.43655845522880554,-0.3490181863307953,0,False
PANNs + LOF,anomaly_id_02_00000087.wav,02,1,-0.17983373999595642,-0.3490181863307953,1,True
PANNs + LOF,anomaly_id_00_00000019.wav,00,1,-0.26341575384140015,-0.3490181863307953,1,True
PANNs + LOF,anomaly_id_02_00000021.wav,02,1,-0.250943124294281,-0.3490181863307953,1,True
PANNs + LOF,anomaly_id_02_00000095.wav,02,1,-0.4850339889526367,-0.3490181863307953,0,False
PANNs + LOF,anomaly_id_06_00000088.wav,06,1,-0.26376786828041077,-0.3490181863307953,1,True
PANNs + LOF,anomaly_id_02_00000070.wav,02,1,-0.1962299942970276,-0.3490181863307953,1,True
PANNs + LOF,anomaly_id_00_00000060.wav,00,1,0.02267184481024742,-0.3490181863307953,1,True
PANNs + LOF,anomaly_id_06_00000026.wav,06,1,-0.04147730767726898,-0.3490181863307953,1,True
PANNs + LOF,anomaly_id_00_00000073.wav,00,1,-0.264806866645813,-0.3490181863307953,1,True
PANNs + LOF,anomaly_id_02_00000090.wav,02,1,-0.36872828006744385,-0.3490181863307953,0,False
PANNs + LOF,anomaly_id_00_00000003.wav,00,1,-0.22326135635375977,-0.3490181863307953,1,True
PANNs + LOF,anomaly_id_04_00000053.wav,04,1,-0.17613190412521362,-0.3490181863307953,1,True
PANNs + LOF,anomaly_id_06_00000067.wav,06,1,-0.24970704317092896,-0.3490181863307953,1,True
PANNs + LOF,anomaly_id_06_00000013.wav,06,1,-0.12541979551315308,-0.3490181863307953,1,True
PANNs + LOF,anomaly_id_06_00000028.wav,06,1,-0.24605423212051392,-0.3490181863307953,1,True
PANNs + LOF,anomaly_id_04_00000005.wav,04,1,0.08762972801923752,-0.3490181863307953,1,True
PANNs + LOF,anomaly_id_02_00000035.wav,02,1,-0.192437544465065,-0.3490181863307953,1,True
PANNs + LOF,anomaly_id_04_00000086.wav,04,1,-0.2840956151485443,-0.3490181863307953,1,True
PANNs + LOF,anomaly_id_00_00000118.wav,00,1,-0.4674249291419983,-0.3490181863307953,0,False
PANNs + LOF,anomaly_id_02_00000106.wav,02,1,-0.37647297978401184,-0.3490181863307953,0,False
PANNs + LOF,anomaly_id_04_00000029.wav,04,1,-0.100662961602211,-0.3490181863307953,1,True
PANNs + LOF,anomaly_id_00_00000047.wav,00,1,-0.32086071372032166,-0.3490181863307953,1,True
PANNs + LOF,anomaly_id_02_00000092.wav,02,1,-0.004159728530794382,-0.3490181863307953,1,True
PANNs + LOF,anomaly_id_00_00000127.wav,00,1,-0.22587040066719055,-0.3490181863307953,1,True
PANNs + LOF,anomaly_id_02_00000003.wav,02,1,-0.46288612484931946,-0.3490181863307953,0,False
PANNs + LOF,anomaly_id_06_00000071.wav,06,1,-0.17481689155101776,-0.3490181863307953,1,True
PANNs + LOF,anomaly_id_00_00000027.wav,00,1,-0.0610012486577034,-0.3490181863307953,1,True
PANNs + LOF,anomaly_id_06_00000010.wav,06,1,-0.13178440928459167,-0.3490181863307953,1,True
PANNs + LOF,anomaly_id_00_00000062.wav,00,1,-0.0026313066482543945,-0.3490181863307953,1,True
PANNs + LOF,anomaly_id_06_00000027.wav,06,1,-0.23591729998588562,-0.3490181863307953,1,True
PANNs + LOF,anomaly_id_06_00000098.wav,06,1,-0.4139789342880249,-0.3490181863307953,0,False
PANNs + LOF,anomaly_id_04_00000096.wav,04,1,-0.014175759628415108,-0.3490181863307953,1,True
PANNs + LOF,anomaly_id_04_00000064.wav,04,1,-0.22208543121814728,-0.3490181863307953,1,True
PANNs + LOF,anomaly_id_02_00000110.wav,02,1,-0.4512191414833069,-0.3490181863307953,0,False
PANNs + LOF,anomaly_id_04_00000000.wav,04,1,-0.08656612783670425,-0.3490181863307953,1,True
PANNs + LOF,anomaly_id_06_00000060.wav,06,1,0.011583566665649414,-0.3490181863307953,1,True
PANNs + LOF,anomaly_id_02_00000000.wav,02,1,-0.158358633518219,-0.3490181863307953,1,True
PANNs + LOF,anomaly_id_02_00000057.wav,02,1,-0.045513734221458435,-0.3490181863307953,1,True
PANNs + LOF,anomaly_id_04_00000026.wav,04,1,-0.1497168391942978,-0.3490181863307953,1,True
PANNs + LOF,anomaly_id_00_00000038.wav,00,1,-0.18306173384189606,-0.3490181863307953,1,True
PANNs + LOF,anomaly_id_06_00000023.wav,06,1,-0.39619848132133484,-0.3490181863307953,0,False
PANNs + LOF,anomaly_id_00_00000029.wav,00,1,-0.28312838077545166,-0.3490181863307953,1,True
PANNs + LOF,anomaly_id_00_00000089.wav,00,1,-0.36021292209625244,-0.3490181863307953,0,False
PANNs + LOF,anomaly_id_02_00000093.wav,02,1,-0.4206947386264801,-0.3490181863307953,0,False
PANNs + LOF,anomaly_id_00_00000098.wav,00,1,-0.26622506976127625,-0.3490181863307953,1,True
PANNs + LOF,anomaly_id_00_00000119.wav,00,1,-0.3236314654350281,-0.3490181863307953,1,True
PANNs + LOF,anomaly_id_02_00000005.wav,02,1,-0.3738637864589691,-0.3490181863307953,0,False
PANNs + LOF,anomaly_id_02_00000053.wav,02,1,-0.10545626282691956,-0.3490181863307953,1,True
PANNs + LOF,anomaly_id_04_00000093.wav,04,1,-0.02832227200269699,-0.3490181863307953,1,True
PANNs + LOF,anomaly_id_04_00000038.wav,04,1,-0.3571966290473938,-0.3490181863307953,0,False
PANNs + LOF,anomaly_id_00_00000134.wav,00,1,-0.3485904037952423,-0.3490181863307953,1,True
PANNs + LOF,anomaly_id_02_00000068.wav,02,1,-0.22620385885238647,-0.3490181863307953,1,True
PANNs + LOF,anomaly_id_00_00000012.wav,00,1,-0.28886377811431885,-0.3490181863307953,1,True
PANNs + LOF,anomaly_id_02_00000082.wav,02,1,-0.03005276806652546,-0.3490181863307953,1,True
PANNs + LOF,anomaly_id_00_00000067.wav,00,1,-0.32513120770454407,-0.3490181863307953,1,True
PANNs + LOF,anomaly_id_00_00000108.wav,00,1,-0.34137392044067383,-0.3490181863307953,1,True
PANNs + LOF,anomaly_id_00_00000084.wav,00,1,0.13632474839687347,-0.3490181863307953,1,True
PANNs + LOF,anomaly_id_04_00000094.wav,04,1,-0.22773058712482452,-0.3490181863307953,1,True
PANNs + LOF,anomaly_id_02_00000058.wav,02,1,0.056195393204689026,-0.3490181863307953,1,True
PANNs + LOF,anomaly_id_06_00000019.wav,06,1,-0.3219864070415497,-0.3490181863307953,1,True
PANNs + LOF,anomaly_id_06_00000093.wav,06,1,-0.2578960955142975,-0.3490181863307953,1,True
PANNs + LOF,anomaly_id_00_00000030.wav,00,1,-0.24128076434135437,-0.3490181863307953,1,True
PANNs + LOF,anomaly_id_00_00000007.wav,00,1,-0.3810860216617584,-0.3490181863307953,0,False
PANNs + LOF,anomaly_id_06_00000022.wav,06,1,-0.18521834909915924,-0.3490181863307953,1,True
PANNs + LOF,anomaly_id_06_00000091.wav,06,1,-0.158717542886734,-0.3490181863307953,1,True
PANNs + LOF,anomaly_id_02_00000102.wav,02,1,-0.4537516236305237,-0.3490181863307953,0,False
PANNs + LOF,anomaly_id_00_00000025.wav,00,1,-0.18548180162906647,-0.3490181863307953,1,True
PANNs + LOF,anomaly_id_00_00000092.wav,00,1,-0.4826637804508209,-0.3490181863307953,0,False
PANNs + LOF,anomaly_id_04_00000050.wav,04,1,0.41574788093566895,-0.3490181863307953,1,True
PANNs + LOF,anomaly_id_06_00000080.wav,06,1,-0.137160062789917,-0.3490181863307953,1,True
PANNs + LOF,anomaly_id_06_00000087.wav,06,1,-0.35853657126426697,-0.3490181863307953,0,False
PANNs + LOF,anomaly_id_06_00000094.wav,06,1,-0.40506184101104736,-0.3490181863307953,0,False
PANNs + LOF,anomaly_id_04_00000019.wav,04,1,0.13500173389911652,-0.3490181863307953,1,True
PANNs + LOF,anomaly_id_02_00000104.wav,02,1,0.1854306012392044,-0.3490181863307953,1,True
PANNs + LOF,anomaly_id_00_00000040.wav,00,1,-0.032530758529901505,-0.3490181863307953,1,True
PANNs + LOF,anomaly_id_06_00000015.wav,06,1,-0.08129607141017914,-0.3490181863307953,1,True
PANNs + LOF,anomaly_id_02_00000013.wav,02,1,-0.40517958998680115,-0.3490181863307953,0,False
PANNs + LOF,anomaly_id_06_00000075.wav,06,1,-0.16583482921123505,-0.3490181863307953,1,True
PANNs + LOF,anomaly_id_02_00000038.wav,02,1,-0.42353448271751404,-0.3490181863307953,0,False
PANNs + LOF,anomaly_id_04_00000074.wav,04,1,0.5030589699745178,-0.3490181863307953,1,True
PANNs + LOF,anomaly_id_00_00000104.wav,00,1,-0.33697640895843506,-0.3490181863307953,1,True
PANNs + LOF,anomaly_id_00_00000075.wav,00,1,-0.4496590197086334,-0.3490181863307953,0,False
PANNs + LOF,anomaly_id_04_00000069.wav,04,1,-0.31923967599868774,-0.3490181863307953,1,True
PANNs + LOF,anomaly_id_02_00000037.wav,02,1,-0.20934320986270905,-0.3490181863307953,1,True
PANNs + LOF,anomaly_id_04_00000028.wav,04,1,-0.08860601484775543,-0.3490181863307953,1,True
PANNs + LOF,anomaly_id_00_00000135.wav,00,1,-0.06456192582845688,-0.3490181863307953,1,True
PANNs + LOF,anomaly_id_02_00000022.wav,02,1,-0.29781755805015564,-0.3490181863307953,1,True
PANNs + LOF,anomaly_id_02_00000050.wav,02,1,-0.05899626761674881,-0.3490181863307953,1,True
PANNs + LOF,anomaly_id_00_00000091.wav,00,1,-0.4617246985435486,-0.3490181863307953,0,False
PANNs + LOF,anomaly_id_04_00000017.wav,04,1,-0.2880750894546509,-0.3490181863307953,1,True
PANNs + LOF,anomaly_id_04_00000067.wav,04,1,-0.2625907361507416,-0.3490181863307953,1,True
PANNs + LOF,anomaly_id_06_00000089.wav,06,1,-0.0796816498041153,-0.3490181863307953,1,True
PANNs + LOF,anomaly_id_02_00000002.wav,02,1,-0.338169664144516,-0.3490181863307953,1,True
PANNs + LOF,anomaly_id_06_00000064.wav,06,1,0.6578739881515503,-0.3490181863307953,1,True
PANNs + LOF,anomaly_id_02_00000074.wav,02,1,-0.19876469671726227,-0.3490181863307953,1,True
PANNs + LOF,anomaly_id_06_00000011.wav,06,1,-0.0820300430059433,-0.3490181863307953,1,True
PANNs + LOF,anomaly_id_02_00000006.wav,02,1,-0.47367966175079346,-0.3490181863307953,0,False
PANNs + LOF,anomaly_id_00_00000126.wav,00,1,-0.1673063039779663,-0.3490181863307953,1,True
PANNs + LOF,anomaly_id_06_00000045.wav,06,1,-0.17240223288536072,-0.3490181863307953,1,True
PANNs + LOF,anomaly_id_00_00000070.wav,00,1,-0.03847439959645271,-0.3490181863307953,1,True
PANNs + LOF,anomaly_id_04_00000089.wav,04,1,-0.3316935896873474,-0.3490181863307953,1,True
PANNs + LOF,anomaly_id_02_00000029.wav,02,1,-0.46001678705215454,-0.3490181863307953,0,False
PANNs + LOF,anomaly_id_06_00000002.wav,06,1,-0.36147794127464294,-0.3490181863307953,0,False
PANNs + LOF,anomaly_id_02_00000107.wav,02,1,0.07426957041025162,-0.3490181863307953,1,True
PANNs + LOF,anomaly_id_00_00000054.wav,00,1,0.11580387502908707,-0.3490181863307953,1,True
PANNs + LOF,anomaly_id_02_00000026.wav,02,1,-0.00300170318223536,-0.3490181863307953,1,True
PANNs + LOF,anomaly_id_04_00000027.wav,04,1,-0.24766230583190918,-0.3490181863307953,1,True
PANNs + LOF,anomaly_id_02_00000072.wav,02,1,-0.46280956268310547,-0.3490181863307953,0,False
PANNs + LOF,anomaly_id_06_00000053.wav,06,1,-0.3569430708885193,-0.3490181863307953,0,False
PANNs + LOF,anomaly_id_06_00000059.wav,06,1,-0.2110549956560135,-0.3490181863307953,1,True
PANNs + LOF,anomaly_id_02_00000015.wav,02,1,-0.3745785653591156,-0.3490181863307953,0,False
PANNs + LOF,anomaly_id_06_00000101.wav,06,1,-0.14231884479522705,-0.3490181863307953,1,True
PANNs + LOF,anomaly_id_00_00000095.wav,00,1,-0.39251482486724854,-0.3490181863307953,0,False
PANNs + LOF,anomaly_id_06_00000081.wav,06,1,-0.11320695281028748,-0.3490181863307953,1,True
PANNs + LOF,anomaly_id_04_00000051.wav,04,1,-0.3897036015987396,-0.3490181863307953,0,False
PANNs + LOF,anomaly_id_02_00000043.wav,02,1,-0.20314918458461761,-0.3490181863307953,1,True
PANNs + LOF,anomaly_id_04_00000009.wav,04,1,-0.3036225736141205,-0.3490181863307953,1,True
PANNs + LOF,anomaly_id_04_00000003.wav,04,1,-0.24392467737197876,-0.3490181863307953,1,True
PANNs + LOF,anomaly_id_04_00000061.wav,04,1,-0.3942888081073761,-0.3490181863307953,0,False
PANNs + LOF,anomaly_id_04_00000052.wav,04,1,0.011587209068238735,-0.3490181863307953,1,True
PANNs + LOF,anomaly_id_06_00000052.wav,06,1,-0.37808895111083984,-0.3490181863307953,0,False
PANNs + LOF,anomaly_id_00_00000088.wav,00,1,-0.1494700312614441,-0.3490181863307953,1,True
PANNs + LOF,anomaly_id_04_00000090.wav,04,1,-0.4725644886493683,-0.3490181863307953,0,False
PANNs + LOF,anomaly_id_06_00000069.wav,06,1,-0.1584944725036621,-0.3490181863307953,1,True
PANNs + LOF,anomaly_id_02_00000105.wav,02,1,-0.29443156719207764,-0.3490181863307953,1,True
PANNs + LOF,anomaly_id_02_00000071.wav,02,1,-0.464958518743515,-0.3490181863307953,0,False
PANNs + LOF,anomaly_id_00_00000037.wav,00,1,0.11796918511390686,-0.3490181863307953,1,True
PANNs + LOF,anomaly_id_06_00000001.wav,06,1,-0.22849515080451965,-0.3490181863307953,1,True
PANNs + LOF,anomaly_id_04_00000016.wav,04,1,-0.32800161838531494,-0.3490181863307953,1,True
PANNs + LOF,anomaly_id_06_00000076.wav,06,1,-0.21756307780742645,-0.3490181863307953,1,True
PANNs + LOF,anomaly_id_04_00000022.wav,04,1,-0.3389336168766022,-0.3490181863307953,1,True
PANNs + LOF,anomaly_id_02_00000018.wav,02,1,-0.43191808462142944,-0.3490181863307953,0,False
PANNs + LOF,anomaly_id_02_00000073.wav,02,1,-0.3328148126602173,-0.3490181863307953,1,True
PANNs + LOF,anomaly_id_02_00000064.wav,02,1,-0.29577261209487915,-0.3490181863307953,1,True
PANNs + LOF,anomaly_id_06_00000090.wav,06,1,-0.4010828733444214,-0.3490181863307953,0,False
PANNs + LOF,anomaly_id_02_00000030.wav,02,1,0.07897695899009705,-0.3490181863307953,1,True
PANNs + LOF,anomaly_id_00_00000112.wav,00,1,-0.3297511637210846,-0.3490181863307953,1,True
PANNs + LOF,anomaly_id_00_00000018.wav,00,1,-0.3595905303955078,-0.3490181863307953,0,False
PANNs + LOF,anomaly_id_02_00000010.wav,02,1,-0.14785370230674744,-0.3490181863307953,1,True
PANNs + LOF,anomaly_id_00_00000011.wav,00,1,-0.39515674114227295,-0.3490181863307953,0,False
PANNs + LOF,anomaly_id_06_00000030.wav,06,1,-0.15379208326339722,-0.3490181863307953,1,True
PANNs + LOF,anomaly_id_02_00000062.wav,02,1,-0.2048899084329605,-0.3490181863307953,1,True
PANNs + LOF,anomaly_id_04_00000081.wav,04,1,-0.3589060604572296,-0.3490181863307953,0,False
PANNs + LOF,anomaly_id_06_00000040.wav,06,1,-0.3917543888092041,-0.3490181863307953,0,False
PANNs + LOF,anomaly_id_00_00000066.wav,00,1,-0.2879844605922699,-0.3490181863307953,1,True
PANNs + LOF,anomaly_id_00_00000009.wav,00,1,-0.29395592212677,-0.3490181863307953,1,True
PANNs + LOF,anomaly_id_06_00000009.wav,06,1,-0.2363879382610321,-0.3490181863307953,1,True
PANNs + LOF,anomaly_id_00_00000059.wav,00,1,-0.2557407021522522,-0.3490181863307953,1,True
PANNs + LOF,anomaly_id_06_00000032.wav,06,1,-0.2811830937862396,-0.3490181863307953,1,True
PANNs + LOF,anomaly_id_06_00000038.wav,06,1,-0.2983953654766083,-0.3490181863307953,1,True
PANNs + LOF,anomaly_id_00_00000004.wav,00,1,-0.3446705639362335,-0.3490181863307953,1,True
PANNs + LOF,anomaly_id_00_00000094.wav,00,1,-0.3331500291824341,-0.3490181863307953,1,True
PANNs + LOF,anomaly_id_00_00000048.wav,00,1,-0.2626599073410034,-0.3490181863307953,1,True
PANNs + LOF,anomaly_id_00_00000093.wav,00,1,-0.13496854901313782,-0.3490181863307953,1,True
PANNs + LOF,anomaly_id_02_00000108.wav,02,1,-0.3043445944786072,-0.3490181863307953,1,True
PANNs + LOF,anomaly_id_06_00000056.wav,06,1,-0.2388012707233429,-0.3490181863307953,1,True
PANNs + LOF,anomaly_id_00_00000032.wav,00,1,0.16510459780693054,-0.3490181863307953,1,True
PANNs + LOF,anomaly_id_02_00000012.wav,02,1,-0.09737998992204666,-0.3490181863307953,1,True
PANNs + LOF,anomaly_id_00_00000128.wav,00,1,-0.2836897075176239,-0.3490181863307953,1,True
PANNs + LOF,anomaly_id_00_00000121.wav,00,1,-0.33012717962265015,-0.3490181863307953,1,True
PANNs + LOF,anomaly_id_02_00000084.wav,02,1,-0.40084314346313477,-0.3490181863307953,0,False
PANNs + LOF,anomaly_id_00_00000130.wav,00,1,-0.24154996871948242,-0.3490181863307953,1,True
PANNs + LOF,anomaly_id_00_00000081.wav,00,1,-0.2835588753223419,-0.3490181863307953,1,True
PANNs + LOF,anomaly_id_04_00000054.wav,04,1,-0.4346555471420288,-0.3490181863307953,0,False
PANNs + LOF,anomaly_id_04_00000057.wav,04,1,-0.4343366026878357,-0.3490181863307953,0,False
PANNs + LOF,anomaly_id_00_00000052.wav,00,1,-0.30009645223617554,-0.3490181863307953,1,True
PANNs + LOF,anomaly_id_06_00000025.wav,06,1,-0.1804327666759491,-0.3490181863307953,1,True
PANNs + LOF,anomaly_id_00_00000028.wav,00,1,-0.3249139189720154,-0.3490181863307953,1,True
PANNs + LOF,anomaly_id_06_00000050.wav,06,1,-0.2172420471906662,-0.3490181863307953,1,True
PANNs + LOF,anomaly_id_02_00000066.wav,02,1,-0.44305989146232605,-0.3490181863307953,0,False
PANNs + LOF,anomaly_id_00_00000106.wav,00,1,-0.33316102623939514,-0.3490181863307953,1,True
PANNs + LOF,anomaly_id_06_00000035.wav,06,1,-0.2871573865413666,-0.3490181863307953,1,True
PANNs + LOF,anomaly_id_06_00000100.wav,06,1,-0.12472845613956451,-0.3490181863307953,1,True
PANNs + LOF,anomaly_id_00_00000021.wav,00,1,0.007435825187712908,-0.3490181863307953,1,True
PANNs + LOF,anomaly_id_02_00000075.wav,02,1,-0.4787864089012146,-0.3490181863307953,0,False
PANNs + LOF,anomaly_id_06_00000048.wav,06,1,-0.18717807531356812,-0.3490181863307953,1,True
PANNs + LOF,anomaly_id_04_00000012.wav,04,1,-0.12591664493083954,-0.3490181863307953,1,True
PANNs + LOF,anomaly_id_06_00000065.wav,06,1,-0.24900706112384796,-0.3490181863307953,1,True
PANNs + LOF,anomaly_id_04_00000077.wav,04,1,-0.3553115129470825,-0.3490181863307953,0,False
PANNs + LOF,anomaly_id_00_00000039.wav,00,1,-0.4770859479904175,-0.3490181863307953,0,False
PANNs + LOF,anomaly_id_02_00000045.wav,02,1,-0.2199735790491104,-0.3490181863307953,1,True
PANNs + LOF,anomaly_id_00_00000013.wav,00,1,-0.061545517295598984,-0.3490181863307953,1,True
PANNs + LOF,anomaly_id_02_00000046.wav,02,1,-0.12740738689899445,-0.3490181863307953,1,True
PANNs + LOF,anomaly_id_04_00000091.wav,04,1,-0.341128945350647,-0.3490181863307953,1,True
PANNs + LOF,anomaly_id_06_00000003.wav,06,1,-0.35261070728302,-0.3490181863307953,0,False
PANNs + LOF,anomaly_id_02_00000077.wav,02,1,-0.13310812413692474,-0.3490181863307953,1,True
PANNs + LOF,anomaly_id_00_00000005.wav,00,1,-0.2690230906009674,-0.3490181863307953,1,True
PANNs + LOF,anomaly_id_00_00000085.wav,00,1,0.14734771847724915,-0.3490181863307953,1,True
PANNs + LOF,anomaly_id_06_00000085.wav,06,1,-0.4118107259273529,-0.3490181863307953,0,False
PANNs + LOF,anomaly_id_06_00000007.wav,06,1,-0.15895968675613403,-0.3490181863307953,1,True
PANNs + LOF,anomaly_id_04_00000078.wav,04,1,-0.4155629873275757,-0.3490181863307953,0,False
PANNs + LOF,anomaly_id_04_00000024.wav,04,1,-0.0637134462594986,-0.3490181863307953,1,True
PANNs + LOF,anomaly_id_00_00000078.wav,00,1,-0.16906051337718964,-0.3490181863307953,1,True
PANNs + LOF,anomaly_id_06_00000068.wav,06,1,-0.38127654790878296,-0.3490181863307953,0,False
PANNs + LOF,anomaly_id_00_00000114.wav,00,1,-0.35757744312286377,-0.3490181863307953,0,False
PANNs + LOF,anomaly_id_02_00000027.wav,02,1,-0.36320289969444275,-0.3490181863307953,0,False
PANNs + LOF,anomaly_id_04_00000085.wav,04,1,-0.2653273940086365,-0.3490181863307953,1,True
PANNs + LOF,anomaly_id_00_00000123.wav,00,1,-0.30747678875923157,-0.3490181863307953,1,True
PANNs + LOF,anomaly_id_04_00000047.wav,04,1,-0.28394609689712524,-0.3490181863307953,1,True
PANNs + LOF,anomaly_id_00_00000103.wav,00,1,-0.04859266057610512,-0.3490181863307953,1,True
PANNs + LOF,anomaly_id_00_00000090.wav,00,1,-0.19603288173675537,-0.3490181863307953,1,True
PANNs + LOF,anomaly_id_02_00000056.wav,02,1,0.08542108535766602,-0.3490181863307953,1,True
PANNs + LOF,anomaly_id_04_00000020.wav,04,1,-0.4494785666465759,-0.3490181863307953,0,False
PANNs + LOF,anomaly_id_06_00000031.wav,06,1,-0.10815902799367905,-0.3490181863307953,1,True
PANNs + LOF,anomaly_id_02_00000063.wav,02,1,-0.0797576904296875,-0.3490181863307953,1,True
PANNs + LOF,anomaly_id_00_00000087.wav,00,1,-0.08971589058637619,-0.3490181863307953,1,True
PANNs + LOF,anomaly_id_02_00000078.wav,02,1,-0.17293278872966766,-0.3490181863307953,1,True
PANNs + LOF,anomaly_id_00_00000142.wav,00,1,-0.34791892766952515,-0.3490181863307953,1,True
PANNs + LOF,anomaly_id_00_00000111.wav,00,1,-0.3549167215824127,-0.3490181863307953,0,False
PANNs + LOF,anomaly_id_04_00000075.wav,04,1,-0.16361282765865326,-0.3490181863307953,1,True
PANNs + LOF,anomaly_id_06_00000017.wav,06,1,-0.1702631562948227,-0.3490181863307953,1,True
PANNs + LOF,anomaly_id_04_00000023.wav,04,1,0.056993260979652405,-0.3490181863307953,1,True
PANNs + LOF,anomaly_id_04_00000095.wav,04,1,-0.28924083709716797,-0.3490181863307953,1,True
PANNs + LOF,anomaly_id_06_00000063.wav,06,1,-0.2198335975408554,-0.3490181863307953,1,True
PANNs + LOF,anomaly_id_02_00000044.wav,02,1,-0.24345813691616058,-0.3490181863307953,1,True
PANNs + LOF,anomaly_id_00_00000065.wav,00,1,-0.22461694478988647,-0.3490181863307953,1,True
PANNs + LOF,anomaly_id_06_00000078.wav,06,1,-0.13966555893421173,-0.3490181863307953,1,True
PANNs + LOF,anomaly_id_00_00000099.wav,00,1,-0.371338814496994,-0.3490181863307953,0,False
PANNs + LOF,anomaly_id_00_00000071.wav,00,1,-0.2936006188392639,-0.3490181863307953,1,True
PANNs + LOF,anomaly_id_06_00000058.wav,06,1,-0.38099974393844604,-0.3490181863307953,0,False
PANNs + LOF,anomaly_id_00_00000069.wav,00,1,-0.16386491060256958,-0.3490181863307953,1,True
PANNs + LOF,anomaly_id_06_00000021.wav,06,1,-0.23013745248317719,-0.3490181863307953,1,True
PANNs + LOF,anomaly_id_00_00000125.wav,00,1,-0.19438184797763824,-0.3490181863307953,1,True
PANNs + LOF,anomaly_id_02_00000034.wav,02,1,-0.29449087381362915,-0.3490181863307953,1,True
PANNs + LOF,anomaly_id_02_00000081.wav,02,1,-0.40924686193466187,-0.3490181863307953,0,False
PANNs + LOF,anomaly_id_06_00000086.wav,06,1,-0.11397971212863922,-0.3490181863307953,1,True
PANNs + LOF,anomaly_id_00_00000117.wav,00,1,-0.23152944445610046,-0.3490181863307953,1,True
PANNs + LOF,anomaly_id_00_00000074.wav,00,1,-0.25841137766838074,-0.3490181863307953,1,True
PANNs + LOF,anomaly_id_06_00000018.wav,06,1,-0.386287122964859,-0.3490181863307953,0,False
PANNs + LOF,anomaly_id_00_00000010.wav,00,1,0.046181850135326385,-0.3490181863307953,1,True
PANNs + LOF,anomaly_id_00_00000116.wav,00,1,-0.32787275314331055,-0.3490181863307953,1,True
PANNs + LOF,anomaly_id_06_00000039.wav,06,1,-0.26961633563041687,-0.3490181863307953,1,True
PANNs + LOF,anomaly_id_02_00000014.wav,02,1,-0.3985869586467743,-0.3490181863307953,0,False
PANNs + LOF,anomaly_id_00_00000063.wav,00,1,-0.3312445282936096,-0.3490181863307953,1,True
PANNs + LOF,anomaly_id_02_00000080.wav,02,1,-0.30410850048065186,-0.3490181863307953,1,True
PANNs + LOF,anomaly_id_00_00000001.wav,00,1,-0.28849872946739197,-0.3490181863307953,1,True
PANNs + LOF,anomaly_id_00_00000042.wav,00,1,-0.40710166096687317,-0.3490181863307953,0,False
PANNs + LOF,anomaly_id_00_00000122.wav,00,1,-0.3192019462585449,-0.3490181863307953,1,True
PANNs + LOF,anomaly_id_00_00000017.wav,00,1,0.12496219575405121,-0.3490181863307953,1,True
PANNs + LOF,anomaly_id_02_00000024.wav,02,1,-0.4081694483757019,-0.3490181863307953,0,False
PANNs + LOF,anomaly_id_04_00000043.wav,04,1,-0.1784115433692932,-0.3490181863307953,1,True
PANNs + LOF,anomaly_id_04_00000055.wav,04,1,-0.37392714619636536,-0.3490181863307953,0,False
PANNs + LOF,anomaly_id_00_00000076.wav,00,1,-0.18161961436271667,-0.3490181863307953,1,True
PANNs + LOF,anomaly_id_04_00000059.wav,04,1,-0.21875721216201782,-0.3490181863307953,1,True
PANNs + LOF,anomaly_id_04_00000042.wav,04,1,-0.3955319821834564,-0.3490181863307953,0,False
PANNs + LOF,anomaly_id_02_00000065.wav,02,1,-0.15330983698368073,-0.3490181863307953,1,True
PANNs + LOF,anomaly_id_04_00000071.wav,04,1,-0.37335333228111267,-0.3490181863307953,0,False
PANNs + LOF,anomaly_id_00_00000031.wav,00,1,-0.06976187229156494,-0.3490181863307953,1,True
PANNs + LOF,anomaly_id_00_00000129.wav,00,1,-0.032671768218278885,-0.3490181863307953,1,True
PANNs + LOF,anomaly_id_06_00000049.wav,06,1,-0.40325096249580383,-0.3490181863307953,0,False
PANNs + LOF,anomaly_id_00_00000105.wav,00,1,-0.4611830711364746,-0.3490181863307953,0,False
PANNs + LOF,anomaly_id_04_00000036.wav,04,1,0.03168525919318199,-0.3490181863307953,1,True
PANNs + LOF,anomaly_id_04_00000013.wav,04,1,-0.3347611427307129,-0.3490181863307953,1,True
PANNs + LOF,anomaly_id_06_00000044.wav,06,1,-0.23264376819133759,-0.3490181863307953,1,True
PANNs + LOF,anomaly_id_02_00000069.wav,02,1,-0.39398112893104553,-0.3490181863307953,0,False
PANNs + LOF,anomaly_id_00_00000043.wav,00,1,-0.18641501665115356,-0.3490181863307953,1,True
PANNs + LOF,anomaly_id_06_00000072.wav,06,1,-0.4529957175254822,-0.3490181863307953,0,False
PANNs + LOF,anomaly_id_02_00000017.wav,02,1,-0.45271894335746765,-0.3490181863307953,0,False
PANNs + LOF,anomaly_id_04_00000063.wav,04,1,-0.194364994764328,-0.3490181863307953,1,True
PANNs + LOF,anomaly_id_00_00000057.wav,00,1,-0.1525294929742813,-0.3490181863307953,1,True
PANNs + LOF,anomaly_id_04_00000025.wav,04,1,-0.17903071641921997,-0.3490181863307953,1,True
PANNs + LOF,anomaly_id_00_00000023.wav,00,1,-0.06693568825721741,-0.3490181863307953,1,True
PANNs + LOF,anomaly_id_04_00000018.wav,04,1,-0.15062741935253143,-0.3490181863307953,1,True
PANNs + LOF,anomaly_id_00_00000015.wav,00,1,-0.09011530876159668,-0.3490181863307953,1,True
PANNs + LOF,anomaly_id_04_00000062.wav,04,1,-0.20931775867938995,-0.3490181863307953,1,True
PANNs + LOF,anomaly_id_00_00000109.wav,00,1,-0.2435043603181839,-0.3490181863307953,1,True
PANNs + LOF,anomaly_id_00_00000137.wav,00,1,1.4929964542388916,-0.3490181863307953,1,True
PANNs + LOF,anomaly_id_02_00000047.wav,02,1,-0.3742818832397461,-0.3490181863307953,0,False
PANNs + LOF,anomaly_id_04_00000033.wav,04,1,-0.1982152909040451,-0.3490181863307953,1,True
PANNs + LOF,anomaly_id_00_00000016.wav,00,1,1.0066909790039062,-0.3490181863307953,1,True
PANNs + LOF,anomaly_id_04_00000046.wav,04,1,-0.15599453449249268,-0.3490181863307953,1,True
PANNs + LOF,anomaly_id_02_00000097.wav,02,1,0.20109933614730835,-0.3490181863307953,1,True
PANNs + LOF,anomaly_id_00_00000110.wav,00,1,-0.3354036509990692,-0.3490181863307953,1,True
PANNs + LOF,anomaly_id_02_00000052.wav,02,1,-0.27636152505874634,-0.3490181863307953,1,True
PANNs + LOF,anomaly_id_00_00000034.wav,00,1,-0.150680810213089,-0.3490181863307953,1,True
PANNs + LOF,anomaly_id_04_00000032.wav,04,1,-0.27403196692466736,-0.3490181863307953,1,True
PANNs + LOF,anomaly_id_04_00000060.wav,04,1,-0.22957965731620789,-0.3490181863307953,1,True
PANNs + LOF,anomaly_id_00_00000035.wav,00,1,-0.1434991955757141,-0.3490181863307953,1,True
PANNs + LOF,anomaly_id_04_00000079.wav,04,1,0.0024426381569355726,-0.3490181863307953,1,True
PANNs + LOF,anomaly_id_02_00000039.wav,02,1,-0.34325137734413147,-0.3490181863307953,1,True
PANNs + LOF,anomaly_id_00_00000049.wav,00,1,-0.23686473071575165,-0.3490181863307953,1,True
PANNs + LOF,anomaly_id_00_00000006.wav,00,1,-0.29394879937171936,-0.3490181863307953,1,True
PANNs + LOF,anomaly_id_00_00000102.wav,00,1,0.21598155796527863,-0.3490181863307953,1,True
PANNs + LOF,anomaly_id_02_00000032.wav,02,1,-0.2581397294998169,-0.3490181863307953,1,True
PANNs + LOF,anomaly_id_00_00000139.wav,00,1,-0.2692614197731018,-0.3490181863307953,1,True
PANNs + LOF,anomaly_id_06_00000084.wav,06,1,-0.23183144629001617,-0.3490181863307953,1,True
PANNs + LOF,anomaly_id_00_00000041.wav,00,1,-0.2898591458797455,-0.3490181863307953,1,True
PANNs + LOF,anomaly_id_06_00000012.wav,06,1,0.05372102931141853,-0.3490181863307953,1,True
PANNs + LOF,anomaly_id_00_00000022.wav,00,1,-0.33374565839767456,-0.3490181863307953,1,True
PANNs + LOF,anomaly_id_04_00000021.wav,04,1,-0.32720765471458435,-0.3490181863307953,1,True
PANNs + LOF,anomaly_id_02_00000020.wav,02,1,-0.20192024111747742,-0.3490181863307953,1,True
PANNs + LOF,anomaly_id_04_00000066.wav,04,1,-0.3371535837650299,-0.3490181863307953,1,True
PANNs + LOF,anomaly_id_04_00000049.wav,04,1,-0.10165207833051682,-0.3490181863307953,1,True
PANNs + LOF,anomaly_id_00_00000113.wav,00,1,-0.27175724506378174,-0.3490181863307953,1,True
PANNs + LOF,anomaly_id_02_00000094.wav,02,1,-0.17436684668064117,-0.3490181863307953,1,True
PANNs + LOF,anomaly_id_06_00000042.wav,06,1,-0.30828559398651123,-0.3490181863307953,1,True
PANNs + LOF,anomaly_id_06_00000083.wav,06,1,-0.13933438062667847,-0.3490181863307953,1,True
PANNs + LOF,anomaly_id_00_00000014.wav,00,1,-0.060182493180036545,-0.3490181863307953,1,True
PANNs + LOF,anomaly_id_00_00000141.wav,00,1,-0.47585704922676086,-0.3490181863307953,0,False
PANNs + LOF,anomaly_id_02_00000051.wav,02,1,-0.010593295097351074,-0.3490181863307953,1,True
PANNs + LOF,anomaly_id_00_00000036.wav,00,1,-0.2785360515117645,-0.3490181863307953,1,True
PANNs + LOF,anomaly_id_00_00000097.wav,00,1,-0.23559965193271637,-0.3490181863307953,1,True
PANNs + LOF,anomaly_id_06_00000095.wav,06,1,0.4578733444213867,-0.3490181863307953,1,True
PANNs + LOF,anomaly_id_00_00000136.wav,00,1,-0.4854600727558136,-0.3490181863307953,0,False
PANNs + IF,normal_id_06_00000054.wav,06,0,-0.0691679148453373,-0.10287890621109394,1,False
PANNs + IF,normal_id_06_00000060.wav,06,0,-0.06245777967746154,-0.10287890621109394,1,False
PANNs + IF,normal_id_02_00000058.wav,02,0,-0.10759263538297775,-0.10287890621109394,0,True
PANNs + IF,normal_id_04_00000039.wav,04,0,-0.0924825716408711,-0.10287890621109394,1,False
PANNs + IF,normal_id_06_00000047.wav,06,0,-0.09029064133483929,-0.10287890621109394,1,False
PANNs + IF,normal_id_00_00000095.wav,00,0,-0.11116564681001068,-0.10287890621109394,0,True
PANNs + IF,normal_id_04_00000092.wav,04,0,-0.08499343712509705,-0.10287890621109394,1,False
PANNs + IF,normal_id_00_00000092.wav,00,0,-0.09722077126893747,-0.10287890621109394,1,False
PANNs + IF,normal_id_06_00000082.wav,06,0,-0.05206836502444284,-0.10287890621109394,1,False
PANNs + IF,normal_id_04_00000094.wav,04,0,-0.0799789181256593,-0.10287890621109394,1,False
PANNs + IF,normal_id_04_00000063.wav,04,0,-0.1071862542029895,-0.10287890621109394,0,True
PANNs + IF,normal_id_02_00000086.wav,02,0,-0.1068423664875783,-0.10287890621109394,0,True
PANNs + IF,normal_id_00_00000007.wav,00,0,-0.11231343991302249,-0.10287890621109394,0,True
PANNs + IF,normal_id_04_00000076.wav,04,0,-0.06323766696629732,-0.10287890621109394,1,False
PANNs + IF,normal_id_06_00000035.wav,06,0,-0.07114800703461742,-0.10287890621109394,1,False
PANNs + IF,normal_id_04_00000084.wav,04,0,-0.11611539491928848,-0.10287890621109394,0,True
PANNs + IF,normal_id_00_00000060.wav,00,0,-0.10619903130052556,-0.10287890621109394,0,True
PANNs + IF,normal_id_06_00000053.wav,06,0,-0.06689118866591598,-0.10287890621109394,1,False
PANNs + IF,normal_id_04_00000033.wav,04,0,-0.0643587301289748,-0.10287890621109394,1,False
PANNs + IF,normal_id_00_00000088.wav,00,0,-0.12493442063543037,-0.10287890621109394,0,True
PANNs + IF,normal_id_06_00000040.wav,06,0,-0.09289863962257822,-0.10287890621109394,1,False
PANNs + IF,normal_id_04_00000055.wav,04,0,-0.0825095946531764,-0.10287890621109394,1,False
PANNs + IF,normal_id_06_00000043.wav,06,0,-0.07709031395439753,-0.10287890621109394,1,False
PANNs + IF,normal_id_02_00000020.wav,02,0,-0.12668807047281738,-0.10287890621109394,0,True
PANNs + IF,normal_id_06_00000061.wav,06,0,-0.038911116939761486,-0.10287890621109394,1,False
PANNs + IF,normal_id_04_00000014.wav,04,0,-0.11993300023679519,-0.10287890621109394,0,True
PANNs + IF,normal_id_00_00000037.wav,00,0,-0.08569997949026502,-0.10287890621109394,1,False
PANNs + IF,normal_id_04_00000028.wav,04,0,-0.06987871607617822,-0.10287890621109394,1,False
PANNs + IF,normal_id_02_00000062.wav,02,0,-0.10885300482658677,-0.10287890621109394,0,True
PANNs + IF,normal_id_06_00000006.wav,06,0,-0.0942721302436671,-0.10287890621109394,1,False
PANNs + IF,normal_id_04_00000080.wav,04,0,-0.09871635188188607,-0.10287890621109394,1,False
PANNs + IF,normal_id_04_00000089.wav,04,0,-0.07498316342925225,-0.10287890621109394,1,False
PANNs + IF,normal_id_04_00000082.wav,04,0,-0.1132288196566794,-0.10287890621109394,0,True
PANNs + IF,normal_id_00_00000020.wav,00,0,-0.11643442437296336,-0.10287890621109394,0,True
PANNs + IF,normal_id_02_00000059.wav,02,0,-0.09708036442966109,-0.10287890621109394,1,False
PANNs + IF,normal_id_04_00000054.wav,04,0,-0.1193485224484382,-0.10287890621109394,0,True
PANNs + IF,normal_id_02_00000051.wav,02,0,-0.10346959739922207,-0.10287890621109394,0,True
PANNs + IF,normal_id_04_00000036.wav,04,0,-0.11963924066599906,-0.10287890621109394,0,True
PANNs + IF,normal_id_02_00000061.wav,02,0,-0.12135191596831735,-0.10287890621109394,0,True
PANNs + IF,normal_id_06_00000099.wav,06,0,-0.10430632915045285,-0.10287890621109394,0,True
PANNs + IF,normal_id_04_00000016.wav,04,0,-0.09407325969184845,-0.10287890621109394,1,False
PANNs + IF,normal_id_04_00000007.wav,04,0,-0.07477503568477611,-0.10287890621109394,1,False
PANNs + IF,normal_id_04_00000061.wav,04,0,-0.1202573445910725,-0.10287890621109394,0,True
PANNs + IF,normal_id_02_00000073.wav,02,0,-0.11891572386827971,-0.10287890621109394,0,True
PANNs + IF,normal_id_02_00000012.wav,02,0,-0.116233005058938,-0.10287890621109394,0,True
PANNs + IF,normal_id_00_00000018.wav,00,0,-0.11788678252622946,-0.10287890621109394,0,True
PANNs + IF,normal_id_02_00000053.wav,02,0,-0.09470656284888991,-0.10287890621109394,1,False
PANNs + IF,normal_id_00_00000011.wav,00,0,-0.1025928743825088,-0.10287890621109394,1,False
PANNs + IF,normal_id_06_00000032.wav,06,0,-0.06231584448857857,-0.10287890621109394,1,False
PANNs + IF,normal_id_06_00000023.wav,06,0,-0.11243873973235423,-0.10287890621109394,0,True
PANNs + IF,normal_id_04_00000005.wav,04,0,-0.09998673687703434,-0.10287890621109394,1,False
PANNs + IF,normal_id_00_00000079.wav,00,0,-0.08892752577133639,-0.10287890621109394,1,False
PANNs + IF,normal_id_04_00000002.wav,04,0,-0.08328547395610272,-0.10287890621109394,1,False
PANNs + IF,normal_id_04_00000059.wav,04,0,-0.09222555233885449,-0.10287890621109394,1,False
PANNs + IF,normal_id_04_00000035.wav,04,0,-0.08296770601475568,-0.10287890621109394,1,False
PANNs + IF,normal_id_06_00000042.wav,06,0,-0.06644467918450142,-0.10287890621109394,1,False
PANNs + IF,normal_id_00_00000066.wav,00,0,-0.10410631503436196,-0.10287890621109394,0,True
PANNs + IF,normal_id_00_00000009.wav,00,0,-0.12417857895992158,-0.10287890621109394,0,True
PANNs + IF,normal_id_00_00000059.wav,00,0,-0.11988415883803676,-0.10287890621109394,0,True
PANNs + IF,normal_id_06_00000034.wav,06,0,-0.07314867722450498,-0.10287890621109394,1,False
PANNs + IF,normal_id_00_00000004.wav,00,0,-0.12247676728971715,-0.10287890621109394,0,True
PANNs + IF,normal_id_00_00000094.wav,00,0,-0.11015340691661106,-0.10287890621109394,0,True
PANNs + IF,normal_id_00_00000048.wav,00,0,-0.09505469600586508,-0.10287890621109394,1,False
PANNs + IF,normal_id_00_00000093.wav,00,0,-0.10821404261578543,-0.10287890621109394,0,True
PANNs + IF,normal_id_04_00000051.wav,04,0,-0.08445824166817582,-0.10287890621109394,1,False
PANNs + IF,normal_id_04_00000073.wav,04,0,-0.12298225994967184,-0.10287890621109394,0,True
PANNs + IF,normal_id_00_00000032.wav,00,0,-0.1090851829716038,-0.10287890621109394,0,True
PANNs + IF,normal_id_02_00000055.wav,02,0,-0.08356935009475085,-0.10287890621109394,1,False
PANNs + IF,normal_id_02_00000028.wav,02,0,-0.10164289370964402,-0.10287890621109394,1,False
PANNs + IF,normal_id_02_00000021.wav,02,0,-0.10699783454512465,-0.10287890621109394,0,True
PANNs + IF,normal_id_04_00000027.wav,04,0,-0.08777260429769365,-0.10287890621109394,1,False
PANNs + IF,normal_id_02_00000030.wav,02,0,-0.09053706930341648,-0.10287890621109394,1,False
PANNs + IF,normal_id_00_00000081.wav,00,0,-0.1153456890671955,-0.10287890621109394,0,True
PANNs + IF,normal_id_00_00000052.wav,00,0,-0.1235694509005739,-0.10287890621109394,0,True
PANNs + IF,normal_id_06_00000028.wav,06,0,-0.12016826561554327,-0.10287890621109394,0,True
PANNs + IF,normal_id_00_00000028.wav,00,0,-0.11334719129110916,-0.10287890621109394,0,True
PANNs + IF,normal_id_06_00000052.wav,06,0,-0.09152964157109848,-0.10287890621109394,1,False
PANNs + IF,normal_id_04_00000009.wav,04,0,-0.1102895662002575,-0.10287890621109394,0,True
PANNs + IF,normal_id_02_00000006.wav,02,0,-0.10583787862649252,-0.10287890621109394,0,True
PANNs + IF,normal_id_06_00000037.wav,06,0,-0.052995123029074186,-0.10287890621109394,1,False
PANNs + IF,normal_id_06_00000094.wav,06,0,-0.04864317127090909,-0.10287890621109394,1,False
PANNs + IF,normal_id_00_00000021.wav,00,0,-0.10345382684197395,-0.10287890621109394,0,True
PANNs + IF,normal_id_04_00000018.wav,04,0,-0.11653867265871051,-0.10287890621109394,0,True
PANNs + IF,normal_id_06_00000050.wav,06,0,-0.08152886685821907,-0.10287890621109394,1,False
PANNs + IF,normal_id_04_00000066.wav,04,0,-0.08866592279025082,-0.10287890621109394,1,False
PANNs + IF,normal_id_06_00000086.wav,06,0,-0.08720376429865095,-0.10287890621109394,1,False
PANNs + IF,normal_id_06_00000067.wav,06,0,-0.06591854090271192,-0.10287890621109394,1,False
PANNs + IF,normal_id_00_00000039.wav,00,0,-0.10824208110238713,-0.10287890621109394,0,True
PANNs + IF,normal_id_02_00000088.wav,02,0,-0.09097731951059668,-0.10287890621109394,1,False
PANNs + IF,normal_id_00_00000013.wav,00,0,-0.128537796789614,-0.10287890621109394,0,True
PANNs + IF,normal_id_02_00000089.wav,02,0,-0.1217860897271416,-0.10287890621109394,0,True
PANNs + IF,normal_id_06_00000008.wav,06,0,-0.08710586957097959,-0.10287890621109394,1,False
PANNs + IF,normal_id_04_00000020.wav,04,0,-0.12839255040928363,-0.10287890621109394,0,True
PANNs + IF,normal_id_00_00000005.wav,00,0,-0.11449470203758984,-0.10287890621109394,0,True
PANNs + IF,normal_id_00_00000085.wav,00,0,-0.07181561265025785,-0.10287890621109394,1,False
PANNs + IF,normal_id_06_00000015.wav,06,0,-0.07759251979101557,-0.10287890621109394,1,False
PANNs + IF,normal_id_04_00000078.wav,04,0,-0.08977292388151471,-0.10287890621109394,1,False
PANNs + IF,normal_id_00_00000078.wav,00,0,-0.12929891081848655,-0.10287890621109394,0,True
PANNs + IF,normal_id_02_00000014.wav,02,0,-0.11852635443127468,-0.10287890621109394,0,True
PANNs + IF,normal_id_02_00000070.wav,02,0,-0.11440489017642669,-0.10287890621109394,0,True
PANNs + IF,normal_id_02_00000023.wav,02,0,-0.08321968612068459,-0.10287890621109394,1,False
PANNs + IF,normal_id_06_00000001.wav,06,0,-0.08863395505227607,-0.10287890621109394,1,False
PANNs + IF,normal_id_02_00000003.wav,02,0,-0.12037513382377248,-0.10287890621109394,0,True
PANNs + IF,normal_id_00_00000090.wav,00,0,-0.09204803073474246,-0.10287890621109394,1,False
PANNs + IF,normal_id_02_00000099.wav,02,0,-0.10172194222938481,-0.10287890621109394,1,False
PANNs + IF,normal_id_04_00000074.wav,04,0,-0.11371872384716895,-0.10287890621109394,0,True
PANNs + IF,normal_id_06_00000077.wav,06,0,-0.07940574052209426,-0.10287890621109394,1,False
PANNs + IF,normal_id_04_00000006.wav,04,0,-0.11816169136840789,-0.10287890621109394,0,True
PANNs + IF,normal_id_00_00000087.wav,00,0,-0.11374390643768198,-0.10287890621109394,0,True
PANNs + IF,normal_id_04_00000021.wav,04,0,-0.10254253727825106,-0.10287890621109394,1,False
PANNs + IF,normal_id_02_00000042.wav,02,0,-0.12238460219697395,-0.10287890621109394,0,True
PANNs + IF,normal_id_02_00000011.wav,02,0,-0.11038527560038121,-0.10287890621109394,0,True
PANNs + IF,normal_id_06_00000090.wav,06,0,-0.09444934504981961,-0.10287890621109394,1,False
PANNs + IF,normal_id_04_00000077.wav,04,0,-0.09461373858938295,-0.10287890621109394,1,False
PANNs + IF,normal_id_06_00000064.wav,06,0,-0.07254238339131233,-0.10287890621109394,1,False
PANNs + IF,normal_id_02_00000087.wav,02,0,-0.08919422021779962,-0.10287890621109394,1,False
PANNs + IF,normal_id_00_00000065.wav,00,0,-0.09443762613408996,-0.10287890621109394,1,False
PANNs + IF,normal_id_06_00000079.wav,06,0,-0.03494654148116494,-0.10287890621109394,1,False
PANNs + IF,normal_id_00_00000099.wav,00,0,-0.11746936874046204,-0.10287890621109394,0,True
PANNs + IF,normal_id_00_00000071.wav,00,0,-0.09590089577036519,-0.10287890621109394,1,False
PANNs + IF,normal_id_06_00000059.wav,06,0,-0.08170806044760247,-0.10287890621109394,1,False
PANNs + IF,normal_id_00_00000069.wav,00,0,-0.03683676201173616,-0.10287890621109394,1,False
PANNs + IF,normal_id_06_00000024.wav,06,0,-0.09433812256583773,-0.10287890621109394,1,False
PANNs + IF,normal_id_02_00000025.wav,02,0,-0.12061079731628149,-0.10287890621109394,0,True
PANNs + IF,normal_id_02_00000077.wav,02,0,-0.11249716933337206,-0.10287890621109394,0,True
PANNs + IF,normal_id_04_00000024.wav,04,0,-0.10915358307311529,-0.10287890621109394,0,True
PANNs + IF,normal_id_06_00000087.wav,06,0,-0.09896643260586092,-0.10287890621109394,1,False
PANNs + IF,normal_id_02_00000017.wav,02,0,-0.12274893836762711,-0.10287890621109394,0,True
PANNs + IF,normal_id_00_00000074.wav,00,0,-0.13121195238867578,-0.10287890621109394,0,True
PANNs + IF,normal_id_00_00000010.wav,00,0,-0.11959498855778887,-0.10287890621109394,0,True
PANNs + IF,normal_id_02_00000016.wav,02,0,-0.12036949301830997,-0.10287890621109394,0,True
PANNs + IF,normal_id_06_00000041.wav,06,0,-0.0850142696820199,-0.10287890621109394,1,False
PANNs + IF,normal_id_02_00000057.wav,02,0,-0.09096651190783739,-0.10287890621109394,1,False
PANNs + IF,normal_id_00_00000063.wav,00,0,-0.09973092103073827,-0.10287890621109394,1,False
PANNs + IF,normal_id_04_00000023.wav,04,0,-0.08133344074898831,-0.10287890621109394,1,False
PANNs + IF,normal_id_00_00000001.wav,00,0,-0.08323092570009098,-0.10287890621109394,1,False
PANNs + IF,normal_id_00_00000042.wav,00,0,-0.10758769757900145,-0.10287890621109394,0,True
PANNs + IF,normal_id_02_00000022.wav,02,0,-0.11608841828882263,-0.10287890621109394,0,True
PANNs + IF,normal_id_00_00000017.wav,00,0,-0.13068039508962961,-0.10287890621109394,0,True
PANNs + IF,normal_id_02_00000067.wav,02,0,-0.08244317861013083,-0.10287890621109394,1,False
PANNs + IF,normal_id_04_00000097.wav,04,0,-0.10404439211854324,-0.10287890621109394,0,True
PANNs + IF,normal_id_06_00000009.wav,06,0,-0.06536981287156696,-0.10287890621109394,1,False
PANNs + IF,normal_id_00_00000076.wav,00,0,-0.1346756962056362,-0.10287890621109394,0,True
PANNs + IF,normal_id_06_00000013.wav,06,0,-0.09424585656444005,-0.10287890621109394,1,False
PANNs + IF,normal_id_04_00000096.wav,04,0,-0.07079280599498262,-0.10287890621109394,1,False
PANNs + IF,normal_id_04_00000008.wav,04,0,-0.10298425757944421,-0.10287890621109394,0,True
PANNs + IF,normal_id_06_00000025.wav,06,0,-0.10195555145410985,-0.10287890621109394,1,False
PANNs + IF,normal_id_00_00000031.wav,00,0,-0.1255289840098951,-0.10287890621109394,0,True
PANNs + IF,normal_id_02_00000029.wav,02,0,-0.11993940080374386,-0.10287890621109394,0,True
PANNs + IF,normal_id_06_00000051.wav,06,0,-0.06134558030931944,-0.10287890621109394,1,False
PANNs + IF,normal_id_02_00000005.wav,02,0,-0.11243931663056565,-0.10287890621109394,0,True
PANNs + IF,normal_id_04_00000090.wav,04,0,-0.11070556837788582,-0.10287890621109394,0,True
PANNs + IF,normal_id_04_00000067.wav,04,0,-0.12540346904517483,-0.10287890621109394,0,True
PANNs + IF,normal_id_04_00000012.wav,04,0,-0.12401234512945661,-0.10287890621109394,0,True
PANNs + IF,normal_id_00_00000043.wav,00,0,-0.13191026175723866,-0.10287890621109394,0,True
PANNs + IF,normal_id_06_00000073.wav,06,0,-0.07330263908639816,-0.10287890621109394,1,False
PANNs + IF,normal_id_02_00000060.wav,02,0,-0.13287265734644102,-0.10287890621109394,0,True
PANNs + IF,normal_id_06_00000017.wav,06,0,-0.07071677238824171,-0.10287890621109394,1,False
PANNs + IF,normal_id_00_00000057.wav,00,0,-0.1237694241647166,-0.10287890621109394,0,True
PANNs + IF,normal_id_04_00000079.wav,04,0,-0.07138215142671675,-0.10287890621109394,1,False
PANNs + IF,normal_id_00_00000023.wav,00,0,-0.1181823988535821,-0.10287890621109394,0,True
PANNs + IF,normal_id_04_00000072.wav,04,0,-0.08489305112559593,-0.10287890621109394,1,False
PANNs + IF,normal_id_00_00000015.wav,00,0,-0.10960405972447136,-0.10287890621109394,0,True
PANNs + IF,normal_id_06_00000016.wav,06,0,-0.07137587368634944,-0.10287890621109394,1,False
PANNs + IF,normal_id_02_00000009.wav,02,0,-0.11707936140123223,-0.10287890621109394,0,True
PANNs + IF,normal_id_02_00000037.wav,02,0,-0.0865683689233606,-0.10287890621109394,1,False
PANNs + IF,normal_id_02_00000090.wav,02,0,-0.10913306227892235,-0.10287890621109394,0,True
PANNs + IF,normal_id_04_00000087.wav,04,0,-0.12308510631073427,-0.10287890621109394,0,True
PANNs + IF,normal_id_00_00000016.wav,00,0,-0.11087476284477968,-0.10287890621109394,0,True
PANNs + IF,normal_id_06_00000000.wav,06,0,-0.08171247553562531,-0.10287890621109394,1,False
PANNs + IF,normal_id_04_00000040.wav,04,0,-0.10814950012046119,-0.10287890621109394,0,True
PANNs + IF,normal_id_02_00000010.wav,02,0,-0.12445883003129292,-0.10287890621109394,0,True
PANNs + IF,normal_id_02_00000095.wav,02,0,-0.10617657637810579,-0.10287890621109394,0,True
PANNs + IF,normal_id_00_00000034.wav,00,0,-0.11862190647324394,-0.10287890621109394,0,True
PANNs + IF,normal_id_04_00000086.wav,04,0,-0.09072338708425348,-0.10287890621109394,1,False
PANNs + IF,normal_id_06_00000014.wav,06,0,-0.08259974870147056,-0.10287890621109394,1,False
PANNs + IF,normal_id_00_00000035.wav,00,0,-0.11813526936024127,-0.10287890621109394,0,True
PANNs + IF,normal_id_06_00000033.wav,06,0,-0.10242978256256434,-0.10287890621109394,1,False
PANNs + IF,normal_id_02_00000082.wav,02,0,-0.11204946495412788,-0.10287890621109394,0,True
PANNs + IF,normal_id_00_00000049.wav,00,0,-0.05904701003345236,-0.10287890621109394,1,False
PANNs + IF,normal_id_00_00000006.wav,00,0,-0.1257970028306078,-0.10287890621109394,0,True
PANNs + IF,normal_id_02_00000002.wav,02,0,-0.10170643972709176,-0.10287890621109394,1,False
PANNs + IF,normal_id_02_00000075.wav,02,0,-0.11981730054725258,-0.10287890621109394,0,True
PANNs + IF,normal_id_02_00000039.wav,02,0,-0.11920060619634285,-0.10287890621109394,0,True
PANNs + IF,normal_id_06_00000085.wav,06,0,-0.06861849734186637,-0.10287890621109394,1,False
PANNs + IF,normal_id_00_00000041.wav,00,0,-0.12366115065287506,-0.10287890621109394,0,True
PANNs + IF,normal_id_06_00000066.wav,06,0,-0.08815645104152568,-0.10287890621109394,1,False
PANNs + IF,normal_id_00_00000022.wav,00,0,-0.10861991047400975,-0.10287890621109394,0,True
PANNs + IF,normal_id_04_00000075.wav,04,0,-0.11808349518283505,-0.10287890621109394,0,True
PANNs + IF,normal_id_02_00000063.wav,02,0,-0.10228756773792474,-0.10287890621109394,1,False
PANNs + IF,normal_id_06_00000020.wav,06,0,-0.08886098825666527,-0.10287890621109394,1,False
PANNs + IF,normal_id_06_00000003.wav,06,0,-0.11453404022367036,-0.10287890621109394,0,True
PANNs + IF,normal_id_02_00000013.wav,02,0,-0.09727135788765204,-0.10287890621109394,1,False
PANNs + IF,normal_id_04_00000037.wav,04,0,-0.08740977286680517,-0.10287890621109394,1,False
PANNs + IF,normal_id_00_00000014.wav,00,0,-0.1301148874690512,-0.10287890621109394,0,True
PANNs + IF,normal_id_02_00000041.wav,02,0,-0.09467167467698676,-0.10287890621109394,1,False
PANNs + IF,normal_id_02_00000094.wav,02,0,-0.1151345849816707,-0.10287890621109394,0,True
PANNs + IF,normal_id_00_00000036.wav,00,0,-0.10506112790130039,-0.10287890621109394,0,True
PANNs + IF,normal_id_00_00000097.wav,00,0,-0.1298083629703244,-0.10287890621109394,0,True
PANNs + IF,normal_id_02_00000036.wav,02,0,-0.11784321882721366,-0.10287890621109394,0,True
PANNs + IF,anomaly_id_02_00000089.wav,02,1,-0.09092580665315625,-0.10287890621109394,1,True
PANNs + IF,anomaly_id_04_00000073.wav,04,1,-0.07790315693965653,-0.10287890621109394,1,True
PANNs + IF,anomaly_id_06_00000051.wav,06,1,-0.1328880362749051,-0.10287890621109394,0,False
PANNs + IF,anomaly_id_04_00000035.wav,04,1,-0.10769330702687357,-0.10287890621109394,0,False
PANNs + IF,anomaly_id_04_00000001.wav,04,1,-0.08268793787586448,-0.10287890621109394,1,True
PANNs + IF,anomaly_id_04_00000011.wav,04,1,-0.09822783253960618,-0.10287890621109394,1,True
PANNs + IF,anomaly_id_04_00000080.wav,04,1,-0.09223708748977695,-0.10287890621109394,1,True
PANNs + IF,anomaly_id_06_00000036.wav,06,1,-0.07465115458410874,-0.10287890621109394,1,True
PANNs + IF,anomaly_id_00_00000024.wav,00,1,-0.05320613647350269,-0.10287890621109394,1,True
PANNs + IF,anomaly_id_04_00000098.wav,04,1,-0.08180548621070097,-0.10287890621109394,1,True
PANNs + IF,anomaly_id_04_00000058.wav,04,1,-0.0722400448379214,-0.10287890621109394,1,True
PANNs + IF,anomaly_id_02_00000091.wav,02,1,-0.12225542108505039,-0.10287890621109394,0,False
PANNs + IF,anomaly_id_04_00000037.wav,04,1,-0.09073990764016883,-0.10287890621109394,1,True
PANNs + IF,anomaly_id_04_00000070.wav,04,1,-0.09205355829707774,-0.10287890621109394,1,True
PANNs + IF,anomaly_id_00_00000068.wav,00,1,-0.07548239179347765,-0.10287890621109394,1,True
PANNs + IF,anomaly_id_00_00000056.wav,00,1,-0.1245206380278572,-0.10287890621109394,0,False
PANNs + IF,anomaly_id_02_00000087.wav,02,1,-0.10817608626456963,-0.10287890621109394,0,False
PANNs + IF,anomaly_id_00_00000019.wav,00,1,-0.10902342834171805,-0.10287890621109394,0,False
PANNs + IF,anomaly_id_02_00000021.wav,02,1,-0.10239460865582302,-0.10287890621109394,1,True
PANNs + IF,anomaly_id_02_00000095.wav,02,1,-0.10771079824340625,-0.10287890621109394,0,False
PANNs + IF,anomaly_id_06_00000088.wav,06,1,-0.10729689024390919,-0.10287890621109394,0,False
PANNs + IF,anomaly_id_02_00000070.wav,02,1,-0.10451754764249468,-0.10287890621109394,0,False
PANNs + IF,anomaly_id_00_00000060.wav,00,1,-0.11772404332400319,-0.10287890621109394,0,False
PANNs + IF,anomaly_id_06_00000026.wav,06,1,-0.04288694072486261,-0.10287890621109394,1,True
PANNs + IF,anomaly_id_00_00000073.wav,00,1,-0.1316083300420744,-0.10287890621109394,0,False
PANNs + IF,anomaly_id_02_00000090.wav,02,1,-0.0907096251888254,-0.10287890621109394,1,True
PANNs + IF,anomaly_id_00_00000003.wav,00,1,-0.10763709613521157,-0.10287890621109394,0,False
PANNs + IF,anomaly_id_04_00000053.wav,04,1,-0.11905322113504282,-0.10287890621109394,0,False
PANNs + IF,anomaly_id_06_00000067.wav,06,1,-0.07387938051625044,-0.10287890621109394,1,True
PANNs + IF,anomaly_id_06_00000013.wav,06,1,-0.04121687530387917,-0.10287890621109394,1,True
PANNs + IF,anomaly_id_06_00000028.wav,06,1,-0.10663025755724562,-0.10287890621109394,0,False
PANNs + IF,anomaly_id_04_00000005.wav,04,1,-0.09484652420222955,-0.10287890621109394,1,True
PANNs + IF,anomaly_id_02_00000035.wav,02,1,-0.07603514976543208,-0.10287890621109394,1,True
PANNs + IF,anomaly_id_04_00000086.wav,04,1,-0.09375303566940112,-0.10287890621109394,1,True
PANNs + IF,anomaly_id_00_00000118.wav,00,1,-0.10960144471332756,-0.10287890621109394,0,False
PANNs + IF,anomaly_id_02_00000106.wav,02,1,-0.1012298311128038,-0.10287890621109394,1,True
PANNs + IF,anomaly_id_04_00000029.wav,04,1,-0.10034301676278032,-0.10287890621109394,1,True
PANNs + IF,anomaly_id_00_00000047.wav,00,1,-0.103153976967542,-0.10287890621109394,0,False
PANNs + IF,anomaly_id_02_00000092.wav,02,1,-0.08166832300561226,-0.10287890621109394,1,True
PANNs + IF,anomaly_id_00_00000127.wav,00,1,-0.12825891597474484,-0.10287890621109394,0,False
PANNs + IF,anomaly_id_02_00000003.wav,02,1,-0.07695888686069291,-0.10287890621109394,1,True
PANNs + IF,anomaly_id_06_00000071.wav,06,1,-0.06333668617845355,-0.10287890621109394,1,True
PANNs + IF,anomaly_id_00_00000027.wav,00,1,-0.1189515684920154,-0.10287890621109394,0,False
PANNs + IF,anomaly_id_06_00000010.wav,06,1,-0.09659731481592113,-0.10287890621109394,1,True
PANNs + IF,anomaly_id_00_00000062.wav,00,1,-0.11533658994690013,-0.10287890621109394,0,False
PANNs + IF,anomaly_id_06_00000027.wav,06,1,-0.04950615737830819,-0.10287890621109394,1,True
PANNs + IF,anomaly_id_06_00000098.wav,06,1,-0.09557532082623967,-0.10287890621109394,1,True
PANNs + IF,anomaly_id_04_00000096.wav,04,1,-0.06631420249159922,-0.10287890621109394,1,True
PANNs + IF,anomaly_id_04_00000064.wav,04,1,-0.07471855359329374,-0.10287890621109394,1,True
PANNs + IF,anomaly_id_02_00000110.wav,02,1,-0.07994097750578788,-0.10287890621109394,1,True
PANNs + IF,anomaly_id_04_00000000.wav,04,1,-0.08139140679257559,-0.10287890621109394,1,True
PANNs + IF,anomaly_id_06_00000060.wav,06,1,-0.06900087795775207,-0.10287890621109394,1,True
PANNs + IF,anomaly_id_02_00000000.wav,02,1,-0.09674826621328508,-0.10287890621109394,1,True
PANNs + IF,anomaly_id_02_00000057.wav,02,1,-0.07773037481961063,-0.10287890621109394,1,True
PANNs + IF,anomaly_id_04_00000026.wav,04,1,-0.10082940237062865,-0.10287890621109394,1,True
PANNs + IF,anomaly_id_00_00000038.wav,00,1,-0.08099738940670045,-0.10287890621109394,1,True
PANNs + IF,anomaly_id_06_00000023.wav,06,1,-0.06896227312983087,-0.10287890621109394,1,True
PANNs + IF,anomaly_id_00_00000029.wav,00,1,-0.12344980695330326,-0.10287890621109394,0,False
PANNs + IF,anomaly_id_00_00000089.wav,00,1,-0.0981797411938606,-0.10287890621109394,1,True
PANNs + IF,anomaly_id_02_00000093.wav,02,1,-0.12244934376446959,-0.10287890621109394,0,False
PANNs + IF,anomaly_id_00_00000098.wav,00,1,-0.07372592808640595,-0.10287890621109394,1,True
PANNs + IF,anomaly_id_00_00000119.wav,00,1,-0.11514567235989641,-0.10287890621109394,0,False
PANNs + IF,anomaly_id_02_00000005.wav,02,1,-0.10052105696382946,-0.10287890621109394,1,True
PANNs + IF,anomaly_id_02_00000053.wav,02,1,-0.08930797458713696,-0.10287890621109394,1,True
PANNs + IF,anomaly_id_04_00000093.wav,04,1,-0.093010423156938,-0.10287890621109394,1,True
PANNs + IF,anomaly_id_04_00000038.wav,04,1,-0.0876940300170223,-0.10287890621109394,1,True
PANNs + IF,anomaly_id_00_00000134.wav,00,1,-0.1252903582616463,-0.10287890621109394,0,False
PANNs + IF,anomaly_id_02_00000068.wav,02,1,-0.08819942988720762,-0.10287890621109394,1,True
PANNs + IF,anomaly_id_00_00000012.wav,00,1,-0.0902905203258807,-0.10287890621109394,1,True
PANNs + IF,anomaly_id_02_00000082.wav,02,1,-0.08322348842555329,-0.10287890621109394,1,True
PANNs + IF,anomaly_id_00_00000067.wav,00,1,-0.13966211098528994,-0.10287890621109394,0,False
PANNs + IF,anomaly_id_00_00000108.wav,00,1,-0.08225075669925996,-0.10287890621109394,1,True
PANNs + IF,anomaly_id_00_00000084.wav,00,1,-0.09958875694999508,-0.10287890621109394,1,True
PANNs + IF,anomaly_id_04_00000094.wav,04,1,-0.09385806508542122,-0.10287890621109394,1,True
PANNs + IF,anomaly_id_02_00000058.wav,02,1,-0.08999725248673841,-0.10287890621109394,1,True
PANNs + IF,anomaly_id_06_00000019.wav,06,1,-0.10400952763736683,-0.10287890621109394,0,False
PANNs + IF,anomaly_id_06_00000093.wav,06,1,-0.057740075903422734,-0.10287890621109394,1,True
PANNs + IF,anomaly_id_00_00000030.wav,00,1,-0.09047167692965764,-0.10287890621109394,1,True
PANNs + IF,anomaly_id_00_00000007.wav,00,1,-0.05457349061953521,-0.10287890621109394,1,True
PANNs + IF,anomaly_id_06_00000022.wav,06,1,-0.05179371799205758,-0.10287890621109394,1,True
PANNs + IF,anomaly_id_06_00000091.wav,06,1,-0.05383424810973968,-0.10287890621109394,1,True
PANNs + IF,anomaly_id_02_00000102.wav,02,1,-0.10310026043264352,-0.10287890621109394,0,False
PANNs + IF,anomaly_id_00_00000025.wav,00,1,-0.13324187324379963,-0.10287890621109394,0,False
PANNs + IF,anomaly_id_00_00000092.wav,00,1,-0.08475047599755577,-0.10287890621109394,1,True
PANNs + IF,anomaly_id_04_00000050.wav,04,1,-0.054082196229366795,-0.10287890621109394,1,True
PANNs + IF,anomaly_id_06_00000080.wav,06,1,-0.054309522820286255,-0.10287890621109394,1,True
PANNs + IF,anomaly_id_06_00000087.wav,06,1,-0.06566021541720324,-0.10287890621109394,1,True
PANNs + IF,anomaly_id_06_00000094.wav,06,1,-0.06871280891119891,-0.10287890621109394,1,True
PANNs + IF,anomaly_id_04_00000019.wav,04,1,-0.06842430819176357,-0.10287890621109394,1,True
PANNs + IF,anomaly_id_02_00000104.wav,02,1,-0.0696801085777998,-0.10287890621109394,1,True
PANNs + IF,anomaly_id_00_00000040.wav,00,1,-0.07763774546015198,-0.10287890621109394,1,True
PANNs + IF,anomaly_id_06_00000015.wav,06,1,-0.019399610143332486,-0.10287890621109394,1,True
PANNs + IF,anomaly_id_02_00000013.wav,02,1,-0.1156540908695845,-0.10287890621109394,0,False
PANNs + IF,anomaly_id_06_00000075.wav,06,1,-0.060130052185915654,-0.10287890621109394,1,True
PANNs + IF,anomaly_id_02_00000038.wav,02,1,-0.10208907453513363,-0.10287890621109394,1,True
PANNs + IF,anomaly_id_04_00000074.wav,04,1,-0.02939532114076182,-0.10287890621109394,1,True
PANNs + IF,anomaly_id_00_00000104.wav,00,1,-0.11048273536118253,-0.10287890621109394,0,False
PANNs + IF,anomaly_id_00_00000075.wav,00,1,-0.09038247909125459,-0.10287890621109394,1,True
PANNs + IF,anomaly_id_04_00000069.wav,04,1,-0.09626357763619303,-0.10287890621109394,1,True
PANNs + IF,anomaly_id_02_00000037.wav,02,1,-0.09929049695282749,-0.10287890621109394,1,True
PANNs + IF,anomaly_id_04_00000028.wav,04,1,-0.10095041077040826,-0.10287890621109394,1,True
PANNs + IF,anomaly_id_00_00000135.wav,00,1,-0.09669494530553685,-0.10287890621109394,1,True
PANNs + IF,anomaly_id_02_00000022.wav,02,1,-0.09987828540489245,-0.10287890621109394,1,True
PANNs + IF,anomaly_id_02_00000050.wav,02,1,-0.0777001891991856,-0.10287890621109394,1,True
PANNs + IF,anomaly_id_00_00000091.wav,00,1,-0.09425189196070281,-0.10287890621109394,1,True
PANNs + IF,anomaly_id_04_00000017.wav,04,1,-0.10108316282723528,-0.10287890621109394,1,True
PANNs + IF,anomaly_id_04_00000067.wav,04,1,-0.0739850619014138,-0.10287890621109394,1,True
PANNs + IF,anomaly_id_06_00000089.wav,06,1,-0.1268453944758975,-0.10287890621109394,0,False
PANNs + IF,anomaly_id_02_00000002.wav,02,1,-0.07949906451116043,-0.10287890621109394,1,True
PANNs + IF,anomaly_id_06_00000064.wav,06,1,-0.0610912237532624,-0.10287890621109394,1,True
PANNs + IF,anomaly_id_02_00000074.wav,02,1,-0.08780600153731671,-0.10287890621109394,1,True
PANNs + IF,anomaly_id_06_00000011.wav,06,1,-0.1259086401113486,-0.10287890621109394,0,False
PANNs + IF,anomaly_id_02_00000006.wav,02,1,-0.09118608225862597,-0.10287890621109394,1,True
PANNs + IF,anomaly_id_00_00000126.wav,00,1,-0.1114899568476597,-0.10287890621109394,0,False
PANNs + IF,anomaly_id_06_00000045.wav,06,1,-0.12654231493866896,-0.10287890621109394,0,False
PANNs + IF,anomaly_id_00_00000070.wav,00,1,-0.09763655474243108,-0.10287890621109394,1,True
PANNs + IF,anomaly_id_04_00000089.wav,04,1,-0.07483299343056224,-0.10287890621109394,1,True
PANNs + IF,anomaly_id_02_00000029.wav,02,1,-0.10563706904964766,-0.10287890621109394,0,False
PANNs + IF,anomaly_id_06_00000002.wav,06,1,-0.08488444173180051,-0.10287890621109394,1,True
PANNs + IF,anomaly_id_02_00000107.wav,02,1,-0.08704597043076334,-0.10287890621109394,1,True
PANNs + IF,anomaly_id_00_00000054.wav,00,1,-0.091779116322712,-0.10287890621109394,1,True
PANNs + IF,anomaly_id_02_00000026.wav,02,1,-0.07841424486896785,-0.10287890621109394,1,True
PANNs + IF,anomaly_id_04_00000027.wav,04,1,-0.09616204736674556,-0.10287890621109394,1,True
PANNs + IF,anomaly_id_02_00000072.wav,02,1,-0.09071066401041716,-0.10287890621109394,1,True
PANNs + IF,anomaly_id_06_00000053.wav,06,1,-0.05382264248942996,-0.10287890621109394,1,True
PANNs + IF,anomaly_id_06_00000059.wav,06,1,-0.12101601812976955,-0.10287890621109394,0,False
PANNs + IF,anomaly_id_02_00000015.wav,02,1,-0.11736270912165159,-0.10287890621109394,0,False
PANNs + IF,anomaly_id_06_00000101.wav,06,1,-0.07852512715760224,-0.10287890621109394,1,True
PANNs + IF,anomaly_id_00_00000095.wav,00,1,-0.13311540333842464,-0.10287890621109394,0,False
PANNs + IF,anomaly_id_06_00000081.wav,06,1,-0.04557119760959391,-0.10287890621109394,1,True
PANNs + IF,anomaly_id_04_00000051.wav,04,1,-0.10317235317280954,-0.10287890621109394,0,False
PANNs + IF,anomaly_id_02_00000043.wav,02,1,-0.07712411006707323,-0.10287890621109394,1,True
PANNs + IF,anomaly_id_04_00000009.wav,04,1,-0.10049290320935346,-0.10287890621109394,1,True
PANNs + IF,anomaly_id_04_00000003.wav,04,1,-0.11087322824125706,-0.10287890621109394,0,False
PANNs + IF,anomaly_id_04_00000061.wav,04,1,-0.08980633136964891,-0.10287890621109394,1,True
PANNs + IF,anomaly_id_04_00000052.wav,04,1,-0.07237630156051561,-0.10287890621109394,1,True
PANNs + IF,anomaly_id_06_00000052.wav,06,1,-0.07024558891682614,-0.10287890621109394,1,True
PANNs + IF,anomaly_id_00_00000088.wav,00,1,-0.08578613893233206,-0.10287890621109394,1,True
PANNs + IF,anomaly_id_04_00000090.wav,04,1,-0.10332562804303833,-0.10287890621109394,0,False
PANNs + IF,anomaly_id_06_00000069.wav,06,1,-0.07674592350671988,-0.10287890621109394,1,True
PANNs + IF,anomaly_id_02_00000105.wav,02,1,-0.08381336078160963,-0.10287890621109394,1,True
PANNs + IF,anomaly_id_02_00000071.wav,02,1,-0.10222806347830066,-0.10287890621109394,1,True
PANNs + IF,anomaly_id_00_00000037.wav,00,1,-0.0926390574749551,-0.10287890621109394,1,True
PANNs + IF,anomaly_id_06_00000001.wav,06,1,-0.04833749427262461,-0.10287890621109394,1,True
PANNs + IF,anomaly_id_04_00000016.wav,04,1,-0.08247229435968638,-0.10287890621109394,1,True
PANNs + IF,anomaly_id_06_00000076.wav,06,1,-0.1272222573254768,-0.10287890621109394,0,False
PANNs + IF,anomaly_id_04_00000022.wav,04,1,-0.09625792460918754,-0.10287890621109394,1,True
PANNs + IF,anomaly_id_02_00000018.wav,02,1,-0.11086446364191017,-0.10287890621109394,0,False
PANNs + IF,anomaly_id_02_00000073.wav,02,1,-0.10310895340344389,-0.10287890621109394,0,False
PANNs + IF,anomaly_id_02_00000064.wav,02,1,-0.07904528948468798,-0.10287890621109394,1,True
PANNs + IF,anomaly_id_06_00000090.wav,06,1,-0.060312993104315545,-0.10287890621109394,1,True
PANNs + IF,anomaly_id_02_00000030.wav,02,1,-0.08166425258469917,-0.10287890621109394,1,True
PANNs + IF,anomaly_id_00_00000112.wav,00,1,-0.10047662986185008,-0.10287890621109394,1,True
PANNs + IF,anomaly_id_00_00000018.wav,00,1,-0.050881914385341204,-0.10287890621109394,1,True
PANNs + IF,anomaly_id_02_00000010.wav,02,1,-0.10554850622390057,-0.10287890621109394,0,False
PANNs + IF,anomaly_id_00_00000011.wav,00,1,-0.11993281048771227,-0.10287890621109394,0,False
PANNs + IF,anomaly_id_06_00000030.wav,06,1,-0.10174930580477201,-0.10287890621109394,1,True
PANNs + IF,anomaly_id_02_00000062.wav,02,1,-0.09164829582866589,-0.10287890621109394,1,True
PANNs + IF,anomaly_id_04_00000081.wav,04,1,-0.09755820747496503,-0.10287890621109394,1,True
PANNs + IF,anomaly_id_06_00000040.wav,06,1,-0.08886403622122535,-0.10287890621109394,1,True
PANNs + IF,anomaly_id_00_00000066.wav,00,1,-0.11226158310324455,-0.10287890621109394,0,False
PANNs + IF,anomaly_id_00_00000009.wav,00,1,-0.1149176930452503,-0.10287890621109394,0,False
PANNs + IF,anomaly_id_06_00000009.wav,06,1,-0.06163851884096018,-0.10287890621109394,1,True
PANNs + IF,anomaly_id_00_00000059.wav,00,1,-0.03196069100384371,-0.10287890621109394,1,True
PANNs + IF,anomaly_id_06_00000032.wav,06,1,-0.13037785691531087,-0.10287890621109394,0,False
PANNs + IF,anomaly_id_06_00000038.wav,06,1,-0.08174879562707504,-0.10287890621109394,1,True
PANNs + IF,anomaly_id_00_00000004.wav,00,1,-0.13179455512405344,-0.10287890621109394,0,False
PANNs + IF,anomaly_id_00_00000094.wav,00,1,-0.1320764606050387,-0.10287890621109394,0,False
PANNs + IF,anomaly_id_00_00000048.wav,00,1,-0.0721506156370119,-0.10287890621109394,1,True
PANNs + IF,anomaly_id_00_00000093.wav,00,1,-0.09518259901071922,-0.10287890621109394,1,True
PANNs + IF,anomaly_id_02_00000108.wav,02,1,-0.08246783388663353,-0.10287890621109394,1,True
PANNs + IF,anomaly_id_06_00000056.wav,06,1,-0.12908705078987015,-0.10287890621109394,0,False
PANNs + IF,anomaly_id_00_00000032.wav,00,1,-0.05878143308126285,-0.10287890621109394,1,True
PANNs + IF,anomaly_id_02_00000012.wav,02,1,-0.08455024117823229,-0.10287890621109394,1,True
PANNs + IF,anomaly_id_00_00000128.wav,00,1,-0.1345142051383818,-0.10287890621109394,0,False
PANNs + IF,anomaly_id_00_00000121.wav,00,1,-0.0827786681633052,-0.10287890621109394,1,True
PANNs + IF,anomaly_id_02_00000084.wav,02,1,-0.10861027805288882,-0.10287890621109394,0,False
PANNs + IF,anomaly_id_00_00000130.wav,00,1,-0.12017712465398563,-0.10287890621109394,0,False
PANNs + IF,anomaly_id_00_00000081.wav,00,1,-0.05338270030417656,-0.10287890621109394,1,True
PANNs + IF,anomaly_id_04_00000054.wav,04,1,-0.09252975871603258,-0.10287890621109394,1,True
PANNs + IF,anomaly_id_04_00000057.wav,04,1,-0.110502019362126,-0.10287890621109394,0,False
PANNs + IF,anomaly_id_00_00000052.wav,00,1,-0.0936952440105615,-0.10287890621109394,1,True
PANNs + IF,anomaly_id_06_00000025.wav,06,1,-0.04680271416077246,-0.10287890621109394,1,True
PANNs + IF,anomaly_id_00_00000028.wav,00,1,-0.0986068617379164,-0.10287890621109394,1,True
PANNs + IF,anomaly_id_06_00000050.wav,06,1,-0.09870384485593903,-0.10287890621109394,1,True
PANNs + IF,anomaly_id_02_00000066.wav,02,1,-0.11746617776113988,-0.10287890621109394,0,False
PANNs + IF,anomaly_id_00_00000106.wav,00,1,-0.1312156403907926,-0.10287890621109394,0,False
PANNs + IF,anomaly_id_06_00000035.wav,06,1,-0.04632916160033317,-0.10287890621109394,1,True
PANNs + IF,anomaly_id_06_00000100.wav,06,1,-0.1114262728614998,-0.10287890621109394,0,False
PANNs + IF,anomaly_id_00_00000021.wav,00,1,-0.08247526583148693,-0.10287890621109394,1,True
PANNs + IF,anomaly_id_02_00000075.wav,02,1,-0.07993773468797742,-0.10287890621109394,1,True
PANNs + IF,anomaly_id_06_00000048.wav,06,1,-0.06779742874833697,-0.10287890621109394,1,True
PANNs + IF,anomaly_id_04_00000012.wav,04,1,-0.04734920271091637,-0.10287890621109394,1,True
PANNs + IF,anomaly_id_06_00000065.wav,06,1,-0.13150204044416186,-0.10287890621109394,0,False
PANNs + IF,anomaly_id_04_00000077.wav,04,1,-0.1216362060400414,-0.10287890621109394,0,False
PANNs + IF,anomaly_id_00_00000039.wav,00,1,-0.08630349930571632,-0.10287890621109394,1,True
PANNs + IF,anomaly_id_02_00000045.wav,02,1,-0.08264160262630987,-0.10287890621109394,1,True
PANNs + IF,anomaly_id_00_00000013.wav,00,1,-0.08236245231923642,-0.10287890621109394,1,True
PANNs + IF,anomaly_id_02_00000046.wav,02,1,-0.11379794244149329,-0.10287890621109394,0,False
PANNs + IF,anomaly_id_04_00000091.wav,04,1,-0.1105814181105494,-0.10287890621109394,0,False
PANNs + IF,anomaly_id_06_00000003.wav,06,1,-0.06613873322190801,-0.10287890621109394,1,True
PANNs + IF,anomaly_id_02_00000077.wav,02,1,-0.09497482227713078,-0.10287890621109394,1,True
PANNs + IF,anomaly_id_00_00000005.wav,00,1,-0.12973775374336394,-0.10287890621109394,0,False
PANNs + IF,anomaly_id_00_00000085.wav,00,1,-0.11520388628367988,-0.10287890621109394,0,False
PANNs + IF,anomaly_id_06_00000085.wav,06,1,-0.07314397599645261,-0.10287890621109394,1,True
PANNs + IF,anomaly_id_06_00000007.wav,06,1,-0.1278359532340169,-0.10287890621109394,0,False
PANNs + IF,anomaly_id_04_00000078.wav,04,1,-0.0975165277177441,-0.10287890621109394,1,True
PANNs + IF,anomaly_id_04_00000024.wav,04,1,-0.04909133455415117,-0.10287890621109394,1,True
PANNs + IF,anomaly_id_00_00000078.wav,00,1,-0.12052398226318298,-0.10287890621109394,0,False
PANNs + IF,anomaly_id_06_00000068.wav,06,1,-0.10616461305181511,-0.10287890621109394,0,False
PANNs + IF,anomaly_id_00_00000114.wav,00,1,-0.08350671244036441,-0.10287890621109394,1,True
PANNs + IF,anomaly_id_02_00000027.wav,02,1,-0.10520485420145881,-0.10287890621109394,0,False
PANNs + IF,anomaly_id_04_00000085.wav,04,1,-0.08881845002523897,-0.10287890621109394,1,True
PANNs + IF,anomaly_id_00_00000123.wav,00,1,-0.11672964404830394,-0.10287890621109394,0,False
PANNs + IF,anomaly_id_04_00000047.wav,04,1,-0.10199570692316867,-0.10287890621109394,1,True
PANNs + IF,anomaly_id_00_00000103.wav,00,1,-0.04736297715566793,-0.10287890621109394,1,True
PANNs + IF,anomaly_id_00_00000090.wav,00,1,-0.10965226066779558,-0.10287890621109394,0,False
PANNs + IF,anomaly_id_02_00000056.wav,02,1,-0.07964808248558335,-0.10287890621109394,1,True
PANNs + IF,anomaly_id_04_00000020.wav,04,1,-0.10279867593131023,-0.10287890621109394,1,True
PANNs + IF,anomaly_id_06_00000031.wav,06,1,-0.12918918782368924,-0.10287890621109394,0,False
PANNs + IF,anomaly_id_02_00000063.wav,02,1,-0.08745590205206516,-0.10287890621109394,1,True
PANNs + IF,anomaly_id_00_00000087.wav,00,1,-0.0985137909817489,-0.10287890621109394,1,True
PANNs + IF,anomaly_id_02_00000078.wav,02,1,-0.10145737098825568,-0.10287890621109394,1,True
PANNs + IF,anomaly_id_00_00000142.wav,00,1,-0.11330435606731143,-0.10287890621109394,0,False
PANNs + IF,anomaly_id_00_00000111.wav,00,1,-0.12518748686961995,-0.10287890621109394,0,False
PANNs + IF,anomaly_id_04_00000075.wav,04,1,-0.09847241238602325,-0.10287890621109394,1,True
PANNs + IF,anomaly_id_06_00000017.wav,06,1,-0.08391001051417449,-0.10287890621109394,1,True
PANNs + IF,anomaly_id_04_00000023.wav,04,1,-0.10136751172677567,-0.10287890621109394,1,True
PANNs + IF,anomaly_id_04_00000095.wav,04,1,-0.09557046265861059,-0.10287890621109394,1,True
PANNs + IF,anomaly_id_06_00000063.wav,06,1,-0.06652080956143933,-0.10287890621109394,1,True
PANNs + IF,anomaly_id_02_00000044.wav,02,1,-0.081746120575047,-0.10287890621109394,1,True
PANNs + IF,anomaly_id_00_00000065.wav,00,1,-0.10517615518140645,-0.10287890621109394,0,False
PANNs + IF,anomaly_id_06_00000078.wav,06,1,-0.05934339114393566,-0.10287890621109394,1,True
PANNs + IF,anomaly_id_00_00000099.wav,00,1,-0.12298117266099753,-0.10287890621109394,0,False
PANNs + IF,anomaly_id_00_00000071.wav,00,1,-0.09285561657675381,-0.10287890621109394,1,True
PANNs + IF,anomaly_id_06_00000058.wav,06,1,-0.10688247989051476,-0.10287890621109394,0,False
PANNs + IF,anomaly_id_00_00000069.wav,00,1,-0.08723111677626354,-0.10287890621109394,1,True
PANNs + IF,anomaly_id_06_00000021.wav,06,1,-0.10655084372264506,-0.10287890621109394,0,False
PANNs + IF,anomaly_id_00_00000125.wav,00,1,-0.04423571616111547,-0.10287890621109394,1,True
PANNs + IF,anomaly_id_02_00000034.wav,02,1,-0.10798933614549996,-0.10287890621109394,0,False
PANNs + IF,anomaly_id_02_00000081.wav,02,1,-0.11490033258405724,-0.10287890621109394,0,False
PANNs + IF,anomaly_id_06_00000086.wav,06,1,-0.0502834550785261,-0.10287890621109394,1,True
PANNs + IF,anomaly_id_00_00000117.wav,00,1,-0.06900655002025598,-0.10287890621109394,1,True
PANNs + IF,anomaly_id_00_00000074.wav,00,1,-0.041651510586848496,-0.10287890621109394,1,True
PANNs + IF,anomaly_id_06_00000018.wav,06,1,-0.07238916050357729,-0.10287890621109394,1,True
PANNs + IF,anomaly_id_00_00000010.wav,00,1,-0.08530889246891496,-0.10287890621109394,1,True
PANNs + IF,anomaly_id_00_00000116.wav,00,1,-0.11225964882551848,-0.10287890621109394,0,False
PANNs + IF,anomaly_id_06_00000039.wav,06,1,-0.11168549554243384,-0.10287890621109394,0,False
PANNs + IF,anomaly_id_02_00000014.wav,02,1,-0.12311878624827423,-0.10287890621109394,0,False
PANNs + IF,anomaly_id_00_00000063.wav,00,1,-0.058021372134084835,-0.10287890621109394,1,True
PANNs + IF,anomaly_id_02_00000080.wav,02,1,-0.10530453891208721,-0.10287890621109394,0,False
PANNs + IF,anomaly_id_00_00000001.wav,00,1,-0.10303718704143629,-0.10287890621109394,0,False
PANNs + IF,anomaly_id_00_00000042.wav,00,1,-0.09544243226947378,-0.10287890621109394,1,True
PANNs + IF,anomaly_id_00_00000122.wav,00,1,-0.08652735393191552,-0.10287890621109394,1,True
PANNs + IF,anomaly_id_00_00000017.wav,00,1,-0.04622956987173256,-0.10287890621109394,1,True
PANNs + IF,anomaly_id_02_00000024.wav,02,1,-0.0993621500826601,-0.10287890621109394,1,True
PANNs + IF,anomaly_id_04_00000043.wav,04,1,-0.05954355560947983,-0.10287890621109394,1,True
PANNs + IF,anomaly_id_04_00000055.wav,04,1,-0.10091625141662901,-0.10287890621109394,1,True
PANNs + IF,anomaly_id_00_00000076.wav,00,1,-0.09229100888362923,-0.10287890621109394,1,True
PANNs + IF,anomaly_id_04_00000059.wav,04,1,-0.08225543186224726,-0.10287890621109394,1,True
PANNs + IF,anomaly_id_04_00000042.wav,04,1,-0.09502718086496206,-0.10287890621109394,1,True
PANNs + IF,anomaly_id_02_00000065.wav,02,1,-0.10234041396620513,-0.10287890621109394,1,True
PANNs + IF,anomaly_id_04_00000071.wav,04,1,-0.06678168546609327,-0.10287890621109394,1,True
PANNs + IF,anomaly_id_00_00000031.wav,00,1,-0.12109324689417805,-0.10287890621109394,0,False
PANNs + IF,anomaly_id_00_00000129.wav,00,1,-0.09878165669521562,-0.10287890621109394,1,True
PANNs + IF,anomaly_id_06_00000049.wav,06,1,-0.07033284828604763,-0.10287890621109394,1,True
PANNs + IF,anomaly_id_00_00000105.wav,00,1,-0.11840374913784496,-0.10287890621109394,0,False
PANNs + IF,anomaly_id_04_00000036.wav,04,1,-0.09498283334449652,-0.10287890621109394,1,True
PANNs + IF,anomaly_id_04_00000013.wav,04,1,-0.11765259854984943,-0.10287890621109394,0,False
PANNs + IF,anomaly_id_06_00000044.wav,06,1,-0.05154876146192979,-0.10287890621109394,1,True
PANNs + IF,anomaly_id_02_00000069.wav,02,1,-0.09949373052834631,-0.10287890621109394,1,True
PANNs + IF,anomaly_id_00_00000043.wav,00,1,-0.13150980815302438,-0.10287890621109394,0,False
PANNs + IF,anomaly_id_06_00000072.wav,06,1,-0.07457096119429973,-0.10287890621109394,1,True
PANNs + IF,anomaly_id_02_00000017.wav,02,1,-0.11954065027567513,-0.10287890621109394,0,False
PANNs + IF,anomaly_id_04_00000063.wav,04,1,-0.057438974991928196,-0.10287890621109394,1,True
PANNs + IF,anomaly_id_00_00000057.wav,00,1,-0.05249056905036024,-0.10287890621109394,1,True
PANNs + IF,anomaly_id_04_00000025.wav,04,1,-0.06085672903772361,-0.10287890621109394,1,True
PANNs + IF,anomaly_id_00_00000023.wav,00,1,-0.13013980064997094,-0.10287890621109394,0,False
PANNs + IF,anomaly_id_04_00000018.wav,04,1,-0.044845910588671135,-0.10287890621109394,1,True
PANNs + IF,anomaly_id_00_00000015.wav,00,1,-0.08970673186779789,-0.10287890621109394,1,True
PANNs + IF,anomaly_id_04_00000062.wav,04,1,-0.115134706519271,-0.10287890621109394,0,False
PANNs + IF,anomaly_id_00_00000109.wav,00,1,-0.13272931816723832,-0.10287890621109394,0,False
PANNs + IF,anomaly_id_00_00000137.wav,00,1,-0.06244068621800104,-0.10287890621109394,1,True
PANNs + IF,anomaly_id_02_00000047.wav,02,1,-0.10017910469554929,-0.10287890621109394,1,True
PANNs + IF,anomaly_id_04_00000033.wav,04,1,-0.08788952804222759,-0.10287890621109394,1,True
PANNs + IF,anomaly_id_00_00000016.wav,00,1,-0.07648081320259933,-0.10287890621109394,1,True
PANNs + IF,anomaly_id_04_00000046.wav,04,1,-0.09478142099507503,-0.10287890621109394,1,True
PANNs + IF,anomaly_id_02_00000097.wav,02,1,-0.07171957889942429,-0.10287890621109394,1,True
PANNs + IF,anomaly_id_00_00000110.wav,00,1,-0.10137474801407292,-0.10287890621109394,1,True
PANNs + IF,anomaly_id_02_00000052.wav,02,1,-0.0870494308040714,-0.10287890621109394,1,True
PANNs + IF,anomaly_id_00_00000034.wav,00,1,-0.08968479320220038,-0.10287890621109394,1,True
PANNs + IF,anomaly_id_04_00000032.wav,04,1,-0.08137033265374057,-0.10287890621109394,1,True
PANNs + IF,anomaly_id_04_00000060.wav,04,1,-0.07754114325050254,-0.10287890621109394,1,True
PANNs + IF,anomaly_id_00_00000035.wav,00,1,-0.11204472026772905,-0.10287890621109394,0,False
PANNs + IF,anomaly_id_04_00000079.wav,04,1,-0.033542248446107634,-0.10287890621109394,1,True
PANNs + IF,anomaly_id_02_00000039.wav,02,1,-0.10827846166360729,-0.10287890621109394,0,False
PANNs + IF,anomaly_id_00_00000049.wav,00,1,-0.12416930941771799,-0.10287890621109394,0,False
PANNs + IF,anomaly_id_00_00000006.wav,00,1,-0.05463676148057303,-0.10287890621109394,1,True
PANNs + IF,anomaly_id_00_00000102.wav,00,1,-0.05404340540252788,-0.10287890621109394,1,True
PANNs + IF,anomaly_id_02_00000032.wav,02,1,-0.0709477047918227,-0.10287890621109394,1,True
PANNs + IF,anomaly_id_00_00000139.wav,00,1,-0.10070600888738913,-0.10287890621109394,1,True
PANNs + IF,anomaly_id_06_00000084.wav,06,1,-0.061787061356128437,-0.10287890621109394,1,True
PANNs + IF,anomaly_id_00_00000041.wav,00,1,-0.09593651940412906,-0.10287890621109394,1,True
PANNs + IF,anomaly_id_06_00000012.wav,06,1,-0.11724898168099768,-0.10287890621109394,0,False
PANNs + IF,anomaly_id_00_00000022.wav,00,1,-0.052775356098969856,-0.10287890621109394,1,True
PANNs + IF,anomaly_id_04_00000021.wav,04,1,-0.08025313882582857,-0.10287890621109394,1,True
PANNs + IF,anomaly_id_02_00000020.wav,02,1,-0.09543880504244161,-0.10287890621109394,1,True
PANNs + IF,anomaly_id_04_00000066.wav,04,1,-0.07683778748669565,-0.10287890621109394,1,True
PANNs + IF,anomaly_id_04_00000049.wav,04,1,-0.04986223290318818,-0.10287890621109394,1,True
PANNs + IF,anomaly_id_00_00000113.wav,00,1,-0.12277698592269415,-0.10287890621109394,0,False
PANNs + IF,anomaly_id_02_00000094.wav,02,1,-0.09316022075464067,-0.10287890621109394,1,True
PANNs + IF,anomaly_id_06_00000042.wav,06,1,-0.06906518813500756,-0.10287890621109394,1,True
PANNs + IF,anomaly_id_06_00000083.wav,06,1,-0.08426648652296959,-0.10287890621109394,1,True
PANNs + IF,anomaly_id_00_00000014.wav,00,1,-0.09777464808656797,-0.10287890621109394,1,True
PANNs + IF,anomaly_id_00_00000141.wav,00,1,-0.08556499075298446,-0.10287890621109394,1,True
PANNs + IF,anomaly_id_02_00000051.wav,02,1,-0.08703482070579018,-0.10287890621109394,1,True
PANNs + IF,anomaly_id_00_00000036.wav,00,1,-0.12680864039989212,-0.10287890621109394,0,False
PANNs + IF,anomaly_id_00_00000097.wav,00,1,-0.13338507923128357,-0.10287890621109394,0,False
PANNs + IF,anomaly_id_06_00000095.wav,06,1,-0.02701703551256737,-0.10287890621109394,1,True
PANNs + IF,anomaly_id_00_00000136.wav,00,1,-0.11396515367210408,-0.10287890621109394,0,False
