method,source_id,machine_id,true_label,score,threshold,pred_label,is_correct
Protocol 2 ConvAE Recon Error,test-normal/normal_id_06_00000054.wav,06,0,0.006673452910035849,0.006423113867640495,1,False
Protocol 2 ConvAE Recon Error,test-normal/normal_id_06_00000060.wav,06,0,0.006064733024686575,0.006423113867640495,0,True
Protocol 2 ConvAE Recon Error,test-normal/normal_id_02_00000058.wav,02,0,0.00737247709184885,0.006423113867640495,1,False
Protocol 2 ConvAE Recon Error,test-normal/normal_id_04_00000039.wav,04,0,0.005993276368826628,0.006423113867640495,0,True
Protocol 2 ConvAE Recon Error,test-normal/normal_id_06_00000047.wav,06,0,0.006839751731604338,0.006423113867640495,1,False
Protocol 2 ConvAE Recon Error,test-normal/normal_id_00_00000095.wav,00,0,0.00857588741928339,0.006423113867640495,1,False
Protocol 2 ConvAE Recon Error,test-normal/normal_id_04_00000092.wav,04,0,0.005885295569896698,0.006423113867640495,0,True
Protocol 2 ConvAE Recon Error,test-normal/normal_id_00_00000092.wav,00,0,0.00755565520375967,0.006423113867640495,1,False
Protocol 2 ConvAE Recon Error,test-normal/normal_id_06_00000082.wav,06,0,0.006276948377490044,0.006423113867640495,0,True
Protocol 2 ConvAE Recon Error,test-normal/normal_id_04_00000094.wav,04,0,0.0063802264630794525,0.006423113867640495,0,True
Protocol 2 ConvAE Recon Error,test-normal/normal_id_04_00000063.wav,04,0,0.0064033824019134045,0.006423113867640495,0,True
Protocol 2 ConvAE Recon Error,test-normal/normal_id_02_00000086.wav,02,0,0.00656063761562109,0.006423113867640495,1,False
Protocol 2 ConvAE Recon Error,test-normal/normal_id_00_00000007.wav,00,0,0.008437033742666245,0.006423113867640495,1,False
Protocol 2 ConvAE Recon Error,test-normal/normal_id_04_00000076.wav,04,0,0.0059254649095237255,0.006423113867640495,0,True
Protocol 2 ConvAE Recon Error,test-normal/normal_id_06_00000035.wav,06,0,0.006478392519056797,0.006423113867640495,1,False
Protocol 2 ConvAE Recon Error,test-normal/normal_id_04_00000084.wav,04,0,0.006359191611409187,0.006423113867640495,0,True
Protocol 2 ConvAE Recon Error,test-normal/normal_id_00_00000060.wav,00,0,0.007998564280569553,0.006423113867640495,1,False
Protocol 2 ConvAE Recon Error,test-normal/normal_id_06_00000053.wav,06,0,0.006193301174789667,0.006423113867640495,0,True
Protocol 2 ConvAE Recon Error,test-normal/normal_id_04_00000033.wav,04,0,0.006112421862781048,0.006423113867640495,0,True
Protocol 2 ConvAE Recon Error,test-normal/normal_id_00_00000088.wav,00,0,0.007162564434111118,0.006423113867640495,1,False
Protocol 2 ConvAE Recon Error,test-normal/normal_id_06_00000040.wav,06,0,0.006687900051474571,0.006423113867640495,1,False
Protocol 2 ConvAE Recon Error,test-normal/normal_id_04_00000055.wav,04,0,0.006320883985608816,0.006423113867640495,0,True
Protocol 2 ConvAE Recon Error,test-normal/normal_id_06_00000043.wav,06,0,0.006670981179922819,0.006423113867640495,1,False
Protocol 2 ConvAE Recon Error,test-normal/normal_id_02_00000020.wav,02,0,0.007580271922051907,0.006423113867640495,1,False
Protocol 2 ConvAE Recon Error,test-normal/normal_id_06_00000061.wav,06,0,0.00716271810233593,0.006423113867640495,1,False
Protocol 2 ConvAE Recon Error,test-normal/normal_id_04_00000014.wav,04,0,0.006534257438033819,0.006423113867640495,1,False
Protocol 2 ConvAE Recon Error,test-normal/normal_id_00_00000037.wav,00,0,0.007627215702086687,0.006423113867640495,1,False
Protocol 2 ConvAE Recon Error,test-normal/normal_id_04_00000028.wav,04,0,0.0064119757153093815,0.006423113867640495,0,True
Protocol 2 ConvAE Recon Error,test-normal/normal_id_02_00000062.wav,02,0,0.006585688330233097,0.006423113867640495,1,False
Protocol 2 ConvAE Recon Error,test-normal/normal_id_06_00000006.wav,06,0,0.007053849752992392,0.006423113867640495,1,False
Protocol 2 ConvAE Recon Error,test-normal/normal_id_04_00000080.wav,04,0,0.006589383818209171,0.006423113867640495,1,False
Protocol 2 ConvAE Recon Error,test-normal/normal_id_04_00000089.wav,04,0,0.00663028983399272,0.006423113867640495,1,False
Protocol 2 ConvAE Recon Error,test-normal/normal_id_04_00000082.wav,04,0,0.006378399208188057,0.006423113867640495,0,True
Protocol 2 ConvAE Recon Error,test-normal/normal_id_00_00000020.wav,00,0,0.007265864871442318,0.006423113867640495,1,False
Protocol 2 ConvAE Recon Error,test-normal/normal_id_02_00000059.wav,02,0,0.006917897146195173,0.006423113867640495,1,False
Protocol 2 ConvAE Recon Error,test-normal/normal_id_04_00000054.wav,04,0,0.00624022027477622,0.006423113867640495,0,True
Protocol 2 ConvAE Recon Error,test-normal/normal_id_02_00000051.wav,02,0,0.007036926690489054,0.006423113867640495,1,False
Protocol 2 ConvAE Recon Error,test-normal/normal_id_04_00000036.wav,04,0,0.006411065813153982,0.006423113867640495,0,True
Protocol 2 ConvAE Recon Error,test-normal/normal_id_02_00000061.wav,02,0,0.006653794087469578,0.006423113867640495,1,False
Protocol 2 ConvAE Recon Error,test-normal/normal_id_06_00000099.wav,06,0,0.006807373836636543,0.006423113867640495,1,False
Protocol 2 ConvAE Recon Error,test-normal/normal_id_04_00000016.wav,04,0,0.006655525881797075,0.006423113867640495,1,False
Protocol 2 ConvAE Recon Error,test-normal/normal_id_04_00000007.wav,04,0,0.006178749725222588,0.006423113867640495,0,True
Protocol 2 ConvAE Recon Error,test-normal/normal_id_04_00000061.wav,04,0,0.006127165164798498,0.006423113867640495,0,True
Protocol 2 ConvAE Recon Error,test-normal/normal_id_02_00000073.wav,02,0,0.008015183731913567,0.006423113867640495,1,False
Protocol 2 ConvAE Recon Error,test-normal/normal_id_02_00000012.wav,02,0,0.007615086156874895,0.006423113867640495,1,False
Protocol 2 ConvAE Recon Error,test-normal/normal_id_00_00000018.wav,00,0,0.008135863579809666,0.006423113867640495,1,False
Protocol 2 ConvAE Recon Error,test-normal/normal_id_02_00000053.wav,02,0,0.00670341681689024,0.006423113867640495,1,False
Protocol 2 ConvAE Recon Error,test-normal/normal_id_00_00000011.wav,00,0,0.006989240646362305,0.006423113867640495,1,False
Protocol 2 ConvAE Recon Error,test-normal/normal_id_06_00000032.wav,06,0,0.006192311644554138,0.006423113867640495,0,True
Protocol 2 ConvAE Recon Error,test-normal/normal_id_06_00000023.wav,06,0,0.006476873066276312,0.006423113867640495,1,False
Protocol 2 ConvAE Recon Error,test-normal/normal_id_04_00000005.wav,04,0,0.007454681675881147,0.006423113867640495,1,False
Protocol 2 ConvAE Recon Error,test-normal/normal_id_00_00000079.wav,00,0,0.007615530863404274,0.006423113867640495,1,False
Protocol 2 ConvAE Recon Error,test-normal/normal_id_04_00000002.wav,04,0,0.006321773398667574,0.006423113867640495,0,True
Protocol 2 ConvAE Recon Error,test-normal/normal_id_04_00000059.wav,04,0,0.006264281924813986,0.006423113867640495,0,True
Protocol 2 ConvAE Recon Error,test-normal/normal_id_04_00000035.wav,04,0,0.005899608135223389,0.006423113867640495,0,True
Protocol 2 ConvAE Recon Error,test-normal/normal_id_06_00000042.wav,06,0,0.006140332669019699,0.006423113867640495,0,True
Protocol 2 ConvAE Recon Error,test-normal/normal_id_00_00000066.wav,00,0,0.008451874367892742,0.006423113867640495,1,False
Protocol 2 ConvAE Recon Error,test-normal/normal_id_00_00000009.wav,00,0,0.007499183062463999,0.006423113867640495,1,False
Protocol 2 ConvAE Recon Error,test-normal/normal_id_00_00000059.wav,00,0,0.0075073265470564365,0.006423113867640495,1,False
Protocol 2 ConvAE Recon Error,test-normal/normal_id_06_00000034.wav,06,0,0.006248457357287407,0.006423113867640495,0,True
Protocol 2 ConvAE Recon Error,test-normal/normal_id_00_00000004.wav,00,0,0.007608221843838692,0.006423113867640495,1,False
Protocol 2 ConvAE Recon Error,test-normal/normal_id_00_00000094.wav,00,0,0.009468752890825272,0.006423113867640495,1,False
Protocol 2 ConvAE Recon Error,test-normal/normal_id_00_00000048.wav,00,0,0.007098875939846039,0.006423113867640495,1,False
Protocol 2 ConvAE Recon Error,test-normal/normal_id_00_00000093.wav,00,0,0.007509339135140181,0.006423113867640495,1,False
Protocol 2 ConvAE Recon Error,test-normal/normal_id_04_00000051.wav,04,0,0.006872634403407574,0.006423113867640495,1,False
Protocol 2 ConvAE Recon Error,test-normal/normal_id_04_00000073.wav,04,0,0.006282138638198376,0.006423113867640495,0,True
Protocol 2 ConvAE Recon Error,test-normal/normal_id_00_00000032.wav,00,0,0.007466498296707869,0.006423113867640495,1,False
Protocol 2 ConvAE Recon Error,test-normal/normal_id_02_00000055.wav,02,0,0.007491574622690678,0.006423113867640495,1,False
Protocol 2 ConvAE Recon Error,test-normal/normal_id_02_00000028.wav,02,0,0.006971308030188084,0.006423113867640495,1,False
Protocol 2 ConvAE Recon Error,test-normal/normal_id_02_00000021.wav,02,0,0.007596711162477732,0.006423113867640495,1,False
Protocol 2 ConvAE Recon Error,test-normal/normal_id_04_00000027.wav,04,0,0.006371356546878815,0.006423113867640495,0,True
Protocol 2 ConvAE Recon Error,test-normal/normal_id_02_00000030.wav,02,0,0.006547217257320881,0.006423113867640495,1,False
Protocol 2 ConvAE Recon Error,test-normal/normal_id_00_00000081.wav,00,0,0.00966918095946312,0.006423113867640495,1,False
Protocol 2 ConvAE Recon Error,test-normal/normal_id_00_00000052.wav,00,0,0.007837054319679737,0.006423113867640495,1,False
Protocol 2 ConvAE Recon Error,test-normal/normal_id_06_00000028.wav,06,0,0.006628788076341152,0.006423113867640495,1,False
Protocol 2 ConvAE Recon Error,test-normal/normal_id_00_00000028.wav,00,0,0.007818397134542465,0.006423113867640495,1,False
Protocol 2 ConvAE Recon Error,test-normal/normal_id_06_00000052.wav,06,0,0.006944581866264343,0.006423113867640495,1,False
Protocol 2 ConvAE Recon Error,test-normal/normal_id_04_00000009.wav,04,0,0.0066525377333164215,0.006423113867640495,1,False
Protocol 2 ConvAE Recon Error,test-normal/normal_id_02_00000006.wav,02,0,0.0066285450011491776,0.006423113867640495,1,False
Protocol 2 ConvAE Recon Error,test-normal/normal_id_06_00000037.wav,06,0,0.0068673426285386086,0.006423113867640495,1,False
Protocol 2 ConvAE Recon Error,test-normal/normal_id_06_00000094.wav,06,0,0.00688047893345356,0.006423113867640495,1,False
Protocol 2 ConvAE Recon Error,test-normal/normal_id_00_00000021.wav,00,0,0.007805436849594116,0.006423113867640495,1,False
Protocol 2 ConvAE Recon Error,test-normal/normal_id_04_00000018.wav,04,0,0.006460299715399742,0.006423113867640495,1,False
Protocol 2 ConvAE Recon Error,test-normal/normal_id_06_00000050.wav,06,0,0.0066926488652825356,0.006423113867640495,1,False
Protocol 2 ConvAE Recon Error,test-normal/normal_id_04_00000066.wav,04,0,0.007887231186032295,0.006423113867640495,1,False
Protocol 2 ConvAE Recon Error,test-normal/normal_id_06_00000086.wav,06,0,0.007136042695492506,0.006423113867640495,1,False
Protocol 2 ConvAE Recon Error,test-normal/normal_id_06_00000067.wav,06,0,0.006232554093003273,0.006423113867640495,0,True
Protocol 2 ConvAE Recon Error,test-normal/normal_id_00_00000039.wav,00,0,0.009393961168825626,0.006423113867640495,1,False
Protocol 2 ConvAE Recon Error,test-normal/normal_id_02_00000088.wav,02,0,0.008173426613211632,0.006423113867640495,1,False
Protocol 2 ConvAE Recon Error,test-normal/normal_id_00_00000013.wav,00,0,0.007102970499545336,0.006423113867640495,1,False
Protocol 2 ConvAE Recon Error,test-normal/normal_id_02_00000089.wav,02,0,0.006504673510789871,0.006423113867640495,1,False
Protocol 2 ConvAE Recon Error,test-normal/normal_id_06_00000008.wav,06,0,0.006428164429962635,0.006423113867640495,1,False
Protocol 2 ConvAE Recon Error,test-normal/normal_id_04_00000020.wav,04,0,0.006424834486097097,0.006423113867640495,1,False
Protocol 2 ConvAE Recon Error,test-normal/normal_id_00_00000005.wav,00,0,0.0072064269334077835,0.006423113867640495,1,False
Protocol 2 ConvAE Recon Error,test-normal/normal_id_00_00000085.wav,00,0,0.009402122348546982,0.006423113867640495,1,False
Protocol 2 ConvAE Recon Error,test-normal/normal_id_06_00000015.wav,06,0,0.006631373893469572,0.006423113867640495,1,False
Protocol 2 ConvAE Recon Error,test-normal/normal_id_04_00000078.wav,04,0,0.006591169163584709,0.006423113867640495,1,False
Protocol 2 ConvAE Recon Error,test-normal/normal_id_00_00000078.wav,00,0,0.0072431317530572414,0.006423113867640495,1,False
Protocol 2 ConvAE Recon Error,test-normal/normal_id_02_00000014.wav,02,0,0.006946733221411705,0.006423113867640495,1,False
Protocol 2 ConvAE Recon Error,test-normal/normal_id_02_00000070.wav,02,0,0.007085844874382019,0.006423113867640495,1,False
Protocol 2 ConvAE Recon Error,test-normal/normal_id_02_00000023.wav,02,0,0.007313416339457035,0.006423113867640495,1,False
Protocol 2 ConvAE Recon Error,test-normal/normal_id_06_00000001.wav,06,0,0.006557735148817301,0.006423113867640495,1,False
Protocol 2 ConvAE Recon Error,test-normal/normal_id_02_00000003.wav,02,0,0.007614537142217159,0.006423113867640495,1,False
Protocol 2 ConvAE Recon Error,test-normal/normal_id_00_00000090.wav,00,0,0.008466712199151516,0.006423113867640495,1,False
Protocol 2 ConvAE Recon Error,test-normal/normal_id_02_00000099.wav,02,0,0.006913075689226389,0.006423113867640495,1,False
Protocol 2 ConvAE Recon Error,test-normal/normal_id_04_00000074.wav,04,0,0.006226635538041592,0.006423113867640495,0,True
Protocol 2 ConvAE Recon Error,test-normal/normal_id_06_00000077.wav,06,0,0.006383318919688463,0.006423113867640495,0,True
Protocol 2 ConvAE Recon Error,test-normal/normal_id_04_00000006.wav,04,0,0.007131439168006182,0.006423113867640495,1,False
Protocol 2 ConvAE Recon Error,test-normal/normal_id_00_00000087.wav,00,0,0.007409980520606041,0.006423113867640495,1,False
Protocol 2 ConvAE Recon Error,test-normal/normal_id_04_00000021.wav,04,0,0.006547947414219379,0.006423113867640495,1,False
Protocol 2 ConvAE Recon Error,test-normal/normal_id_02_00000042.wav,02,0,0.006872925907373428,0.006423113867640495,1,False
Protocol 2 ConvAE Recon Error,test-normal/normal_id_02_00000011.wav,02,0,0.007258983328938484,0.006423113867640495,1,False
Protocol 2 ConvAE Recon Error,test-normal/normal_id_06_00000090.wav,06,0,0.006101325619965792,0.006423113867640495,0,True
Protocol 2 ConvAE Recon Error,test-normal/normal_id_04_00000077.wav,04,0,0.007609280291944742,0.006423113867640495,1,False
Protocol 2 ConvAE Recon Error,test-normal/normal_id_06_00000064.wav,06,0,0.006433152128010988,0.006423113867640495,1,False
Protocol 2 ConvAE Recon Error,test-normal/normal_id_02_00000087.wav,02,0,0.007501514628529549,0.006423113867640495,1,False
Protocol 2 ConvAE Recon Error,test-normal/normal_id_00_00000065.wav,00,0,0.008144985884428024,0.006423113867640495,1,False
Protocol 2 ConvAE Recon Error,test-normal/normal_id_06_00000079.wav,06,0,0.0061131976544857025,0.006423113867640495,0,True
Protocol 2 ConvAE Recon Error,test-normal/normal_id_00_00000099.wav,00,0,0.008092512376606464,0.006423113867640495,1,False
Protocol 2 ConvAE Recon Error,test-normal/normal_id_00_00000071.wav,00,0,0.007641274016350508,0.006423113867640495,1,False
Protocol 2 ConvAE Recon Error,test-normal/normal_id_06_00000059.wav,06,0,0.00676877424120903,0.006423113867640495,1,False
Protocol 2 ConvAE Recon Error,test-normal/normal_id_00_00000069.wav,00,0,0.01076643168926239,0.006423113867640495,1,False
Protocol 2 ConvAE Recon Error,test-normal/normal_id_06_00000024.wav,06,0,0.006831120699644089,0.006423113867640495,1,False
Protocol 2 ConvAE Recon Error,test-normal/normal_id_02_00000025.wav,02,0,0.007840254344046116,0.006423113867640495,1,False
Protocol 2 ConvAE Recon Error,test-normal/normal_id_02_00000077.wav,02,0,0.0068979281932115555,0.006423113867640495,1,False
Protocol 2 ConvAE Recon Error,test-normal/normal_id_04_00000024.wav,04,0,0.006531890016049147,0.006423113867640495,1,False
Protocol 2 ConvAE Recon Error,test-normal/normal_id_06_00000087.wav,06,0,0.006886489689350128,0.006423113867640495,1,False
Protocol 2 ConvAE Recon Error,test-normal/normal_id_02_00000017.wav,02,0,0.007150727789849043,0.006423113867640495,1,False
Protocol 2 ConvAE Recon Error,test-normal/normal_id_00_00000074.wav,00,0,0.008066732436418533,0.006423113867640495,1,False
Protocol 2 ConvAE Recon Error,test-normal/normal_id_00_00000010.wav,00,0,0.00833436194807291,0.006423113867640495,1,False
Protocol 2 ConvAE Recon Error,test-normal/normal_id_02_00000016.wav,02,0,0.0071296002715826035,0.006423113867640495,1,False
Protocol 2 ConvAE Recon Error,test-normal/normal_id_06_00000041.wav,06,0,0.007031421642750502,0.006423113867640495,1,False
Protocol 2 ConvAE Recon Error,test-normal/normal_id_02_00000057.wav,02,0,0.00894312746822834,0.006423113867640495,1,False
Protocol 2 ConvAE Recon Error,test-normal/normal_id_00_00000063.wav,00,0,0.008121903985738754,0.006423113867640495,1,False
Protocol 2 ConvAE Recon Error,test-normal/normal_id_04_00000023.wav,04,0,0.006369760725647211,0.006423113867640495,0,True
Protocol 2 ConvAE Recon Error,test-normal/normal_id_00_00000001.wav,00,0,0.007565760053694248,0.006423113867640495,1,False
Protocol 2 ConvAE Recon Error,test-normal/normal_id_00_00000042.wav,00,0,0.008858935907483101,0.006423113867640495,1,False
Protocol 2 ConvAE Recon Error,test-normal/normal_id_02_00000022.wav,02,0,0.007074562832713127,0.006423113867640495,1,False
Protocol 2 ConvAE Recon Error,test-normal/normal_id_00_00000017.wav,00,0,0.007919837720692158,0.006423113867640495,1,False
Protocol 2 ConvAE Recon Error,test-normal/normal_id_02_00000067.wav,02,0,0.00730206398293376,0.006423113867640495,1,False
Protocol 2 ConvAE Recon Error,test-normal/normal_id_04_00000097.wav,04,0,0.006742619909346104,0.006423113867640495,1,False
Protocol 2 ConvAE Recon Error,test-normal/normal_id_06_00000009.wav,06,0,0.0067976475693285465,0.006423113867640495,1,False
Protocol 2 ConvAE Recon Error,test-normal/normal_id_00_00000076.wav,00,0,0.007234378717839718,0.006423113867640495,1,False
Protocol 2 ConvAE Recon Error,test-normal/normal_id_06_00000013.wav,06,0,0.00628917058929801,0.006423113867640495,0,True
Protocol 2 ConvAE Recon Error,test-normal/normal_id_04_00000096.wav,04,0,0.006318177096545696,0.006423113867640495,0,True
Protocol 2 ConvAE Recon Error,test-normal/normal_id_04_00000008.wav,04,0,0.00703443493694067,0.006423113867640495,1,False
Protocol 2 ConvAE Recon Error,test-normal/normal_id_06_00000025.wav,06,0,0.0067777750082314014,0.006423113867640495,1,False
Protocol 2 ConvAE Recon Error,test-normal/normal_id_00_00000031.wav,00,0,0.007947760634124279,0.006423113867640495,1,False
Protocol 2 ConvAE Recon Error,test-normal/normal_id_02_00000029.wav,02,0,0.007672636769711971,0.006423113867640495,1,False
Protocol 2 ConvAE Recon Error,test-normal/normal_id_06_00000051.wav,06,0,0.00637228274717927,0.006423113867640495,0,True
Protocol 2 ConvAE Recon Error,test-normal/normal_id_02_00000005.wav,02,0,0.007331443950533867,0.006423113867640495,1,False
Protocol 2 ConvAE Recon Error,test-normal/normal_id_04_00000090.wav,04,0,0.0063557978719472885,0.006423113867640495,0,True
Protocol 2 ConvAE Recon Error,test-normal/normal_id_04_00000067.wav,04,0,0.006264894735068083,0.006423113867640495,0,True
Protocol 2 ConvAE Recon Error,test-normal/normal_id_04_00000012.wav,04,0,0.006161963567137718,0.006423113867640495,0,True
Protocol 2 ConvAE Recon Error,test-normal/normal_id_00_00000043.wav,00,0,0.006845126859843731,0.006423113867640495,1,False
Protocol 2 ConvAE Recon Error,test-normal/normal_id_06_00000073.wav,06,0,0.005917478818446398,0.006423113867640495,0,True
Protocol 2 ConvAE Recon Error,test-normal/normal_id_02_00000060.wav,02,0,0.006861917674541473,0.006423113867640495,1,False
Protocol 2 ConvAE Recon Error,test-normal/normal_id_06_00000017.wav,06,0,0.006142073310911655,0.006423113867640495,0,True
Protocol 2 ConvAE Recon Error,test-normal/normal_id_00_00000057.wav,00,0,0.007915811613202095,0.006423113867640495,1,False
Protocol 2 ConvAE Recon Error,test-normal/normal_id_04_00000079.wav,04,0,0.006580820307135582,0.006423113867640495,1,False
Protocol 2 ConvAE Recon Error,test-normal/normal_id_00_00000023.wav,00,0,0.007553919218480587,0.006423113867640495,1,False
Protocol 2 ConvAE Recon Error,test-normal/normal_id_04_00000072.wav,04,0,0.006085613742470741,0.006423113867640495,0,True
Protocol 2 ConvAE Recon Error,test-normal/normal_id_00_00000015.wav,00,0,0.007245199754834175,0.006423113867640495,1,False
Protocol 2 ConvAE Recon Error,test-normal/normal_id_06_00000016.wav,06,0,0.006559181958436966,0.006423113867640495,1,False
Protocol 2 ConvAE Recon Error,test-normal/normal_id_02_00000009.wav,02,0,0.006686429958790541,0.006423113867640495,1,False
Protocol 2 ConvAE Recon Error,test-normal/normal_id_02_00000037.wav,02,0,0.006884250324219465,0.006423113867640495,1,False
Protocol 2 ConvAE Recon Error,test-normal/normal_id_02_00000090.wav,02,0,0.006932326592504978,0.006423113867640495,1,False
Protocol 2 ConvAE Recon Error,test-normal/normal_id_04_00000087.wav,04,0,0.006338813342154026,0.006423113867640495,0,True
Protocol 2 ConvAE Recon Error,test-normal/normal_id_00_00000016.wav,00,0,0.008646411821246147,0.006423113867640495,1,False
Protocol 2 ConvAE Recon Error,test-normal/normal_id_06_00000000.wav,06,0,0.006211399100720882,0.006423113867640495,0,True
Protocol 2 ConvAE Recon Error,test-normal/normal_id_04_00000040.wav,04,0,0.006497630383819342,0.006423113867640495,1,False
Protocol 2 ConvAE Recon Error,test-normal/normal_id_02_00000010.wav,02,0,0.006776771973818541,0.006423113867640495,1,False
Protocol 2 ConvAE Recon Error,test-normal/normal_id_02_00000095.wav,02,0,0.0069430191069841385,0.006423113867640495,1,False
Protocol 2 ConvAE Recon Error,test-normal/normal_id_00_00000034.wav,00,0,0.007352739572525024,0.006423113867640495,1,False
Protocol 2 ConvAE Recon Error,test-normal/normal_id_04_00000086.wav,04,0,0.006105225998908281,0.006423113867640495,0,True
Protocol 2 ConvAE Recon Error,test-normal/normal_id_06_00000014.wav,06,0,0.006161896046251059,0.006423113867640495,0,True
Protocol 2 ConvAE Recon Error,test-normal/normal_id_00_00000035.wav,00,0,0.007478720508515835,0.006423113867640495,1,False
Protocol 2 ConvAE Recon Error,test-normal/normal_id_06_00000033.wav,06,0,0.008296824991703033,0.006423113867640495,1,False
Protocol 2 ConvAE Recon Error,test-normal/normal_id_02_00000082.wav,02,0,0.0064691039733588696,0.006423113867640495,1,False
Protocol 2 ConvAE Recon Error,test-normal/normal_id_00_00000049.wav,00,0,0.008213541470468044,0.006423113867640495,1,False
Protocol 2 ConvAE Recon Error,test-normal/normal_id_00_00000006.wav,00,0,0.007603934034705162,0.006423113867640495,1,False
Protocol 2 ConvAE Recon Error,test-normal/normal_id_02_00000002.wav,02,0,0.008097048848867416,0.006423113867640495,1,False
Protocol 2 ConvAE Recon Error,test-normal/normal_id_02_00000075.wav,02,0,0.006774575915187597,0.006423113867640495,1,False
Protocol 2 ConvAE Recon Error,test-normal/normal_id_02_00000039.wav,02,0,0.007538199424743652,0.006423113867640495,1,False
Protocol 2 ConvAE Recon Error,test-normal/normal_id_06_00000085.wav,06,0,0.006783928722143173,0.006423113867640495,1,False
Protocol 2 ConvAE Recon Error,test-normal/normal_id_00_00000041.wav,00,0,0.007271280512213707,0.006423113867640495,1,False
Protocol 2 ConvAE Recon Error,test-normal/normal_id_06_00000066.wav,06,0,0.006666809320449829,0.006423113867640495,1,False
Protocol 2 ConvAE Recon Error,test-normal/normal_id_00_00000022.wav,00,0,0.007268982473760843,0.006423113867640495,1,False
Protocol 2 ConvAE Recon Error,test-normal/normal_id_04_00000075.wav,04,0,0.006353050470352173,0.006423113867640495,0,True
Protocol 2 ConvAE Recon Error,test-normal/normal_id_02_00000063.wav,02,0,0.0071253348141908646,0.006423113867640495,1,False
Protocol 2 ConvAE Recon Error,test-normal/normal_id_06_00000020.wav,06,0,0.005958847235888243,0.006423113867640495,0,True
Protocol 2 ConvAE Recon Error,test-normal/normal_id_06_00000003.wav,06,0,0.006574779283255339,0.006423113867640495,1,False
Protocol 2 ConvAE Recon Error,test-normal/normal_id_02_00000013.wav,02,0,0.008657563477754593,0.006423113867640495,1,False
Protocol 2 ConvAE Recon Error,test-normal/normal_id_04_00000037.wav,04,0,0.005990704521536827,0.006423113867640495,0,True
Protocol 2 ConvAE Recon Error,test-normal/normal_id_00_00000014.wav,00,0,0.007345547899603844,0.006423113867640495,1,False
Protocol 2 ConvAE Recon Error,test-normal/normal_id_02_00000041.wav,02,0,0.006839119363576174,0.006423113867640495,1,False
Protocol 2 ConvAE Recon Error,test-normal/normal_id_02_00000094.wav,02,0,0.0072939032688736916,0.006423113867640495,1,False
Protocol 2 ConvAE Recon Error,test-normal/normal_id_00_00000036.wav,00,0,0.007255354896187782,0.006423113867640495,1,False
Protocol 2 ConvAE Recon Error,test-normal/normal_id_00_00000097.wav,00,0,0.00714711332693696,0.006423113867640495,1,False
Protocol 2 ConvAE Recon Error,test-normal/normal_id_02_00000036.wav,02,0,0.007783323526382446,0.006423113867640495,1,False
Protocol 2 ConvAE Recon Error,anomaly/anomaly_id_02_00000089.wav,02,1,0.008249321952462196,0.006423113867640495,1,True
Protocol 2 ConvAE Recon Error,anomaly/anomaly_id_04_00000073.wav,04,1,0.007069991901516914,0.006423113867640495,1,True
Protocol 2 ConvAE Recon Error,anomaly/anomaly_id_06_00000051.wav,06,1,0.007640121039003134,0.006423113867640495,1,True
Protocol 2 ConvAE Recon Error,anomaly/anomaly_id_04_00000035.wav,04,1,0.006907548289746046,0.006423113867640495,1,True
Protocol 2 ConvAE Recon Error,anomaly/anomaly_id_04_00000001.wav,04,1,0.006894369143992662,0.006423113867640495,1,True
Protocol 2 ConvAE Recon Error,anomaly/anomaly_id_04_00000011.wav,04,1,0.007155487313866615,0.006423113867640495,1,True
Protocol 2 ConvAE Recon Error,anomaly/anomaly_id_04_00000080.wav,04,1,0.007486278191208839,0.006423113867640495,1,True
Protocol 2 ConvAE Recon Error,anomaly/anomaly_id_06_00000036.wav,06,1,0.007056855596601963,0.006423113867640495,1,True
Protocol 2 ConvAE Recon Error,anomaly/anomaly_id_00_00000024.wav,00,1,0.006784929893910885,0.006423113867640495,1,True
Protocol 2 ConvAE Recon Error,anomaly/anomaly_id_04_00000098.wav,04,1,0.007706949952989817,0.006423113867640495,1,True
Protocol 2 ConvAE Recon Error,anomaly/anomaly_id_04_00000058.wav,04,1,0.008135238662362099,0.006423113867640495,1,True
Protocol 2 ConvAE Recon Error,anomaly/anomaly_id_02_00000091.wav,02,1,0.006751226261258125,0.006423113867640495,1,True
Protocol 2 ConvAE Recon Error,anomaly/anomaly_id_04_00000037.wav,04,1,0.007215594407171011,0.006423113867640495,1,True
Protocol 2 ConvAE Recon Error,anomaly/anomaly_id_04_00000070.wav,04,1,0.00725333159789443,0.006423113867640495,1,True
Protocol 2 ConvAE Recon Error,anomaly/anomaly_id_00_00000068.wav,00,1,0.008110642433166504,0.006423113867640495,1,True
Protocol 2 ConvAE Recon Error,anomaly/anomaly_id_00_00000056.wav,00,1,0.006670000031590462,0.006423113867640495,1,True
Protocol 2 ConvAE Recon Error,anomaly/anomaly_id_02_00000087.wav,02,1,0.007739367429167032,0.006423113867640495,1,True
Protocol 2 ConvAE Recon Error,anomaly/anomaly_id_00_00000019.wav,00,1,0.008346561342477798,0.006423113867640495,1,True
Protocol 2 ConvAE Recon Error,anomaly/anomaly_id_02_00000021.wav,02,1,0.007970897480845451,0.006423113867640495,1,True
Protocol 2 ConvAE Recon Error,anomaly/anomaly_id_02_00000095.wav,02,1,0.006411147769540548,0.006423113867640495,0,False
Protocol 2 ConvAE Recon Error,anomaly/anomaly_id_06_00000088.wav,06,1,0.008103233762085438,0.006423113867640495,1,True
Protocol 2 ConvAE Recon Error,anomaly/anomaly_id_02_00000070.wav,02,1,0.007406765595078468,0.006423113867640495,1,True
Protocol 2 ConvAE Recon Error,anomaly/anomaly_id_00_00000060.wav,00,1,0.008511741645634174,0.006423113867640495,1,True
Protocol 2 ConvAE Recon Error,anomaly/anomaly_id_06_00000026.wav,06,1,0.006459654774516821,0.006423113867640495,1,True
Protocol 2 ConvAE Recon Error,anomaly/anomaly_id_00_00000073.wav,00,1,0.009009710513055325,0.006423113867640495,1,True
Protocol 2 ConvAE Recon Error,anomaly/anomaly_id_02_00000090.wav,02,1,0.006719579454511404,0.006423113867640495,1,True
Protocol 2 ConvAE Recon Error,anomaly/anomaly_id_00_00000003.wav,00,1,0.00785135943442583,0.006423113867640495,1,True
Protocol 2 ConvAE Recon Error,anomaly/anomaly_id_04_00000053.wav,04,1,0.00768620427697897,0.006423113867640495,1,True
Protocol 2 ConvAE Recon Error,anomaly/anomaly_id_06_00000067.wav,06,1,0.007089210674166679,0.006423113867640495,1,True
Protocol 2 ConvAE Recon Error,anomaly/anomaly_id_06_00000013.wav,06,1,0.006600865162909031,0.006423113867640495,1,True
Protocol 2 ConvAE Recon Error,anomaly/anomaly_id_06_00000028.wav,06,1,0.00648746732622385,0.006423113867640495,1,True
Protocol 2 ConvAE Recon Error,anomaly/anomaly_id_04_00000005.wav,04,1,0.008034628815948963,0.006423113867640495,1,True
Protocol 2 ConvAE Recon Error,anomaly/anomaly_id_02_00000035.wav,02,1,0.007091748993843794,0.006423113867640495,1,True
Protocol 2 ConvAE Recon Error,anomaly/anomaly_id_04_00000086.wav,04,1,0.007576811593025923,0.006423113867640495,1,True
Protocol 2 ConvAE Recon Error,anomaly/anomaly_id_00_00000118.wav,00,1,0.00818141084164381,0.006423113867640495,1,True
Protocol 2 ConvAE Recon Error,anomaly/anomaly_id_02_00000106.wav,02,1,0.007072520907968283,0.006423113867640495,1,True
Protocol 2 ConvAE Recon Error,anomaly/anomaly_id_04_00000029.wav,04,1,0.007408785168081522,0.006423113867640495,1,True
Protocol 2 ConvAE Recon Error,anomaly/anomaly_id_00_00000047.wav,00,1,0.007809393107891083,0.006423113867640495,1,True
Protocol 2 ConvAE Recon Error,anomaly/anomaly_id_02_00000092.wav,02,1,0.008381788618862629,0.006423113867640495,1,True
Protocol 2 ConvAE Recon Error,anomaly/anomaly_id_00_00000127.wav,00,1,0.008198720403015614,0.006423113867640495,1,True
Protocol 2 ConvAE Recon Error,anomaly/anomaly_id_02_00000003.wav,02,1,0.0066283331252634525,0.006423113867640495,1,True
Protocol 2 ConvAE Recon Error,anomaly/anomaly_id_06_00000071.wav,06,1,0.00615423358976841,0.006423113867640495,0,False
Protocol 2 ConvAE Recon Error,anomaly/anomaly_id_00_00000027.wav,00,1,0.008531724102795124,0.006423113867640495,1,True
Protocol 2 ConvAE Recon Error,anomaly/anomaly_id_06_00000010.wav,06,1,0.006526464596390724,0.006423113867640495,1,True
Protocol 2 ConvAE Recon Error,anomaly/anomaly_id_00_00000062.wav,00,1,0.007076101843267679,0.006423113867640495,1,True
Protocol 2 ConvAE Recon Error,anomaly/anomaly_id_06_00000027.wav,06,1,0.006179760675877333,0.006423113867640495,0,False
Protocol 2 ConvAE Recon Error,anomaly/anomaly_id_06_00000098.wav,06,1,0.006924933288246393,0.006423113867640495,1,True
Protocol 2 ConvAE Recon Error,anomaly/anomaly_id_04_00000096.wav,04,1,0.008812781423330307,0.006423113867640495,1,True
Protocol 2 ConvAE Recon Error,anomaly/anomaly_id_04_00000064.wav,04,1,0.00718753132969141,0.006423113867640495,1,True
Protocol 2 ConvAE Recon Error,anomaly/anomaly_id_02_00000110.wav,02,1,0.006646979134529829,0.006423113867640495,1,True
Protocol 2 ConvAE Recon Error,anomaly/anomaly_id_04_00000000.wav,04,1,0.008300192654132843,0.006423113867640495,1,True
Protocol 2 ConvAE Recon Error,anomaly/anomaly_id_06_00000060.wav,06,1,0.007375869434326887,0.006423113867640495,1,True
Protocol 2 ConvAE Recon Error,anomaly/anomaly_id_02_00000000.wav,02,1,0.008281311951577663,0.006423113867640495,1,True
Protocol 2 ConvAE Recon Error,anomaly/anomaly_id_02_00000057.wav,02,1,0.008703773841261864,0.006423113867640495,1,True
Protocol 2 ConvAE Recon Error,anomaly/anomaly_id_04_00000026.wav,04,1,0.006802063900977373,0.006423113867640495,1,True
Protocol 2 ConvAE Recon Error,anomaly/anomaly_id_00_00000038.wav,00,1,0.00742789451032877,0.006423113867640495,1,True
Protocol 2 ConvAE Recon Error,anomaly/anomaly_id_06_00000023.wav,06,1,0.007059080526232719,0.006423113867640495,1,True
Protocol 2 ConvAE Recon Error,anomaly/anomaly_id_00_00000029.wav,00,1,0.00965065136551857,0.006423113867640495,1,True
Protocol 2 ConvAE Recon Error,anomaly/anomaly_id_00_00000089.wav,00,1,0.006921133492141962,0.006423113867640495,1,True
Protocol 2 ConvAE Recon Error,anomaly/anomaly_id_02_00000093.wav,02,1,0.006510050967335701,0.006423113867640495,1,True
Protocol 2 ConvAE Recon Error,anomaly/anomaly_id_00_00000098.wav,00,1,0.007097991649061441,0.006423113867640495,1,True
Protocol 2 ConvAE Recon Error,anomaly/anomaly_id_00_00000119.wav,00,1,0.00895003229379654,0.006423113867640495,1,True
Protocol 2 ConvAE Recon Error,anomaly/anomaly_id_02_00000005.wav,02,1,0.006660930812358856,0.006423113867640495,1,True
Protocol 2 ConvAE Recon Error,anomaly/anomaly_id_02_00000053.wav,02,1,0.008030303753912449,0.006423113867640495,1,True
Protocol 2 ConvAE Recon Error,anomaly/anomaly_id_04_00000093.wav,04,1,0.007702825590968132,0.006423113867640495,1,True
Protocol 2 ConvAE Recon Error,anomaly/anomaly_id_04_00000038.wav,04,1,0.007102652452886105,0.006423113867640495,1,True
Protocol 2 ConvAE Recon Error,anomaly/anomaly_id_00_00000134.wav,00,1,0.007961480878293514,0.006423113867640495,1,True
Protocol 2 ConvAE Recon Error,anomaly/anomaly_id_02_00000068.wav,02,1,0.008341405540704727,0.006423113867640495,1,True
Protocol 2 ConvAE Recon Error,anomaly/anomaly_id_00_00000012.wav,00,1,0.0070765260607004166,0.006423113867640495,1,True
Protocol 2 ConvAE Recon Error,anomaly/anomaly_id_02_00000082.wav,02,1,0.007807622198015451,0.006423113867640495,1,True
Protocol 2 ConvAE Recon Error,anomaly/anomaly_id_00_00000067.wav,00,1,0.008948319591581821,0.006423113867640495,1,True
Protocol 2 ConvAE Recon Error,anomaly/anomaly_id_00_00000108.wav,00,1,0.006927004083991051,0.006423113867640495,1,True
Protocol 2 ConvAE Recon Error,anomaly/anomaly_id_00_00000084.wav,00,1,0.007458480075001717,0.006423113867640495,1,True
Protocol 2 ConvAE Recon Error,anomaly/anomaly_id_04_00000094.wav,04,1,0.007352747954428196,0.006423113867640495,1,True
Protocol 2 ConvAE Recon Error,anomaly/anomaly_id_02_00000058.wav,02,1,0.008171015419065952,0.006423113867640495,1,True
Protocol 2 ConvAE Recon Error,anomaly/anomaly_id_06_00000019.wav,06,1,0.006733296439051628,0.006423113867640495,1,True
Protocol 2 ConvAE Recon Error,anomaly/anomaly_id_06_00000093.wav,06,1,0.006108623929321766,0.006423113867640495,0,False
Protocol 2 ConvAE Recon Error,anomaly/anomaly_id_00_00000030.wav,00,1,0.0074173458851873875,0.006423113867640495,1,True
Protocol 2 ConvAE Recon Error,anomaly/anomaly_id_00_00000007.wav,00,1,0.00672178715467453,0.006423113867640495,1,True
Protocol 2 ConvAE Recon Error,anomaly/anomaly_id_06_00000022.wav,06,1,0.006722630932927132,0.006423113867640495,1,True
Protocol 2 ConvAE Recon Error,anomaly/anomaly_id_06_00000091.wav,06,1,0.0066192736849188805,0.006423113867640495,1,True
Protocol 2 ConvAE Recon Error,anomaly/anomaly_id_02_00000102.wav,02,1,0.006541361100971699,0.006423113867640495,1,True
Protocol 2 ConvAE Recon Error,anomaly/anomaly_id_00_00000025.wav,00,1,0.008525864221155643,0.006423113867640495,1,True
Protocol 2 ConvAE Recon Error,anomaly/anomaly_id_00_00000092.wav,00,1,0.00675821490585804,0.006423113867640495,1,True
Protocol 2 ConvAE Recon Error,anomaly/anomaly_id_04_00000050.wav,04,1,0.010227017104625702,0.006423113867640495,1,True
Protocol 2 ConvAE Recon Error,anomaly/anomaly_id_06_00000080.wav,06,1,0.00628529442474246,0.006423113867640495,0,False
Protocol 2 ConvAE Recon Error,anomaly/anomaly_id_06_00000087.wav,06,1,0.006638898514211178,0.006423113867640495,1,True
Protocol 2 ConvAE Recon Error,anomaly/anomaly_id_06_00000094.wav,06,1,0.00657704146578908,0.006423113867640495,1,True
Protocol 2 ConvAE Recon Error,anomaly/anomaly_id_04_00000019.wav,04,1,0.008138077333569527,0.006423113867640495,1,True
Protocol 2 ConvAE Recon Error,anomaly/anomaly_id_02_00000104.wav,02,1,0.008144060149788857,0.006423113867640495,1,True
Protocol 2 ConvAE Recon Error,anomaly/anomaly_id_00_00000040.wav,00,1,0.00789518840610981,0.006423113867640495,1,True
Protocol 2 ConvAE Recon Error,anomaly/anomaly_id_06_00000015.wav,06,1,0.0072059547528624535,0.006423113867640495,1,True
Protocol 2 ConvAE Recon Error,anomaly/anomaly_id_02_00000013.wav,02,1,0.006544556934386492,0.006423113867640495,1,True
Protocol 2 ConvAE Recon Error,anomaly/anomaly_id_06_00000075.wav,06,1,0.00622214050963521,0.006423113867640495,0,False
Protocol 2 ConvAE Recon Error,anomaly/anomaly_id_02_00000038.wav,02,1,0.00689715426415205,0.006423113867640495,1,True
Protocol 2 ConvAE Recon Error,anomaly/anomaly_id_04_00000074.wav,04,1,0.01266169548034668,0.006423113867640495,1,True
Protocol 2 ConvAE Recon Error,anomaly/anomaly_id_00_00000104.wav,00,1,0.009187978692352772,0.006423113867640495,1,True
Protocol 2 ConvAE Recon Error,anomaly/anomaly_id_00_00000075.wav,00,1,0.0073531377129256725,0.006423113867640495,1,True
Protocol 2 ConvAE Recon Error,anomaly/anomaly_id_04_00000069.wav,04,1,0.006890070158988237,0.006423113867640495,1,True
Protocol 2 ConvAE Recon Error,anomaly/anomaly_id_02_00000037.wav,02,1,0.007079030852764845,0.006423113867640495,1,True
Protocol 2 ConvAE Recon Error,anomaly/anomaly_id_04_00000028.wav,04,1,0.007299251854419708,0.006423113867640495,1,True
Protocol 2 ConvAE Recon Error,anomaly/anomaly_id_00_00000135.wav,00,1,0.007453897036612034,0.006423113867640495,1,True
Protocol 2 ConvAE Recon Error,anomaly/anomaly_id_02_00000022.wav,02,1,0.006773816887289286,0.006423113867640495,1,True
Protocol 2 ConvAE Recon Error,anomaly/anomaly_id_02_00000050.wav,02,1,0.008135054260492325,0.006423113867640495,1,True
Protocol 2 ConvAE Recon Error,anomaly/anomaly_id_00_00000091.wav,00,1,0.007323606871068478,0.006423113867640495,1,True
Protocol 2 ConvAE Recon Error,anomaly/anomaly_id_04_00000017.wav,04,1,0.006961710751056671,0.006423113867640495,1,True
Protocol 2 ConvAE Recon Error,anomaly/anomaly_id_04_00000067.wav,04,1,0.0070530869998037815,0.006423113867640495,1,True
Protocol 2 ConvAE Recon Error,anomaly/anomaly_id_06_00000089.wav,06,1,0.007872911170125008,0.006423113867640495,1,True
Protocol 2 ConvAE Recon Error,anomaly/anomaly_id_02_00000002.wav,02,1,0.006354101002216339,0.006423113867640495,0,False
Protocol 2 ConvAE Recon Error,anomaly/anomaly_id_06_00000064.wav,06,1,0.009046610444784164,0.006423113867640495,1,True
Protocol 2 ConvAE Recon Error,anomaly/anomaly_id_02_00000074.wav,02,1,0.007730518002063036,0.006423113867640495,1,True
Protocol 2 ConvAE Recon Error,anomaly/anomaly_id_06_00000011.wav,06,1,0.007831569761037827,0.006423113867640495,1,True
Protocol 2 ConvAE Recon Error,anomaly/anomaly_id_02_00000006.wav,02,1,0.006654922850430012,0.006423113867640495,1,True
Protocol 2 ConvAE Recon Error,anomaly/anomaly_id_00_00000126.wav,00,1,0.008311988785862923,0.006423113867640495,1,True
Protocol 2 ConvAE Recon Error,anomaly/anomaly_id_06_00000045.wav,06,1,0.007492528297007084,0.006423113867640495,1,True
Protocol 2 ConvAE Recon Error,anomaly/anomaly_id_00_00000070.wav,00,1,0.0077126347459852695,0.006423113867640495,1,True
Protocol 2 ConvAE Recon Error,anomaly/anomaly_id_04_00000089.wav,04,1,0.006570118945091963,0.006423113867640495,1,True
Protocol 2 ConvAE Recon Error,anomaly/anomaly_id_02_00000029.wav,02,1,0.00651700422167778,0.006423113867640495,1,True
Protocol 2 ConvAE Recon Error,anomaly/anomaly_id_06_00000002.wav,06,1,0.006804752629250288,0.006423113867640495,1,True
Protocol 2 ConvAE Recon Error,anomaly/anomaly_id_02_00000107.wav,02,1,0.007884504273533821,0.006423113867640495,1,True
Protocol 2 ConvAE Recon Error,anomaly/anomaly_id_00_00000054.wav,00,1,0.007927759550511837,0.006423113867640495,1,True
Protocol 2 ConvAE Recon Error,anomaly/anomaly_id_02_00000026.wav,02,1,0.008379634469747543,0.006423113867640495,1,True
Protocol 2 ConvAE Recon Error,anomaly/anomaly_id_04_00000027.wav,04,1,0.0068433936685323715,0.006423113867640495,1,True
Protocol 2 ConvAE Recon Error,anomaly/anomaly_id_02_00000072.wav,02,1,0.006399230565875769,0.006423113867640495,0,False
Protocol 2 ConvAE Recon Error,anomaly/anomaly_id_06_00000053.wav,06,1,0.0071555245667696,0.006423113867640495,1,True
Protocol 2 ConvAE Recon Error,anomaly/anomaly_id_06_00000059.wav,06,1,0.0080729303881526,0.006423113867640495,1,True
Protocol 2 ConvAE Recon Error,anomaly/anomaly_id_02_00000015.wav,02,1,0.006449645385146141,0.006423113867640495,1,True
Protocol 2 ConvAE Recon Error,anomaly/anomaly_id_06_00000101.wav,06,1,0.00688202865421772,0.006423113867640495,1,True
Protocol 2 ConvAE Recon Error,anomaly/anomaly_id_00_00000095.wav,00,1,0.00875781662762165,0.006423113867640495,1,True
Protocol 2 ConvAE Recon Error,anomaly/anomaly_id_06_00000081.wav,06,1,0.006322475615888834,0.006423113867640495,0,False
Protocol 2 ConvAE Recon Error,anomaly/anomaly_id_04_00000051.wav,04,1,0.006795842666178942,0.006423113867640495,1,True
Protocol 2 ConvAE Recon Error,anomaly/anomaly_id_02_00000043.wav,02,1,0.007525824010372162,0.006423113867640495,1,True
Protocol 2 ConvAE Recon Error,anomaly/anomaly_id_04_00000009.wav,04,1,0.007031474728137255,0.006423113867640495,1,True
Protocol 2 ConvAE Recon Error,anomaly/anomaly_id_04_00000003.wav,04,1,0.007504796609282494,0.006423113867640495,1,True
Protocol 2 ConvAE Recon Error,anomaly/anomaly_id_04_00000061.wav,04,1,0.007226767484098673,0.006423113867640495,1,True
Protocol 2 ConvAE Recon Error,anomaly/anomaly_id_04_00000052.wav,04,1,0.00797277595847845,0.006423113867640495,1,True
Protocol 2 ConvAE Recon Error,anomaly/anomaly_id_06_00000052.wav,06,1,0.006982574239373207,0.006423113867640495,1,True
Protocol 2 ConvAE Recon Error,anomaly/anomaly_id_00_00000088.wav,00,1,0.007302941754460335,0.006423113867640495,1,True
Protocol 2 ConvAE Recon Error,anomaly/anomaly_id_04_00000090.wav,04,1,0.007158479653298855,0.006423113867640495,1,True
Protocol 2 ConvAE Recon Error,anomaly/anomaly_id_06_00000069.wav,06,1,0.006427607499063015,0.006423113867640495,1,True
Protocol 2 ConvAE Recon Error,anomaly/anomaly_id_02_00000105.wav,02,1,0.007248257752507925,0.006423113867640495,1,True
Protocol 2 ConvAE Recon Error,anomaly/anomaly_id_02_00000071.wav,02,1,0.006726483814418316,0.006423113867640495,1,True
Protocol 2 ConvAE Recon Error,anomaly/anomaly_id_00_00000037.wav,00,1,0.007276324089616537,0.006423113867640495,1,True
Protocol 2 ConvAE Recon Error,anomaly/anomaly_id_06_00000001.wav,06,1,0.006663537584245205,0.006423113867640495,1,True
Protocol 2 ConvAE Recon Error,anomaly/anomaly_id_04_00000016.wav,04,1,0.00663937209174037,0.006423113867640495,1,True
Protocol 2 ConvAE Recon Error,anomaly/anomaly_id_06_00000076.wav,06,1,0.007468534167855978,0.006423113867640495,1,True
Protocol 2 ConvAE Recon Error,anomaly/anomaly_id_04_00000022.wav,04,1,0.007384988944977522,0.006423113867640495,1,True
Protocol 2 ConvAE Recon Error,anomaly/anomaly_id_02_00000018.wav,02,1,0.006352943833917379,0.006423113867640495,0,False
Protocol 2 ConvAE Recon Error,anomaly/anomaly_id_02_00000073.wav,02,1,0.006543563213199377,0.006423113867640495,1,True
Protocol 2 ConvAE Recon Error,anomaly/anomaly_id_02_00000064.wav,02,1,0.006438225973397493,0.006423113867640495,1,True
Protocol 2 ConvAE Recon Error,anomaly/anomaly_id_06_00000090.wav,06,1,0.006873837672173977,0.006423113867640495,1,True
Protocol 2 ConvAE Recon Error,anomaly/anomaly_id_02_00000030.wav,02,1,0.008388776332139969,0.006423113867640495,1,True
Protocol 2 ConvAE Recon Error,anomaly/anomaly_id_00_00000112.wav,00,1,0.006566149648278952,0.006423113867640495,1,True
Protocol 2 ConvAE Recon Error,anomaly/anomaly_id_00_00000018.wav,00,1,0.006798854097723961,0.006423113867640495,1,True
Protocol 2 ConvAE Recon Error,anomaly/anomaly_id_02_00000010.wav,02,1,0.007840026170015335,0.006423113867640495,1,True
Protocol 2 ConvAE Recon Error,anomaly/anomaly_id_00_00000011.wav,00,1,0.007792237680405378,0.006423113867640495,1,True
Protocol 2 ConvAE Recon Error,anomaly/anomaly_id_06_00000030.wav,06,1,0.007960418239235878,0.006423113867640495,1,True
Protocol 2 ConvAE Recon Error,anomaly/anomaly_id_02_00000062.wav,02,1,0.008474316447973251,0.006423113867640495,1,True
Protocol 2 ConvAE Recon Error,anomaly/anomaly_id_04_00000081.wav,04,1,0.0067835040390491486,0.006423113867640495,1,True
Protocol 2 ConvAE Recon Error,anomaly/anomaly_id_06_00000040.wav,06,1,0.006600014865398407,0.006423113867640495,1,True
Protocol 2 ConvAE Recon Error,anomaly/anomaly_id_00_00000066.wav,00,1,0.009195693768560886,0.006423113867640495,1,True
Protocol 2 ConvAE Recon Error,anomaly/anomaly_id_00_00000009.wav,00,1,0.00878573302179575,0.006423113867640495,1,True
Protocol 2 ConvAE Recon Error,anomaly/anomaly_id_06_00000009.wav,06,1,0.006501195952296257,0.006423113867640495,1,True
Protocol 2 ConvAE Recon Error,anomaly/anomaly_id_00_00000059.wav,00,1,0.006006509065628052,0.006423113867640495,0,False
Protocol 2 ConvAE Recon Error,anomaly/anomaly_id_06_00000032.wav,06,1,0.0077425455674529076,0.006423113867640495,1,True
Protocol 2 ConvAE Recon Error,anomaly/anomaly_id_06_00000038.wav,06,1,0.0071651688776910305,0.006423113867640495,1,True
Protocol 2 ConvAE Recon Error,anomaly/anomaly_id_00_00000004.wav,00,1,0.008860530331730843,0.006423113867640495,1,True
Protocol 2 ConvAE Recon Error,anomaly/anomaly_id_00_00000094.wav,00,1,0.008277446031570435,0.006423113867640495,1,True
Protocol 2 ConvAE Recon Error,anomaly/anomaly_id_00_00000048.wav,00,1,0.008019479922950268,0.006423113867640495,1,True
Protocol 2 ConvAE Recon Error,anomaly/anomaly_id_00_00000093.wav,00,1,0.007107683457434177,0.006423113867640495,1,True
Protocol 2 ConvAE Recon Error,anomaly/anomaly_id_02_00000108.wav,02,1,0.006884207483381033,0.006423113867640495,1,True
Protocol 2 ConvAE Recon Error,anomaly/anomaly_id_06_00000056.wav,06,1,0.00807767640799284,0.006423113867640495,1,True
Protocol 2 ConvAE Recon Error,anomaly/anomaly_id_00_00000032.wav,00,1,0.008398977108299732,0.006423113867640495,1,True
Protocol 2 ConvAE Recon Error,anomaly/anomaly_id_02_00000012.wav,02,1,0.008488114923238754,0.006423113867640495,1,True
Protocol 2 ConvAE Recon Error,anomaly/anomaly_id_00_00000128.wav,00,1,0.00896559376269579,0.006423113867640495,1,True
Protocol 2 ConvAE Recon Error,anomaly/anomaly_id_00_00000121.wav,00,1,0.007142865099012852,0.006423113867640495,1,True
Protocol 2 ConvAE Recon Error,anomaly/anomaly_id_02_00000084.wav,02,1,0.0066136764362454414,0.006423113867640495,1,True
Protocol 2 ConvAE Recon Error,anomaly/anomaly_id_00_00000130.wav,00,1,0.007839522324502468,0.006423113867640495,1,True
Protocol 2 ConvAE Recon Error,anomaly/anomaly_id_00_00000081.wav,00,1,0.006243616808205843,0.006423113867640495,0,False
Protocol 2 ConvAE Recon Error,anomaly/anomaly_id_04_00000054.wav,04,1,0.006725793704390526,0.006423113867640495,1,True
Protocol 2 ConvAE Recon Error,anomaly/anomaly_id_04_00000057.wav,04,1,0.006743097677826881,0.006423113867640495,1,True
Protocol 2 ConvAE Recon Error,anomaly/anomaly_id_00_00000052.wav,00,1,0.006978466175496578,0.006423113867640495,1,True
Protocol 2 ConvAE Recon Error,anomaly/anomaly_id_06_00000025.wav,06,1,0.006521602161228657,0.006423113867640495,1,True
Protocol 2 ConvAE Recon Error,anomaly/anomaly_id_00_00000028.wav,00,1,0.009102657437324524,0.006423113867640495,1,True
Protocol 2 ConvAE Recon Error,anomaly/anomaly_id_06_00000050.wav,06,1,0.0072170281782746315,0.006423113867640495,1,True
Protocol 2 ConvAE Recon Error,anomaly/anomaly_id_02_00000066.wav,02,1,0.006522654090076685,0.006423113867640495,1,True
Protocol 2 ConvAE Recon Error,anomaly/anomaly_id_00_00000106.wav,00,1,0.008465717546641827,0.006423113867640495,1,True
Protocol 2 ConvAE Recon Error,anomaly/anomaly_id_06_00000035.wav,06,1,0.006084029097110033,0.006423113867640495,0,False
Protocol 2 ConvAE Recon Error,anomaly/anomaly_id_06_00000100.wav,06,1,0.00876566395163536,0.006423113867640495,1,True
Protocol 2 ConvAE Recon Error,anomaly/anomaly_id_00_00000021.wav,00,1,0.007851631380617619,0.006423113867640495,1,True
Protocol 2 ConvAE Recon Error,anomaly/anomaly_id_02_00000075.wav,02,1,0.006651595700532198,0.006423113867640495,1,True
Protocol 2 ConvAE Recon Error,anomaly/anomaly_id_06_00000048.wav,06,1,0.006254844833165407,0.006423113867640495,0,False
Protocol 2 ConvAE Recon Error,anomaly/anomaly_id_04_00000012.wav,04,1,0.008179818280041218,0.006423113867640495,1,True
Protocol 2 ConvAE Recon Error,anomaly/anomaly_id_06_00000065.wav,06,1,0.00780622148886323,0.006423113867640495,1,True
Protocol 2 ConvAE Recon Error,anomaly/anomaly_id_04_00000077.wav,04,1,0.006787768565118313,0.006423113867640495,1,True
Protocol 2 ConvAE Recon Error,anomaly/anomaly_id_00_00000039.wav,00,1,0.0066261799074709415,0.006423113867640495,1,True
Protocol 2 ConvAE Recon Error,anomaly/anomaly_id_02_00000045.wav,02,1,0.007236676290631294,0.006423113867640495,1,True
Protocol 2 ConvAE Recon Error,anomaly/anomaly_id_00_00000013.wav,00,1,0.007907808758318424,0.006423113867640495,1,True
Protocol 2 ConvAE Recon Error,anomaly/anomaly_id_02_00000046.wav,02,1,0.007677643559873104,0.006423113867640495,1,True
Protocol 2 ConvAE Recon Error,anomaly/anomaly_id_04_00000091.wav,04,1,0.006698979064822197,0.006423113867640495,1,True
Protocol 2 ConvAE Recon Error,anomaly/anomaly_id_06_00000003.wav,06,1,0.0068819657899439335,0.006423113867640495,1,True
Protocol 2 ConvAE Recon Error,anomaly/anomaly_id_02_00000077.wav,02,1,0.0075540500693023205,0.006423113867640495,1,True
Protocol 2 ConvAE Recon Error,anomaly/anomaly_id_00_00000005.wav,00,1,0.00884077325463295,0.006423113867640495,1,True
Protocol 2 ConvAE Recon Error,anomaly/anomaly_id_00_00000085.wav,00,1,0.007190627511590719,0.006423113867640495,1,True
Protocol 2 ConvAE Recon Error,anomaly/anomaly_id_06_00000085.wav,06,1,0.007197256665676832,0.006423113867640495,1,True
Protocol 2 ConvAE Recon Error,anomaly/anomaly_id_06_00000007.wav,06,1,0.007882785052061081,0.006423113867640495,1,True
Protocol 2 ConvAE Recon Error,anomaly/anomaly_id_04_00000078.wav,04,1,0.007111242040991783,0.006423113867640495,1,True
Protocol 2 ConvAE Recon Error,anomaly/anomaly_id_04_00000024.wav,04,1,0.007951552979648113,0.006423113867640495,1,True
Protocol 2 ConvAE Recon Error,anomaly/anomaly_id_00_00000078.wav,00,1,0.008290151134133339,0.006423113867640495,1,True
Protocol 2 ConvAE Recon Error,anomaly/anomaly_id_06_00000068.wav,06,1,0.006710116285830736,0.006423113867640495,1,True
Protocol 2 ConvAE Recon Error,anomaly/anomaly_id_00_00000114.wav,00,1,0.006939352490007877,0.006423113867640495,1,True
Protocol 2 ConvAE Recon Error,anomaly/anomaly_id_02_00000027.wav,02,1,0.006493472494184971,0.006423113867640495,1,True
Protocol 2 ConvAE Recon Error,anomaly/anomaly_id_04_00000085.wav,04,1,0.007053058128803968,0.006423113867640495,1,True
Protocol 2 ConvAE Recon Error,anomaly/anomaly_id_00_00000123.wav,00,1,0.008106062188744545,0.006423113867640495,1,True
Protocol 2 ConvAE Recon Error,anomaly/anomaly_id_04_00000047.wav,04,1,0.007578285411000252,0.006423113867640495,1,True
Protocol 2 ConvAE Recon Error,anomaly/anomaly_id_00_00000103.wav,00,1,0.010435800999403,0.006423113867640495,1,True
Protocol 2 ConvAE Recon Error,anomaly/anomaly_id_00_00000090.wav,00,1,0.00806027464568615,0.006423113867640495,1,True
Protocol 2 ConvAE Recon Error,anomaly/anomaly_id_02_00000056.wav,02,1,0.00783537793904543,0.006423113867640495,1,True
Protocol 2 ConvAE Recon Error,anomaly/anomaly_id_04_00000020.wav,04,1,0.007149592041969299,0.006423113867640495,1,True
Protocol 2 ConvAE Recon Error,anomaly/anomaly_id_06_00000031.wav,06,1,0.0077996947802603245,0.006423113867640495,1,True
Protocol 2 ConvAE Recon Error,anomaly/anomaly_id_02_00000063.wav,02,1,0.008568942546844482,0.006423113867640495,1,True
Protocol 2 ConvAE Recon Error,anomaly/anomaly_id_00_00000087.wav,00,1,0.007432517129927874,0.006423113867640495,1,True
Protocol 2 ConvAE Recon Error,anomaly/anomaly_id_02_00000078.wav,02,1,0.00789425615221262,0.006423113867640495,1,True
Protocol 2 ConvAE Recon Error,anomaly/anomaly_id_00_00000142.wav,00,1,0.007283998653292656,0.006423113867640495,1,True
Protocol 2 ConvAE Recon Error,anomaly/anomaly_id_00_00000111.wav,00,1,0.007703312672674656,0.006423113867640495,1,True
Protocol 2 ConvAE Recon Error,anomaly/anomaly_id_04_00000075.wav,04,1,0.007631702348589897,0.006423113867640495,1,True
Protocol 2 ConvAE Recon Error,anomaly/anomaly_id_06_00000017.wav,06,1,0.007118979934602976,0.006423113867640495,1,True
Protocol 2 ConvAE Recon Error,anomaly/anomaly_id_04_00000023.wav,04,1,0.007952544838190079,0.006423113867640495,1,True
Protocol 2 ConvAE Recon Error,anomaly/anomaly_id_04_00000095.wav,04,1,0.00704249506816268,0.006423113867640495,1,True
Protocol 2 ConvAE Recon Error,anomaly/anomaly_id_06_00000063.wav,06,1,0.00795777142047882,0.006423113867640495,1,True
Protocol 2 ConvAE Recon Error,anomaly/anomaly_id_02_00000044.wav,02,1,0.006758626084774733,0.006423113867640495,1,True
Protocol 2 ConvAE Recon Error,anomaly/anomaly_id_00_00000065.wav,00,1,0.009426434524357319,0.006423113867640495,1,True
Protocol 2 ConvAE Recon Error,anomaly/anomaly_id_06_00000078.wav,06,1,0.006305404007434845,0.006423113867640495,0,False
Protocol 2 ConvAE Recon Error,anomaly/anomaly_id_00_00000099.wav,00,1,0.008582906797528267,0.006423113867640495,1,True
Protocol 2 ConvAE Recon Error,anomaly/anomaly_id_00_00000071.wav,00,1,0.006869192235171795,0.006423113867640495,1,True
Protocol 2 ConvAE Recon Error,anomaly/anomaly_id_06_00000058.wav,06,1,0.008029143325984478,0.006423113867640495,1,True
Protocol 2 ConvAE Recon Error,anomaly/anomaly_id_00_00000069.wav,00,1,0.0072100660763680935,0.006423113867640495,1,True
Protocol 2 ConvAE Recon Error,anomaly/anomaly_id_06_00000021.wav,06,1,0.00811954028904438,0.006423113867640495,1,True
Protocol 2 ConvAE Recon Error,anomaly/anomaly_id_00_00000125.wav,00,1,0.007709067780524492,0.006423113867640495,1,True
Protocol 2 ConvAE Recon Error,anomaly/anomaly_id_02_00000034.wav,02,1,0.006876929197460413,0.006423113867640495,1,True
Protocol 2 ConvAE Recon Error,anomaly/anomaly_id_02_00000081.wav,02,1,0.00667365500703454,0.006423113867640495,1,True
Protocol 2 ConvAE Recon Error,anomaly/anomaly_id_06_00000086.wav,06,1,0.006450247019529343,0.006423113867640495,1,True
Protocol 2 ConvAE Recon Error,anomaly/anomaly_id_00_00000117.wav,00,1,0.0065874443389475346,0.006423113867640495,1,True
Protocol 2 ConvAE Recon Error,anomaly/anomaly_id_00_00000074.wav,00,1,0.006190915126353502,0.006423113867640495,0,False
Protocol 2 ConvAE Recon Error,anomaly/anomaly_id_06_00000018.wav,06,1,0.006699467543512583,0.006423113867640495,1,True
Protocol 2 ConvAE Recon Error,anomaly/anomaly_id_00_00000010.wav,00,1,0.008077915757894516,0.006423113867640495,1,True
Protocol 2 ConvAE Recon Error,anomaly/anomaly_id_00_00000116.wav,00,1,0.009304529055953026,0.006423113867640495,1,True
Protocol 2 ConvAE Recon Error,anomaly/anomaly_id_06_00000039.wav,06,1,0.007985998876392841,0.006423113867640495,1,True
Protocol 2 ConvAE Recon Error,anomaly/anomaly_id_02_00000014.wav,02,1,0.006685173138976097,0.006423113867640495,1,True
Protocol 2 ConvAE Recon Error,anomaly/anomaly_id_00_00000063.wav,00,1,0.006893569603562355,0.006423113867640495,1,True
Protocol 2 ConvAE Recon Error,anomaly/anomaly_id_02_00000080.wav,02,1,0.006868056487292051,0.006423113867640495,1,True
Protocol 2 ConvAE Recon Error,anomaly/anomaly_id_00_00000001.wav,00,1,0.007548278197646141,0.006423113867640495,1,True
Protocol 2 ConvAE Recon Error,anomaly/anomaly_id_00_00000042.wav,00,1,0.008578212931752205,0.006423113867640495,1,True
Protocol 2 ConvAE Recon Error,anomaly/anomaly_id_00_00000122.wav,00,1,0.006607142277061939,0.006423113867640495,1,True
Protocol 2 ConvAE Recon Error,anomaly/anomaly_id_00_00000017.wav,00,1,0.009232648648321629,0.006423113867640495,1,True
Protocol 2 ConvAE Recon Error,anomaly/anomaly_id_02_00000024.wav,02,1,0.006631545722484589,0.006423113867640495,1,True
Protocol 2 ConvAE Recon Error,anomaly/anomaly_id_04_00000043.wav,04,1,0.0071334391832351685,0.006423113867640495,1,True
Protocol 2 ConvAE Recon Error,anomaly/anomaly_id_04_00000055.wav,04,1,0.007261380553245544,0.006423113867640495,1,True
Protocol 2 ConvAE Recon Error,anomaly/anomaly_id_00_00000076.wav,00,1,0.006847066339105368,0.006423113867640495,1,True
Protocol 2 ConvAE Recon Error,anomaly/anomaly_id_04_00000059.wav,04,1,0.007281274534761906,0.006423113867640495,1,True
Protocol 2 ConvAE Recon Error,anomaly/anomaly_id_04_00000042.wav,04,1,0.007321174722164869,0.006423113867640495,1,True
Protocol 2 ConvAE Recon Error,anomaly/anomaly_id_02_00000065.wav,02,1,0.008108840323984623,0.006423113867640495,1,True
Protocol 2 ConvAE Recon Error,anomaly/anomaly_id_04_00000071.wav,04,1,0.007079180795699358,0.006423113867640495,1,True
Protocol 2 ConvAE Recon Error,anomaly/anomaly_id_00_00000031.wav,00,1,0.009426933713257313,0.006423113867640495,1,True
Protocol 2 ConvAE Recon Error,anomaly/anomaly_id_00_00000129.wav,00,1,0.007583733182400465,0.006423113867640495,1,True
Protocol 2 ConvAE Recon Error,anomaly/anomaly_id_06_00000049.wav,06,1,0.0066932388581335545,0.006423113867640495,1,True
Protocol 2 ConvAE Recon Error,anomaly/anomaly_id_00_00000105.wav,00,1,0.0072571453638374805,0.006423113867640495,1,True
Protocol 2 ConvAE Recon Error,anomaly/anomaly_id_04_00000036.wav,04,1,0.007455069106072187,0.006423113867640495,1,True
Protocol 2 ConvAE Recon Error,anomaly/anomaly_id_04_00000013.wav,04,1,0.0069596716202795506,0.006423113867640495,1,True
Protocol 2 ConvAE Recon Error,anomaly/anomaly_id_06_00000044.wav,06,1,0.006144147831946611,0.006423113867640495,0,False
Protocol 2 ConvAE Recon Error,anomaly/anomaly_id_02_00000069.wav,02,1,0.006716476287692785,0.006423113867640495,1,True
Protocol 2 ConvAE Recon Error,anomaly/anomaly_id_00_00000043.wav,00,1,0.008699517697095871,0.006423113867640495,1,True
Protocol 2 ConvAE Recon Error,anomaly/anomaly_id_06_00000072.wav,06,1,0.007290683686733246,0.006423113867640495,1,True
Protocol 2 ConvAE Recon Error,anomaly/anomaly_id_02_00000017.wav,02,1,0.006452370434999466,0.006423113867640495,1,True
Protocol 2 ConvAE Recon Error,anomaly/anomaly_id_04_00000063.wav,04,1,0.00777698727324605,0.006423113867640495,1,True
Protocol 2 ConvAE Recon Error,anomaly/anomaly_id_00_00000057.wav,00,1,0.006783521734178066,0.006423113867640495,1,True
Protocol 2 ConvAE Recon Error,anomaly/anomaly_id_04_00000025.wav,04,1,0.00803613755851984,0.006423113867640495,1,True
Protocol 2 ConvAE Recon Error,anomaly/anomaly_id_00_00000023.wav,00,1,0.008686777204275131,0.006423113867640495,1,True
Protocol 2 ConvAE Recon Error,anomaly/anomaly_id_04_00000018.wav,04,1,0.008137525990605354,0.006423113867640495,1,True
Protocol 2 ConvAE Recon Error,anomaly/anomaly_id_00_00000015.wav,00,1,0.009136541746556759,0.006423113867640495,1,True
Protocol 2 ConvAE Recon Error,anomaly/anomaly_id_04_00000062.wav,04,1,0.0071602463722229,0.006423113867640495,1,True
Protocol 2 ConvAE Recon Error,anomaly/anomaly_id_00_00000109.wav,00,1,0.00879519060254097,0.006423113867640495,1,True
Protocol 2 ConvAE Recon Error,anomaly/anomaly_id_00_00000137.wav,00,1,0.007150331512093544,0.006423113867640495,1,True
Protocol 2 ConvAE Recon Error,anomaly/anomaly_id_02_00000047.wav,02,1,0.006433102767914534,0.006423113867640495,1,True
Protocol 2 ConvAE Recon Error,anomaly/anomaly_id_04_00000033.wav,04,1,0.007291372399777174,0.006423113867640495,1,True
Protocol 2 ConvAE Recon Error,anomaly/anomaly_id_00_00000016.wav,00,1,0.0068694669753313065,0.006423113867640495,1,True
Protocol 2 ConvAE Recon Error,anomaly/anomaly_id_04_00000046.wav,04,1,0.006920057348906994,0.006423113867640495,1,True
Protocol 2 ConvAE Recon Error,anomaly/anomaly_id_02_00000097.wav,02,1,0.008215274661779404,0.006423113867640495,1,True
Protocol 2 ConvAE Recon Error,anomaly/anomaly_id_00_00000110.wav,00,1,0.006768533959984779,0.006423113867640495,1,True
Protocol 2 ConvAE Recon Error,anomaly/anomaly_id_02_00000052.wav,02,1,0.006844600196927786,0.006423113867640495,1,True
Protocol 2 ConvAE Recon Error,anomaly/anomaly_id_00_00000034.wav,00,1,0.00823572650551796,0.006423113867640495,1,True
Protocol 2 ConvAE Recon Error,anomaly/anomaly_id_04_00000032.wav,04,1,0.0071932547725737095,0.006423113867640495,1,True
Protocol 2 ConvAE Recon Error,anomaly/anomaly_id_04_00000060.wav,04,1,0.006983634550124407,0.006423113867640495,1,True
Protocol 2 ConvAE Recon Error,anomaly/anomaly_id_00_00000035.wav,00,1,0.008255698718130589,0.006423113867640495,1,True
Protocol 2 ConvAE Recon Error,anomaly/anomaly_id_04_00000079.wav,04,1,0.008414317853748798,0.006423113867640495,1,True
Protocol 2 ConvAE Recon Error,anomaly/anomaly_id_02_00000039.wav,02,1,0.006656832527369261,0.006423113867640495,1,True
Protocol 2 ConvAE Recon Error,anomaly/anomaly_id_00_00000049.wav,00,1,0.008381822146475315,0.006423113867640495,1,True
Protocol 2 ConvAE Recon Error,anomaly/anomaly_id_00_00000006.wav,00,1,0.00662650540471077,0.006423113867640495,1,True
Protocol 2 ConvAE Recon Error,anomaly/anomaly_id_00_00000102.wav,00,1,0.009133045561611652,0.006423113867640495,1,True
Protocol 2 ConvAE Recon Error,anomaly/anomaly_id_02_00000032.wav,02,1,0.00665912963449955,0.006423113867640495,1,True
Protocol 2 ConvAE Recon Error,anomaly/anomaly_id_00_00000139.wav,00,1,0.007677649613469839,0.006423113867640495,1,True
Protocol 2 ConvAE Recon Error,anomaly/anomaly_id_06_00000084.wav,06,1,0.006559974979609251,0.006423113867640495,1,True
Protocol 2 ConvAE Recon Error,anomaly/anomaly_id_00_00000041.wav,00,1,0.009272728115320206,0.006423113867640495,1,True
Protocol 2 ConvAE Recon Error,anomaly/anomaly_id_06_00000012.wav,06,1,0.007962385192513466,0.006423113867640495,1,True
Protocol 2 ConvAE Recon Error,anomaly/anomaly_id_00_00000022.wav,00,1,0.006710653658956289,0.006423113867640495,1,True
Protocol 2 ConvAE Recon Error,anomaly/anomaly_id_04_00000021.wav,04,1,0.006703102961182594,0.006423113867640495,1,True
Protocol 2 ConvAE Recon Error,anomaly/anomaly_id_02_00000020.wav,02,1,0.007536262273788452,0.006423113867640495,1,True
Protocol 2 ConvAE Recon Error,anomaly/anomaly_id_04_00000066.wav,04,1,0.00665342016145587,0.006423113867640495,1,True
Protocol 2 ConvAE Recon Error,anomaly/anomaly_id_04_00000049.wav,04,1,0.008259635418653488,0.006423113867640495,1,True
Protocol 2 ConvAE Recon Error,anomaly/anomaly_id_00_00000113.wav,00,1,0.009282633662223816,0.006423113867640495,1,True
Protocol 2 ConvAE Recon Error,anomaly/anomaly_id_02_00000094.wav,02,1,0.007317356765270233,0.006423113867640495,1,True
Protocol 2 ConvAE Recon Error,anomaly/anomaly_id_06_00000042.wav,06,1,0.006391952745616436,0.006423113867640495,0,False
Protocol 2 ConvAE Recon Error,anomaly/anomaly_id_06_00000083.wav,06,1,0.0072539011016488075,0.006423113867640495,1,True
Protocol 2 ConvAE Recon Error,anomaly/anomaly_id_00_00000014.wav,00,1,0.007944446057081223,0.006423113867640495,1,True
Protocol 2 ConvAE Recon Error,anomaly/anomaly_id_00_00000141.wav,00,1,0.007347277365624905,0.006423113867640495,1,True
Protocol 2 ConvAE Recon Error,anomaly/anomaly_id_02_00000051.wav,02,1,0.007033100351691246,0.006423113867640495,1,True
Protocol 2 ConvAE Recon Error,anomaly/anomaly_id_00_00000036.wav,00,1,0.008096866309642792,0.006423113867640495,1,True
Protocol 2 ConvAE Recon Error,anomaly/anomaly_id_00_00000097.wav,00,1,0.008755229413509369,0.006423113867640495,1,True
Protocol 2 ConvAE Recon Error,anomaly/anomaly_id_06_00000095.wav,06,1,0.009186686016619205,0.006423113867640495,1,True
Protocol 2 ConvAE Recon Error,anomaly/anomaly_id_00_00000136.wav,00,1,0.006624463014304638,0.006423113867640495,1,True
Protocol 2 ConvAE + IF,test-normal/normal_id_06_00000054.wav,06,0,-0.0452894968290166,-0.07641044890008392,1,False
Protocol 2 ConvAE + IF,test-normal/normal_id_06_00000060.wav,06,0,-0.09172147356902388,-0.07641044890008392,0,True
Protocol 2 ConvAE + IF,test-normal/normal_id_02_00000058.wav,02,0,-0.05181847829830748,-0.07641044890008392,1,False
Protocol 2 ConvAE + IF,test-normal/normal_id_04_00000039.wav,04,0,-0.05070569687419754,-0.07641044890008392,1,False
Protocol 2 ConvAE + IF,test-normal/normal_id_06_00000047.wav,06,0,-0.07872849003919218,-0.07641044890008392,0,True
Protocol 2 ConvAE + IF,test-normal/normal_id_00_00000095.wav,00,0,-0.047905879249484716,-0.07641044890008392,1,False
Protocol 2 ConvAE + IF,test-normal/normal_id_04_00000092.wav,04,0,-0.03877715941641673,-0.07641044890008392,1,False
Protocol 2 ConvAE + IF,test-normal/normal_id_00_00000092.wav,00,0,-0.04656478810405447,-0.07641044890008392,1,False
Protocol 2 ConvAE + IF,test-normal/normal_id_06_00000082.wav,06,0,-0.09867314194540049,-0.07641044890008392,0,True
Protocol 2 ConvAE + IF,test-normal/normal_id_04_00000094.wav,04,0,-0.07484450691838967,-0.07641044890008392,1,False
Protocol 2 ConvAE + IF,test-normal/normal_id_04_00000063.wav,04,0,-0.047664469154165945,-0.07641044890008392,1,False
Protocol 2 ConvAE + IF,test-normal/normal_id_02_00000086.wav,02,0,-0.1291228115396716,-0.07641044890008392,0,True
Protocol 2 ConvAE + IF,test-normal/normal_id_00_00000007.wav,00,0,-0.06026793543385028,-0.07641044890008392,1,False
Protocol 2 ConvAE + IF,test-normal/normal_id_04_00000076.wav,04,0,-0.05761349884813153,-0.07641044890008392,1,False
Protocol 2 ConvAE + IF,test-normal/normal_id_06_00000035.wav,06,0,-0.1084276469083985,-0.07641044890008392,0,True
Protocol 2 ConvAE + IF,test-normal/normal_id_04_00000084.wav,04,0,-0.08376620200666049,-0.07641044890008392,0,True
Protocol 2 ConvAE + IF,test-normal/normal_id_00_00000060.wav,00,0,-0.06772871150088797,-0.07641044890008392,1,False
Protocol 2 ConvAE + IF,test-normal/normal_id_06_00000053.wav,06,0,-0.09829839214042531,-0.07641044890008392,0,True
Protocol 2 ConvAE + IF,test-normal/normal_id_04_00000033.wav,04,0,-0.07776331775454842,-0.07641044890008392,0,True
Protocol 2 ConvAE + IF,test-normal/normal_id_00_00000088.wav,00,0,-0.11916986449121282,-0.07641044890008392,0,True
Protocol 2 ConvAE + IF,test-normal/normal_id_06_00000040.wav,06,0,-0.0394848109543492,-0.07641044890008392,1,False
Protocol 2 ConvAE + IF,test-normal/normal_id_04_00000055.wav,04,0,-0.0523749599148097,-0.07641044890008392,1,False
Protocol 2 ConvAE + IF,test-normal/normal_id_06_00000043.wav,06,0,-0.04516881349122385,-0.07641044890008392,1,False
Protocol 2 ConvAE + IF,test-normal/normal_id_02_00000020.wav,02,0,-0.11498354297637094,-0.07641044890008392,0,True
Protocol 2 ConvAE + IF,test-normal/normal_id_06_00000061.wav,06,0,-0.031376368175436146,-0.07641044890008392,1,False
Protocol 2 ConvAE + IF,test-normal/normal_id_04_00000014.wav,04,0,-0.08823034807588909,-0.07641044890008392,0,True
Protocol 2 ConvAE + IF,test-normal/normal_id_00_00000037.wav,00,0,-0.08842326621639679,-0.07641044890008392,0,True
Protocol 2 ConvAE + IF,test-normal/normal_id_04_00000028.wav,04,0,-0.057080185567450856,-0.07641044890008392,1,False
Protocol 2 ConvAE + IF,test-normal/normal_id_02_00000062.wav,02,0,-0.07091675789131426,-0.07641044890008392,1,False
Protocol 2 ConvAE + IF,test-normal/normal_id_06_00000006.wav,06,0,-0.051765482788674544,-0.07641044890008392,1,False
Protocol 2 ConvAE + IF,test-normal/normal_id_04_00000080.wav,04,0,-0.014049900964590974,-0.07641044890008392,1,False
Protocol 2 ConvAE + IF,test-normal/normal_id_04_00000089.wav,04,0,-0.06466635158741049,-0.07641044890008392,1,False
Protocol 2 ConvAE + IF,test-normal/normal_id_04_00000082.wav,04,0,-0.09858631256773502,-0.07641044890008392,0,True
Protocol 2 ConvAE + IF,test-normal/normal_id_00_00000020.wav,00,0,-0.10469765963244287,-0.07641044890008392,0,True
Protocol 2 ConvAE + IF,test-normal/normal_id_02_00000059.wav,02,0,-0.10141079400978151,-0.07641044890008392,0,True
Protocol 2 ConvAE + IF,test-normal/normal_id_04_00000054.wav,04,0,-0.10150330171962918,-0.07641044890008392,0,True
Protocol 2 ConvAE + IF,test-normal/normal_id_02_00000051.wav,02,0,-0.12025351050475863,-0.07641044890008392,0,True
Protocol 2 ConvAE + IF,test-normal/normal_id_04_00000036.wav,04,0,-0.10512000089047298,-0.07641044890008392,0,True
Protocol 2 ConvAE + IF,test-normal/normal_id_02_00000061.wav,02,0,-0.1293373861460652,-0.07641044890008392,0,True
Protocol 2 ConvAE + IF,test-normal/normal_id_06_00000099.wav,06,0,-0.0061493041937131475,-0.07641044890008392,1,False
Protocol 2 ConvAE + IF,test-normal/normal_id_04_00000016.wav,04,0,-0.07308669291232296,-0.07641044890008392,1,False
Protocol 2 ConvAE + IF,test-normal/normal_id_04_00000007.wav,04,0,-0.055619916310869565,-0.07641044890008392,1,False
Protocol 2 ConvAE + IF,test-normal/normal_id_04_00000061.wav,04,0,-0.09974540816150862,-0.07641044890008392,0,True
Protocol 2 ConvAE + IF,test-normal/normal_id_02_00000073.wav,02,0,-0.1134957317404753,-0.07641044890008392,0,True
Protocol 2 ConvAE + IF,test-normal/normal_id_02_00000012.wav,02,0,-0.10341692518371341,-0.07641044890008392,0,True
Protocol 2 ConvAE + IF,test-normal/normal_id_00_00000018.wav,00,0,-0.08165856414625296,-0.07641044890008392,0,True
Protocol 2 ConvAE + IF,test-normal/normal_id_02_00000053.wav,02,0,-0.0727994857079666,-0.07641044890008392,1,False
Protocol 2 ConvAE + IF,test-normal/normal_id_00_00000011.wav,00,0,-0.03863441768591262,-0.07641044890008392,1,False
Protocol 2 ConvAE + IF,test-normal/normal_id_06_00000032.wav,06,0,-0.11331556913113222,-0.07641044890008392,0,True
Protocol 2 ConvAE + IF,test-normal/normal_id_06_00000023.wav,06,0,-0.029763607219508974,-0.07641044890008392,1,False
Protocol 2 ConvAE + IF,test-normal/normal_id_04_00000005.wav,04,0,-0.05654015575820548,-0.07641044890008392,1,False
Protocol 2 ConvAE + IF,test-normal/normal_id_00_00000079.wav,00,0,-0.054355955480586304,-0.07641044890008392,1,False
Protocol 2 ConvAE + IF,test-normal/normal_id_04_00000002.wav,04,0,-0.0339020623504653,-0.07641044890008392,1,False
Protocol 2 ConvAE + IF,test-normal/normal_id_04_00000059.wav,04,0,-0.047946767267322006,-0.07641044890008392,1,False
Protocol 2 ConvAE + IF,test-normal/normal_id_04_00000035.wav,04,0,-0.045942752191082764,-0.07641044890008392,1,False
Protocol 2 ConvAE + IF,test-normal/normal_id_06_00000042.wav,06,0,-0.0652192697277061,-0.07641044890008392,1,False
Protocol 2 ConvAE + IF,test-normal/normal_id_00_00000066.wav,00,0,-0.0229184912414722,-0.07641044890008392,1,False
Protocol 2 ConvAE + IF,test-normal/normal_id_00_00000009.wav,00,0,-0.10006281178996855,-0.07641044890008392,0,True
Protocol 2 ConvAE + IF,test-normal/normal_id_00_00000059.wav,00,0,-0.12526907527020398,-0.07641044890008392,0,True
Protocol 2 ConvAE + IF,test-normal/normal_id_06_00000034.wav,06,0,-0.08611779473113547,-0.07641044890008392,0,True
Protocol 2 ConvAE + IF,test-normal/normal_id_00_00000004.wav,00,0,-0.09874612403514253,-0.07641044890008392,0,True
Protocol 2 ConvAE + IF,test-normal/normal_id_00_00000094.wav,00,0,-0.08425088076631002,-0.07641044890008392,0,True
Protocol 2 ConvAE + IF,test-normal/normal_id_00_00000048.wav,00,0,-0.11663987832722324,-0.07641044890008392,0,True
Protocol 2 ConvAE + IF,test-normal/normal_id_00_00000093.wav,00,0,-0.07390207420024433,-0.07641044890008392,1,False
Protocol 2 ConvAE + IF,test-normal/normal_id_04_00000051.wav,04,0,-0.056433320335753705,-0.07641044890008392,1,False
Protocol 2 ConvAE + IF,test-normal/normal_id_04_00000073.wav,04,0,-0.10473468014430382,-0.07641044890008392,0,True
Protocol 2 ConvAE + IF,test-normal/normal_id_00_00000032.wav,00,0,-0.05858708833118352,-0.07641044890008392,1,False
Protocol 2 ConvAE + IF,test-normal/normal_id_02_00000055.wav,02,0,-0.07132775532792072,-0.07641044890008392,1,False
Protocol 2 ConvAE + IF,test-normal/normal_id_02_00000028.wav,02,0,-0.11639706172484858,-0.07641044890008392,0,True
Protocol 2 ConvAE + IF,test-normal/normal_id_02_00000021.wav,02,0,-0.05387091095883107,-0.07641044890008392,1,False
Protocol 2 ConvAE + IF,test-normal/normal_id_04_00000027.wav,04,0,-0.055990078720768395,-0.07641044890008392,1,False
Protocol 2 ConvAE + IF,test-normal/normal_id_02_00000030.wav,02,0,-0.05723131123739786,-0.07641044890008392,1,False
Protocol 2 ConvAE + IF,test-normal/normal_id_00_00000081.wav,00,0,-0.0629913890608421,-0.07641044890008392,1,False
Protocol 2 ConvAE + IF,test-normal/normal_id_00_00000052.wav,00,0,-0.05671745720523017,-0.07641044890008392,1,False
Protocol 2 ConvAE + IF,test-normal/normal_id_06_00000028.wav,06,0,-0.08361978621306282,-0.07641044890008392,0,True
Protocol 2 ConvAE + IF,test-normal/normal_id_00_00000028.wav,00,0,-0.05775422923726988,-0.07641044890008392,1,False
Protocol 2 ConvAE + IF,test-normal/normal_id_06_00000052.wav,06,0,-0.028526293592259125,-0.07641044890008392,1,False
Protocol 2 ConvAE + IF,test-normal/normal_id_04_00000009.wav,04,0,-0.11367429846247123,-0.07641044890008392,0,True
Protocol 2 ConvAE + IF,test-normal/normal_id_02_00000006.wav,02,0,-0.12517739471300168,-0.07641044890008392,0,True
Protocol 2 ConvAE + IF,test-normal/normal_id_06_00000037.wav,06,0,-0.03889347820437409,-0.07641044890008392,1,False
Protocol 2 ConvAE + IF,test-normal/normal_id_06_00000094.wav,06,0,-0.08972160936473705,-0.07641044890008392,0,True
Protocol 2 ConvAE + IF,test-normal/normal_id_00_00000021.wav,00,0,-0.06200435424140464,-0.07641044890008392,1,False
Protocol 2 ConvAE + IF,test-normal/normal_id_04_00000018.wav,04,0,-0.09347163937481058,-0.07641044890008392,0,True
Protocol 2 ConvAE + IF,test-normal/normal_id_06_00000050.wav,06,0,-0.03213575030734785,-0.07641044890008392,1,False
Protocol 2 ConvAE + IF,test-normal/normal_id_04_00000066.wav,04,0,-0.036834685023316105,-0.07641044890008392,1,False
Protocol 2 ConvAE + IF,test-normal/normal_id_06_00000086.wav,06,0,-0.04992354624499609,-0.07641044890008392,1,False
Protocol 2 ConvAE + IF,test-normal/normal_id_06_00000067.wav,06,0,-0.09672538334564013,-0.07641044890008392,0,True
Protocol 2 ConvAE + IF,test-normal/normal_id_00_00000039.wav,00,0,-0.07849081044583829,-0.07641044890008392,0,True
Protocol 2 ConvAE + IF,test-normal/normal_id_02_00000088.wav,02,0,-0.03589401022661829,-0.07641044890008392,1,False
Protocol 2 ConvAE + IF,test-normal/normal_id_00_00000013.wav,00,0,-0.11779819109100914,-0.07641044890008392,0,True
Protocol 2 ConvAE + IF,test-normal/normal_id_02_00000089.wav,02,0,-0.12396106340308946,-0.07641044890008392,0,True
Protocol 2 ConvAE + IF,test-normal/normal_id_06_00000008.wav,06,0,-0.1004330091491658,-0.07641044890008392,0,True
Protocol 2 ConvAE + IF,test-normal/normal_id_04_00000020.wav,04,0,-0.10525820812285525,-0.07641044890008392,0,True
Protocol 2 ConvAE + IF,test-normal/normal_id_00_00000005.wav,00,0,-0.09961177918480679,-0.07641044890008392,0,True
Protocol 2 ConvAE + IF,test-normal/normal_id_00_00000085.wav,00,0,-0.029181787213753158,-0.07641044890008392,1,False
Protocol 2 ConvAE + IF,test-normal/normal_id_06_00000015.wav,06,0,-0.045258120104922715,-0.07641044890008392,1,False
Protocol 2 ConvAE + IF,test-normal/normal_id_04_00000078.wav,04,0,0.01197694843859719,-0.07641044890008392,1,False
Protocol 2 ConvAE + IF,test-normal/normal_id_00_00000078.wav,00,0,-0.10624456789912623,-0.07641044890008392,0,True
Protocol 2 ConvAE + IF,test-normal/normal_id_02_00000014.wav,02,0,-0.09870658357310733,-0.07641044890008392,0,True
Protocol 2 ConvAE + IF,test-normal/normal_id_02_00000070.wav,02,0,-0.09110837679213228,-0.07641044890008392,0,True
Protocol 2 ConvAE + IF,test-normal/normal_id_02_00000023.wav,02,0,-0.0440921957527953,-0.07641044890008392,1,False
Protocol 2 ConvAE + IF,test-normal/normal_id_06_00000001.wav,06,0,-0.03975593881173717,-0.07641044890008392,1,False
Protocol 2 ConvAE + IF,test-normal/normal_id_02_00000003.wav,02,0,-0.10476670682851465,-0.07641044890008392,0,True
Protocol 2 ConvAE + IF,test-normal/normal_id_00_00000090.wav,00,0,-0.08248688685717055,-0.07641044890008392,0,True
Protocol 2 ConvAE + IF,test-normal/normal_id_02_00000099.wav,02,0,-0.06085963727477915,-0.07641044890008392,1,False
Protocol 2 ConvAE + IF,test-normal/normal_id_04_00000074.wav,04,0,-0.07438393481965624,-0.07641044890008392,1,False
Protocol 2 ConvAE + IF,test-normal/normal_id_06_00000077.wav,06,0,-0.10751821004219629,-0.07641044890008392,0,True
Protocol 2 ConvAE + IF,test-normal/normal_id_04_00000006.wav,04,0,-0.06606961159104256,-0.07641044890008392,1,False
Protocol 2 ConvAE + IF,test-normal/normal_id_00_00000087.wav,00,0,-0.05514036865918068,-0.07641044890008392,1,False
Protocol 2 ConvAE + IF,test-normal/normal_id_04_00000021.wav,04,0,-0.05124400748879208,-0.07641044890008392,1,False
Protocol 2 ConvAE + IF,test-normal/normal_id_02_00000042.wav,02,0,-0.12881474329176726,-0.07641044890008392,0,True
Protocol 2 ConvAE + IF,test-normal/normal_id_02_00000011.wav,02,0,-0.07528509773336539,-0.07641044890008392,1,False
Protocol 2 ConvAE + IF,test-normal/normal_id_06_00000090.wav,06,0,-0.0636262998566755,-0.07641044890008392,1,False
Protocol 2 ConvAE + IF,test-normal/normal_id_04_00000077.wav,04,0,-0.05620057845548727,-0.07641044890008392,1,False
Protocol 2 ConvAE + IF,test-normal/normal_id_06_00000064.wav,06,0,-0.10054702650959155,-0.07641044890008392,0,True
Protocol 2 ConvAE + IF,test-normal/normal_id_02_00000087.wav,02,0,-0.05271214745246657,-0.07641044890008392,1,False
Protocol 2 ConvAE + IF,test-normal/normal_id_00_00000065.wav,00,0,-0.06285196941110716,-0.07641044890008392,1,False
Protocol 2 ConvAE + IF,test-normal/normal_id_06_00000079.wav,06,0,-0.07165155705830831,-0.07641044890008392,1,False
Protocol 2 ConvAE + IF,test-normal/normal_id_00_00000099.wav,00,0,-0.04690352223499538,-0.07641044890008392,1,False
Protocol 2 ConvAE + IF,test-normal/normal_id_00_00000071.wav,00,0,-0.05607061213708507,-0.07641044890008392,1,False
Protocol 2 ConvAE + IF,test-normal/normal_id_06_00000059.wav,06,0,-0.06823101024965023,-0.07641044890008392,1,False
Protocol 2 ConvAE + IF,test-normal/normal_id_00_00000069.wav,00,0,-0.009634809619719575,-0.07641044890008392,1,False
Protocol 2 ConvAE + IF,test-normal/normal_id_06_00000024.wav,06,0,-0.11375882264253272,-0.07641044890008392,0,True
Protocol 2 ConvAE + IF,test-normal/normal_id_02_00000025.wav,02,0,-0.10707288771228603,-0.07641044890008392,0,True
Protocol 2 ConvAE + IF,test-normal/normal_id_02_00000077.wav,02,0,-0.06134837732673362,-0.07641044890008392,1,False
Protocol 2 ConvAE + IF,test-normal/normal_id_04_00000024.wav,04,0,-0.06269257732133891,-0.07641044890008392,1,False
Protocol 2 ConvAE + IF,test-normal/normal_id_06_00000087.wav,06,0,-0.04813735925814147,-0.07641044890008392,1,False
Protocol 2 ConvAE + IF,test-normal/normal_id_02_00000017.wav,02,0,-0.09056945332796643,-0.07641044890008392,0,True
Protocol 2 ConvAE + IF,test-normal/normal_id_00_00000074.wav,00,0,-0.10778018577645487,-0.07641044890008392,0,True
Protocol 2 ConvAE + IF,test-normal/normal_id_00_00000010.wav,00,0,-0.04153240653795116,-0.07641044890008392,1,False
Protocol 2 ConvAE + IF,test-normal/normal_id_02_00000016.wav,02,0,-0.11326300972973999,-0.07641044890008392,0,True
Protocol 2 ConvAE + IF,test-normal/normal_id_06_00000041.wav,06,0,-0.07372133708869788,-0.07641044890008392,1,False
Protocol 2 ConvAE + IF,test-normal/normal_id_02_00000057.wav,02,0,-0.030669544464827406,-0.07641044890008392,1,False
Protocol 2 ConvAE + IF,test-normal/normal_id_00_00000063.wav,00,0,-0.07190717434572318,-0.07641044890008392,1,False
Protocol 2 ConvAE + IF,test-normal/normal_id_04_00000023.wav,04,0,-0.06805442544897101,-0.07641044890008392,1,False
Protocol 2 ConvAE + IF,test-normal/normal_id_00_00000001.wav,00,0,-0.08989576941435747,-0.07641044890008392,0,True
Protocol 2 ConvAE + IF,test-normal/normal_id_00_00000042.wav,00,0,-0.0691814858472864,-0.07641044890008392,1,False
Protocol 2 ConvAE + IF,test-normal/normal_id_02_00000022.wav,02,0,-0.06338452284337336,-0.07641044890008392,1,False
Protocol 2 ConvAE + IF,test-normal/normal_id_00_00000017.wav,00,0,-0.10504776166122926,-0.07641044890008392,0,True
Protocol 2 ConvAE + IF,test-normal/normal_id_02_00000067.wav,02,0,-0.07807453625339249,-0.07641044890008392,0,True
Protocol 2 ConvAE + IF,test-normal/normal_id_04_00000097.wav,04,0,-0.07646554285007601,-0.07641044890008392,0,True
Protocol 2 ConvAE + IF,test-normal/normal_id_06_00000009.wav,06,0,-0.05171326062359136,-0.07641044890008392,1,False
Protocol 2 ConvAE + IF,test-normal/normal_id_00_00000076.wav,00,0,-0.10960348932714428,-0.07641044890008392,0,True
Protocol 2 ConvAE + IF,test-normal/normal_id_06_00000013.wav,06,0,-0.02749062105851709,-0.07641044890008392,1,False
Protocol 2 ConvAE + IF,test-normal/normal_id_04_00000096.wav,04,0,-0.00570346477402441,-0.07641044890008392,1,False
Protocol 2 ConvAE + IF,test-normal/normal_id_04_00000008.wav,04,0,-0.0019009949072599291,-0.07641044890008392,1,False
Protocol 2 ConvAE + IF,test-normal/normal_id_06_00000025.wav,06,0,-0.08423288813325894,-0.07641044890008392,0,True
Protocol 2 ConvAE + IF,test-normal/normal_id_00_00000031.wav,00,0,-0.11837770842057031,-0.07641044890008392,0,True
Protocol 2 ConvAE + IF,test-normal/normal_id_02_00000029.wav,02,0,-0.05512068664391434,-0.07641044890008392,1,False
Protocol 2 ConvAE + IF,test-normal/normal_id_06_00000051.wav,06,0,-0.11864143804121251,-0.07641044890008392,0,True
Protocol 2 ConvAE + IF,test-normal/normal_id_02_00000005.wav,02,0,-0.09640559661996403,-0.07641044890008392,0,True
Protocol 2 ConvAE + IF,test-normal/normal_id_04_00000090.wav,04,0,-0.08887360111689173,-0.07641044890008392,0,True
Protocol 2 ConvAE + IF,test-normal/normal_id_04_00000067.wav,04,0,-0.10187234799470635,-0.07641044890008392,0,True
Protocol 2 ConvAE + IF,test-normal/normal_id_04_00000012.wav,04,0,-0.09925234992116679,-0.07641044890008392,0,True
Protocol 2 ConvAE + IF,test-normal/normal_id_00_00000043.wav,00,0,-0.1188644223119978,-0.07641044890008392,0,True
Protocol 2 ConvAE + IF,test-normal/normal_id_06_00000073.wav,06,0,-0.029174739599066506,-0.07641044890008392,1,False
Protocol 2 ConvAE + IF,test-normal/normal_id_02_00000060.wav,02,0,-0.1253310099584343,-0.07641044890008392,0,True
Protocol 2 ConvAE + IF,test-normal/normal_id_06_00000017.wav,06,0,-0.037464627810066084,-0.07641044890008392,1,False
Protocol 2 ConvAE + IF,test-normal/normal_id_00_00000057.wav,00,0,-0.0688996969201671,-0.07641044890008392,1,False
Protocol 2 ConvAE + IF,test-normal/normal_id_04_00000079.wav,04,0,-0.05475500160960267,-0.07641044890008392,1,False
Protocol 2 ConvAE + IF,test-normal/normal_id_00_00000023.wav,00,0,-0.025375211957719197,-0.07641044890008392,1,False
Protocol 2 ConvAE + IF,test-normal/normal_id_04_00000072.wav,04,0,-0.024151313436112414,-0.07641044890008392,1,False
Protocol 2 ConvAE + IF,test-normal/normal_id_00_00000015.wav,00,0,-0.03925606898317069,-0.07641044890008392,1,False
Protocol 2 ConvAE + IF,test-normal/normal_id_06_00000016.wav,06,0,-0.11343841198709564,-0.07641044890008392,0,True
Protocol 2 ConvAE + IF,test-normal/normal_id_02_00000009.wav,02,0,-0.056151242032166024,-0.07641044890008392,1,False
Protocol 2 ConvAE + IF,test-normal/normal_id_02_00000037.wav,02,0,-0.12426230971199849,-0.07641044890008392,0,True
Protocol 2 ConvAE + IF,test-normal/normal_id_02_00000090.wav,02,0,-0.1043228103301798,-0.07641044890008392,0,True
Protocol 2 ConvAE + IF,test-normal/normal_id_04_00000087.wav,04,0,-0.07558195061818448,-0.07641044890008392,1,False
Protocol 2 ConvAE + IF,test-normal/normal_id_00_00000016.wav,00,0,-0.036338467870296744,-0.07641044890008392,1,False
Protocol 2 ConvAE + IF,test-normal/normal_id_06_00000000.wav,06,0,-0.06912757819445275,-0.07641044890008392,1,False
Protocol 2 ConvAE + IF,test-normal/normal_id_04_00000040.wav,04,0,-0.08185933929845042,-0.07641044890008392,0,True
Protocol 2 ConvAE + IF,test-normal/normal_id_02_00000010.wav,02,0,-0.1256511590653916,-0.07641044890008392,0,True
Protocol 2 ConvAE + IF,test-normal/normal_id_02_00000095.wav,02,0,-0.10480388654056662,-0.07641044890008392,0,True
Protocol 2 ConvAE + IF,test-normal/normal_id_00_00000034.wav,00,0,-0.1102969392682903,-0.07641044890008392,0,True
Protocol 2 ConvAE + IF,test-normal/normal_id_04_00000086.wav,04,0,-0.04694820074042755,-0.07641044890008392,1,False
Protocol 2 ConvAE + IF,test-normal/normal_id_06_00000014.wav,06,0,-0.06592455439886681,-0.07641044890008392,1,False
Protocol 2 ConvAE + IF,test-normal/normal_id_00_00000035.wav,00,0,-0.0569821658194348,-0.07641044890008392,1,False
Protocol 2 ConvAE + IF,test-normal/normal_id_06_00000033.wav,06,0,-0.06219778937796293,-0.07641044890008392,1,False
Protocol 2 ConvAE + IF,test-normal/normal_id_02_00000082.wav,02,0,-0.056489472853467206,-0.07641044890008392,1,False
Protocol 2 ConvAE + IF,test-normal/normal_id_00_00000049.wav,00,0,-0.04426881473168985,-0.07641044890008392,1,False
Protocol 2 ConvAE + IF,test-normal/normal_id_00_00000006.wav,00,0,-0.06041992662068693,-0.07641044890008392,1,False
Protocol 2 ConvAE + IF,test-normal/normal_id_02_00000002.wav,02,0,-0.07580435107718601,-0.07641044890008392,1,False
Protocol 2 ConvAE + IF,test-normal/normal_id_02_00000075.wav,02,0,-0.11225933353796945,-0.07641044890008392,0,True
Protocol 2 ConvAE + IF,test-normal/normal_id_02_00000039.wav,02,0,-0.10448525636383622,-0.07641044890008392,0,True
Protocol 2 ConvAE + IF,test-normal/normal_id_06_00000085.wav,06,0,-0.06772764780653519,-0.07641044890008392,1,False
Protocol 2 ConvAE + IF,test-normal/normal_id_00_00000041.wav,00,0,-0.11518715263242704,-0.07641044890008392,0,True
Protocol 2 ConvAE + IF,test-normal/normal_id_06_00000066.wav,06,0,-0.06692975919951293,-0.07641044890008392,1,False
Protocol 2 ConvAE + IF,test-normal/normal_id_00_00000022.wav,00,0,0.020938329325731822,-0.07641044890008392,1,False
Protocol 2 ConvAE + IF,test-normal/normal_id_04_00000075.wav,04,0,-0.09113106075048664,-0.07641044890008392,0,True
Protocol 2 ConvAE + IF,test-normal/normal_id_02_00000063.wav,02,0,-0.05191671793369642,-0.07641044890008392,1,False
Protocol 2 ConvAE + IF,test-normal/normal_id_06_00000020.wav,06,0,-0.057228406250714486,-0.07641044890008392,1,False
Protocol 2 ConvAE + IF,test-normal/normal_id_06_00000003.wav,06,0,-0.028412722276504224,-0.07641044890008392,1,False
Protocol 2 ConvAE + IF,test-normal/normal_id_02_00000013.wav,02,0,-0.04337548207230273,-0.07641044890008392,1,False
Protocol 2 ConvAE + IF,test-normal/normal_id_04_00000037.wav,04,0,-0.04984767371075303,-0.07641044890008392,1,False
Protocol 2 ConvAE + IF,test-normal/normal_id_00_00000014.wav,00,0,-0.11938382612362536,-0.07641044890008392,0,True
Protocol 2 ConvAE + IF,test-normal/normal_id_02_00000041.wav,02,0,-0.039853529901143235,-0.07641044890008392,1,False
Protocol 2 ConvAE + IF,test-normal/normal_id_02_00000094.wav,02,0,-0.0570534706571717,-0.07641044890008392,1,False
Protocol 2 ConvAE + IF,test-normal/normal_id_00_00000036.wav,00,0,-0.05102862635151968,-0.07641044890008392,1,False
Protocol 2 ConvAE + IF,test-normal/normal_id_00_00000097.wav,00,0,-0.10860435210997768,-0.07641044890008392,0,True
Protocol 2 ConvAE + IF,test-normal/normal_id_02_00000036.wav,02,0,-0.11328022178027876,-0.07641044890008392,0,True
Protocol 2 ConvAE + IF,anomaly/anomaly_id_02_00000089.wav,02,1,-0.005715489801665332,-0.07641044890008392,1,True
Protocol 2 ConvAE + IF,anomaly/anomaly_id_04_00000073.wav,04,1,-0.05261586654131628,-0.07641044890008392,1,True
Protocol 2 ConvAE + IF,anomaly/anomaly_id_06_00000051.wav,06,1,-0.0484225322022205,-0.07641044890008392,1,True
Protocol 2 ConvAE + IF,anomaly/anomaly_id_04_00000035.wav,04,1,-0.1002733851545543,-0.07641044890008392,0,False
Protocol 2 ConvAE + IF,anomaly/anomaly_id_04_00000001.wav,04,1,-0.0831700289102187,-0.07641044890008392,0,False
Protocol 2 ConvAE + IF,anomaly/anomaly_id_04_00000011.wav,04,1,-0.04936550589265896,-0.07641044890008392,1,True
Protocol 2 ConvAE + IF,anomaly/anomaly_id_04_00000080.wav,04,1,-0.09232354421936373,-0.07641044890008392,0,False
Protocol 2 ConvAE + IF,anomaly/anomaly_id_06_00000036.wav,06,1,-0.07890074908463147,-0.07641044890008392,0,False
Protocol 2 ConvAE + IF,anomaly/anomaly_id_00_00000024.wav,00,1,-0.034690547586618395,-0.07641044890008392,1,True
Protocol 2 ConvAE + IF,anomaly/anomaly_id_04_00000098.wav,04,1,-0.013025236444484951,-0.07641044890008392,1,True
Protocol 2 ConvAE + IF,anomaly/anomaly_id_04_00000058.wav,04,1,-0.028901091921338815,-0.07641044890008392,1,True
Protocol 2 ConvAE + IF,anomaly/anomaly_id_02_00000091.wav,02,1,-0.049920523188828336,-0.07641044890008392,1,True
Protocol 2 ConvAE + IF,anomaly/anomaly_id_04_00000037.wav,04,1,-0.09451571192130907,-0.07641044890008392,0,False
Protocol 2 ConvAE + IF,anomaly/anomaly_id_04_00000070.wav,04,1,-0.015012929776243177,-0.07641044890008392,1,True
Protocol 2 ConvAE + IF,anomaly/anomaly_id_00_00000068.wav,00,1,0.020879836606632826,-0.07641044890008392,1,True
Protocol 2 ConvAE + IF,anomaly/anomaly_id_00_00000056.wav,00,1,-0.12325483676943715,-0.07641044890008392,0,False
Protocol 2 ConvAE + IF,anomaly/anomaly_id_02_00000087.wav,02,1,-0.042019534885831926,-0.07641044890008392,1,True
Protocol 2 ConvAE + IF,anomaly/anomaly_id_00_00000019.wav,00,1,-0.04227734225799665,-0.07641044890008392,1,True
Protocol 2 ConvAE + IF,anomaly/anomaly_id_02_00000021.wav,02,1,-0.04871916509899851,-0.07641044890008392,1,True
Protocol 2 ConvAE + IF,anomaly/anomaly_id_02_00000095.wav,02,1,-0.1277562480545002,-0.07641044890008392,0,False
Protocol 2 ConvAE + IF,anomaly/anomaly_id_06_00000088.wav,06,1,-0.04475755076149435,-0.07641044890008392,1,True
Protocol 2 ConvAE + IF,anomaly/anomaly_id_02_00000070.wav,02,1,-0.048927334298353095,-0.07641044890008392,1,True
Protocol 2 ConvAE + IF,anomaly/anomaly_id_00_00000060.wav,00,1,-0.030891297194916307,-0.07641044890008392,1,True
Protocol 2 ConvAE + IF,anomaly/anomaly_id_06_00000026.wav,06,1,-0.094355907410615,-0.07641044890008392,0,False
Protocol 2 ConvAE + IF,anomaly/anomaly_id_00_00000073.wav,00,1,-0.09690930529037066,-0.07641044890008392,0,False
Protocol 2 ConvAE + IF,anomaly/anomaly_id_02_00000090.wav,02,1,-0.10098967106101711,-0.07641044890008392,0,False
Protocol 2 ConvAE + IF,anomaly/anomaly_id_00_00000003.wav,00,1,-0.03644193590598131,-0.07641044890008392,1,True
Protocol 2 ConvAE + IF,anomaly/anomaly_id_04_00000053.wav,04,1,-0.03130291112176868,-0.07641044890008392,1,True
Protocol 2 ConvAE + IF,anomaly/anomaly_id_06_00000067.wav,06,1,-0.10271343061786675,-0.07641044890008392,0,False
Protocol 2 ConvAE + IF,anomaly/anomaly_id_06_00000013.wav,06,1,-0.10566227906444012,-0.07641044890008392,0,False
Protocol 2 ConvAE + IF,anomaly/anomaly_id_06_00000028.wav,06,1,-0.06760692622051313,-0.07641044890008392,1,True
Protocol 2 ConvAE + IF,anomaly/anomaly_id_04_00000005.wav,04,1,-0.029365751164208462,-0.07641044890008392,1,True
Protocol 2 ConvAE + IF,anomaly/anomaly_id_02_00000035.wav,02,1,-0.04735197638098711,-0.07641044890008392,1,True
Protocol 2 ConvAE + IF,anomaly/anomaly_id_04_00000086.wav,04,1,-0.03236193642065953,-0.07641044890008392,1,True
Protocol 2 ConvAE + IF,anomaly/anomaly_id_00_00000118.wav,00,1,-0.06321613526663253,-0.07641044890008392,1,True
Protocol 2 ConvAE + IF,anomaly/anomaly_id_02_00000106.wav,02,1,-0.0472678550576489,-0.07641044890008392,1,True
Protocol 2 ConvAE + IF,anomaly/anomaly_id_04_00000029.wav,04,1,-0.10640647772084263,-0.07641044890008392,0,False
Protocol 2 ConvAE + IF,anomaly/anomaly_id_00_00000047.wav,00,1,-0.0022779010521434273,-0.07641044890008392,1,True
Protocol 2 ConvAE + IF,anomaly/anomaly_id_02_00000092.wav,02,1,-0.03976091814198676,-0.07641044890008392,1,True
Protocol 2 ConvAE + IF,anomaly/anomaly_id_00_00000127.wav,00,1,-0.0837285758836104,-0.07641044890008392,0,False
Protocol 2 ConvAE + IF,anomaly/anomaly_id_02_00000003.wav,02,1,-0.06286642959137906,-0.07641044890008392,1,True
Protocol 2 ConvAE + IF,anomaly/anomaly_id_06_00000071.wav,06,1,-0.09911323227573066,-0.07641044890008392,0,False
Protocol 2 ConvAE + IF,anomaly/anomaly_id_00_00000027.wav,00,1,-0.05710630494945498,-0.07641044890008392,1,True
Protocol 2 ConvAE + IF,anomaly/anomaly_id_06_00000010.wav,06,1,-0.040484688506544436,-0.07641044890008392,1,True
Protocol 2 ConvAE + IF,anomaly/anomaly_id_00_00000062.wav,00,1,-0.06668709951664588,-0.07641044890008392,1,True
Protocol 2 ConvAE + IF,anomaly/anomaly_id_06_00000027.wav,06,1,-0.10687916158070679,-0.07641044890008392,0,False
Protocol 2 ConvAE + IF,anomaly/anomaly_id_06_00000098.wav,06,1,-0.10750052095103851,-0.07641044890008392,0,False
Protocol 2 ConvAE + IF,anomaly/anomaly_id_04_00000096.wav,04,1,0.00882754139776394,-0.07641044890008392,1,True
Protocol 2 ConvAE + IF,anomaly/anomaly_id_04_00000064.wav,04,1,-0.038368451352698056,-0.07641044890008392,1,True
Protocol 2 ConvAE + IF,anomaly/anomaly_id_02_00000110.wav,02,1,-0.05461432974594346,-0.07641044890008392,1,True
Protocol 2 ConvAE + IF,anomaly/anomaly_id_04_00000000.wav,04,1,-0.015598389893656238,-0.07641044890008392,1,True
Protocol 2 ConvAE + IF,anomaly/anomaly_id_06_00000060.wav,06,1,-0.01731278019883596,-0.07641044890008392,1,True
Protocol 2 ConvAE + IF,anomaly/anomaly_id_02_00000000.wav,02,1,0.0014219848031368837,-0.07641044890008392,1,True
Protocol 2 ConvAE + IF,anomaly/anomaly_id_02_00000057.wav,02,1,-0.02262560686097935,-0.07641044890008392,1,True
Protocol 2 ConvAE + IF,anomaly/anomaly_id_04_00000026.wav,04,1,-0.10226188336450508,-0.07641044890008392,0,False
Protocol 2 ConvAE + IF,anomaly/anomaly_id_00_00000038.wav,00,1,-0.044188254225142345,-0.07641044890008392,1,True
Protocol 2 ConvAE + IF,anomaly/anomaly_id_06_00000023.wav,06,1,-0.052078035204496706,-0.07641044890008392,1,True
Protocol 2 ConvAE + IF,anomaly/anomaly_id_00_00000029.wav,00,1,-0.06597057281418002,-0.07641044890008392,1,True
Protocol 2 ConvAE + IF,anomaly/anomaly_id_00_00000089.wav,00,1,-0.09974453735665431,-0.07641044890008392,0,False
Protocol 2 ConvAE + IF,anomaly/anomaly_id_02_00000093.wav,02,1,-0.040919577659477485,-0.07641044890008392,1,True
Protocol 2 ConvAE + IF,anomaly/anomaly_id_00_00000098.wav,00,1,-0.006587967045803851,-0.07641044890008392,1,True
Protocol 2 ConvAE + IF,anomaly/anomaly_id_00_00000119.wav,00,1,-0.03466055883692185,-0.07641044890008392,1,True
Protocol 2 ConvAE + IF,anomaly/anomaly_id_02_00000005.wav,02,1,-0.10393311887055406,-0.07641044890008392,0,False
Protocol 2 ConvAE + IF,anomaly/anomaly_id_02_00000053.wav,02,1,-0.032179091820908154,-0.07641044890008392,1,True
Protocol 2 ConvAE + IF,anomaly/anomaly_id_04_00000093.wav,04,1,0.013410975512606319,-0.07641044890008392,1,True
Protocol 2 ConvAE + IF,anomaly/anomaly_id_04_00000038.wav,04,1,-0.05929131706375309,-0.07641044890008392,1,True
Protocol 2 ConvAE + IF,anomaly/anomaly_id_00_00000134.wav,00,1,-0.05596046372527567,-0.07641044890008392,1,True
Protocol 2 ConvAE + IF,anomaly/anomaly_id_02_00000068.wav,02,1,-0.010459878879996701,-0.07641044890008392,1,True
Protocol 2 ConvAE + IF,anomaly/anomaly_id_00_00000012.wav,00,1,-0.044508859466927515,-0.07641044890008392,1,True
Protocol 2 ConvAE + IF,anomaly/anomaly_id_02_00000082.wav,02,1,-0.02761850662063635,-0.07641044890008392,1,True
Protocol 2 ConvAE + IF,anomaly/anomaly_id_00_00000067.wav,00,1,-0.09160157104447521,-0.07641044890008392,0,False
Protocol 2 ConvAE + IF,anomaly/anomaly_id_00_00000108.wav,00,1,-0.05143765196378422,-0.07641044890008392,1,True
Protocol 2 ConvAE + IF,anomaly/anomaly_id_00_00000084.wav,00,1,-0.06287151741761615,-0.07641044890008392,1,True
Protocol 2 ConvAE + IF,anomaly/anomaly_id_04_00000094.wav,04,1,-0.03647569323921372,-0.07641044890008392,1,True
Protocol 2 ConvAE + IF,anomaly/anomaly_id_02_00000058.wav,02,1,-0.012358453081642566,-0.07641044890008392,1,True
Protocol 2 ConvAE + IF,anomaly/anomaly_id_06_00000019.wav,06,1,-0.09749603690420122,-0.07641044890008392,0,False
Protocol 2 ConvAE + IF,anomaly/anomaly_id_06_00000093.wav,06,1,-0.11052833061448841,-0.07641044890008392,0,False
Protocol 2 ConvAE + IF,anomaly/anomaly_id_00_00000030.wav,00,1,0.003279331571859772,-0.07641044890008392,1,True
Protocol 2 ConvAE + IF,anomaly/anomaly_id_00_00000007.wav,00,1,-0.07983078882997055,-0.07641044890008392,0,False
Protocol 2 ConvAE + IF,anomaly/anomaly_id_06_00000022.wav,06,1,-0.0580420142359204,-0.07641044890008392,1,True
Protocol 2 ConvAE + IF,anomaly/anomaly_id_06_00000091.wav,06,1,-0.1123040384515126,-0.07641044890008392,0,False
Protocol 2 ConvAE + IF,anomaly/anomaly_id_02_00000102.wav,02,1,-0.057239165496576434,-0.07641044890008392,1,True
Protocol 2 ConvAE + IF,anomaly/anomaly_id_00_00000025.wav,00,1,-0.10527139584438117,-0.07641044890008392,0,False
Protocol 2 ConvAE + IF,anomaly/anomaly_id_00_00000092.wav,00,1,-0.13203913243904963,-0.07641044890008392,0,False
Protocol 2 ConvAE + IF,anomaly/anomaly_id_04_00000050.wav,04,1,-0.05027663666616825,-0.07641044890008392,1,True
Protocol 2 ConvAE + IF,anomaly/anomaly_id_06_00000080.wav,06,1,-0.10554309441663684,-0.07641044890008392,0,False
Protocol 2 ConvAE + IF,anomaly/anomaly_id_06_00000087.wav,06,1,-0.04859886273046368,-0.07641044890008392,1,True
Protocol 2 ConvAE + IF,anomaly/anomaly_id_06_00000094.wav,06,1,-0.08828207529965305,-0.07641044890008392,0,False
Protocol 2 ConvAE + IF,anomaly/anomaly_id_04_00000019.wav,04,1,-0.038618540028212786,-0.07641044890008392,1,True
Protocol 2 ConvAE + IF,anomaly/anomaly_id_02_00000104.wav,02,1,-0.029131575518487465,-0.07641044890008392,1,True
Protocol 2 ConvAE + IF,anomaly/anomaly_id_00_00000040.wav,00,1,-0.035961452114221276,-0.07641044890008392,1,True
Protocol 2 ConvAE + IF,anomaly/anomaly_id_06_00000015.wav,06,1,-0.04747966816890084,-0.07641044890008392,1,True
Protocol 2 ConvAE + IF,anomaly/anomaly_id_02_00000013.wav,02,1,-0.09805995186082835,-0.07641044890008392,0,False
Protocol 2 ConvAE + IF,anomaly/anomaly_id_06_00000075.wav,06,1,-0.10636377465895652,-0.07641044890008392,0,False
Protocol 2 ConvAE + IF,anomaly/anomaly_id_02_00000038.wav,02,1,-0.08685597061655176,-0.07641044890008392,0,False
Protocol 2 ConvAE + IF,anomaly/anomaly_id_04_00000074.wav,04,1,0.015195110826551055,-0.07641044890008392,1,True
Protocol 2 ConvAE + IF,anomaly/anomaly_id_00_00000104.wav,00,1,-0.05772380153913586,-0.07641044890008392,1,True
Protocol 2 ConvAE + IF,anomaly/anomaly_id_00_00000075.wav,00,1,-0.0700743080942014,-0.07641044890008392,1,True
Protocol 2 ConvAE + IF,anomaly/anomaly_id_04_00000069.wav,04,1,-0.07708948983871612,-0.07641044890008392,0,False
Protocol 2 ConvAE + IF,anomaly/anomaly_id_02_00000037.wav,02,1,-0.05855447658593722,-0.07641044890008392,1,True
Protocol 2 ConvAE + IF,anomaly/anomaly_id_04_00000028.wav,04,1,-0.10665866104295063,-0.07641044890008392,0,False
Protocol 2 ConvAE + IF,anomaly/anomaly_id_00_00000135.wav,00,1,-0.0590279258539633,-0.07641044890008392,1,True
Protocol 2 ConvAE + IF,anomaly/anomaly_id_02_00000022.wav,02,1,-0.09531760471898328,-0.07641044890008392,0,False
Protocol 2 ConvAE + IF,anomaly/anomaly_id_02_00000050.wav,02,1,-0.007089978421895398,-0.07641044890008392,1,True
Protocol 2 ConvAE + IF,anomaly/anomaly_id_00_00000091.wav,00,1,-0.08316162257418891,-0.07641044890008392,0,False
Protocol 2 ConvAE + IF,anomaly/anomaly_id_04_00000017.wav,04,1,-0.10555778969454616,-0.07641044890008392,0,False
Protocol 2 ConvAE + IF,anomaly/anomaly_id_04_00000067.wav,04,1,-0.05347505922867465,-0.07641044890008392,1,True
Protocol 2 ConvAE + IF,anomaly/anomaly_id_06_00000089.wav,06,1,-0.05511344185869457,-0.07641044890008392,1,True
Protocol 2 ConvAE + IF,anomaly/anomaly_id_02_00000002.wav,02,1,-0.05748737511599095,-0.07641044890008392,1,True
Protocol 2 ConvAE + IF,anomaly/anomaly_id_06_00000064.wav,06,1,-0.03733486819186151,-0.07641044890008392,1,True
Protocol 2 ConvAE + IF,anomaly/anomaly_id_02_00000074.wav,02,1,-0.04504029335389323,-0.07641044890008392,1,True
Protocol 2 ConvAE + IF,anomaly/anomaly_id_06_00000011.wav,06,1,-0.046137528070328865,-0.07641044890008392,1,True
Protocol 2 ConvAE + IF,anomaly/anomaly_id_02_00000006.wav,02,1,-0.08480180776024797,-0.07641044890008392,0,False
Protocol 2 ConvAE + IF,anomaly/anomaly_id_00_00000126.wav,00,1,-0.0716067084768825,-0.07641044890008392,1,True
Protocol 2 ConvAE + IF,anomaly/anomaly_id_06_00000045.wav,06,1,-0.05649590921550221,-0.07641044890008392,1,True
Protocol 2 ConvAE + IF,anomaly/anomaly_id_00_00000070.wav,00,1,-0.05181864002875782,-0.07641044890008392,1,True
Protocol 2 ConvAE + IF,anomaly/anomaly_id_04_00000089.wav,04,1,-0.0987756566416539,-0.07641044890008392,0,False
Protocol 2 ConvAE + IF,anomaly/anomaly_id_02_00000029.wav,02,1,-0.12472035970832586,-0.07641044890008392,0,False
Protocol 2 ConvAE + IF,anomaly/anomaly_id_06_00000002.wav,06,1,-0.05433757417657349,-0.07641044890008392,1,True
Protocol 2 ConvAE + IF,anomaly/anomaly_id_02_00000107.wav,02,1,-0.032289399941055126,-0.07641044890008392,1,True
Protocol 2 ConvAE + IF,anomaly/anomaly_id_00_00000054.wav,00,1,-0.036674898224940036,-0.07641044890008392,1,True
Protocol 2 ConvAE + IF,anomaly/anomaly_id_02_00000026.wav,02,1,-0.021949620375271244,-0.07641044890008392,1,True
Protocol 2 ConvAE + IF,anomaly/anomaly_id_04_00000027.wav,04,1,-0.04836885900958736,-0.07641044890008392,1,True
Protocol 2 ConvAE + IF,anomaly/anomaly_id_02_00000072.wav,02,1,-0.11553978866713671,-0.07641044890008392,0,False
Protocol 2 ConvAE + IF,anomaly/anomaly_id_06_00000053.wav,06,1,-0.08036403351490251,-0.07641044890008392,0,False
Protocol 2 ConvAE + IF,anomaly/anomaly_id_06_00000059.wav,06,1,-0.02137619777450642,-0.07641044890008392,1,True
Protocol 2 ConvAE + IF,anomaly/anomaly_id_02_00000015.wav,02,1,-0.12178463808243951,-0.07641044890008392,0,False
Protocol 2 ConvAE + IF,anomaly/anomaly_id_06_00000101.wav,06,1,-0.005731263305270289,-0.07641044890008392,1,True
Protocol 2 ConvAE + IF,anomaly/anomaly_id_00_00000095.wav,00,1,-0.09347173543736098,-0.07641044890008392,0,False
Protocol 2 ConvAE + IF,anomaly/anomaly_id_06_00000081.wav,06,1,-0.10697672503536057,-0.07641044890008392,0,False
Protocol 2 ConvAE + IF,anomaly/anomaly_id_04_00000051.wav,04,1,-0.017803908939120032,-0.07641044890008392,1,True
Protocol 2 ConvAE + IF,anomaly/anomaly_id_02_00000043.wav,02,1,-0.05552716242082058,-0.07641044890008392,1,True
Protocol 2 ConvAE + IF,anomaly/anomaly_id_04_00000009.wav,04,1,-0.09693996323710515,-0.07641044890008392,0,False
Protocol 2 ConvAE + IF,anomaly/anomaly_id_04_00000003.wav,04,1,-0.034349305863206614,-0.07641044890008392,1,True
Protocol 2 ConvAE + IF,anomaly/anomaly_id_04_00000061.wav,04,1,0.02188475440057864,-0.07641044890008392,1,True
Protocol 2 ConvAE + IF,anomaly/anomaly_id_04_00000052.wav,04,1,-0.08801041190606597,-0.07641044890008392,0,False
Protocol 2 ConvAE + IF,anomaly/anomaly_id_06_00000052.wav,06,1,-0.022722406830227138,-0.07641044890008392,1,True
Protocol 2 ConvAE + IF,anomaly/anomaly_id_00_00000088.wav,00,1,-0.01432711209290339,-0.07641044890008392,1,True
Protocol 2 ConvAE + IF,anomaly/anomaly_id_04_00000090.wav,04,1,-0.0587187402887519,-0.07641044890008392,1,True
Protocol 2 ConvAE + IF,anomaly/anomaly_id_06_00000069.wav,06,1,-0.08738523452676371,-0.07641044890008392,0,False
Protocol 2 ConvAE + IF,anomaly/anomaly_id_02_00000105.wav,02,1,-0.0796576623482044,-0.07641044890008392,0,False
Protocol 2 ConvAE + IF,anomaly/anomaly_id_02_00000071.wav,02,1,-0.03622284616207366,-0.07641044890008392,1,True
Protocol 2 ConvAE + IF,anomaly/anomaly_id_00_00000037.wav,00,1,-0.025071152805214807,-0.07641044890008392,1,True
Protocol 2 ConvAE + IF,anomaly/anomaly_id_06_00000001.wav,06,1,-0.10108359248034483,-0.07641044890008392,0,False
Protocol 2 ConvAE + IF,anomaly/anomaly_id_04_00000016.wav,04,1,-0.10006674546601642,-0.07641044890008392,0,False
Protocol 2 ConvAE + IF,anomaly/anomaly_id_06_00000076.wav,06,1,-0.05292669839947307,-0.07641044890008392,1,True
Protocol 2 ConvAE + IF,anomaly/anomaly_id_04_00000022.wav,04,1,-0.042729389550281535,-0.07641044890008392,1,True
Protocol 2 ConvAE + IF,anomaly/anomaly_id_02_00000018.wav,02,1,-0.1210650442741917,-0.07641044890008392,0,False
Protocol 2 ConvAE + IF,anomaly/anomaly_id_02_00000073.wav,02,1,-0.0943566192553099,-0.07641044890008392,0,False
Protocol 2 ConvAE + IF,anomaly/anomaly_id_02_00000064.wav,02,1,-0.07482564844401939,-0.07641044890008392,1,True
Protocol 2 ConvAE + IF,anomaly/anomaly_id_06_00000090.wav,06,1,-0.05623985421864118,-0.07641044890008392,1,True
Protocol 2 ConvAE + IF,anomaly/anomaly_id_02_00000030.wav,02,1,-0.014198001491395988,-0.07641044890008392,1,True
Protocol 2 ConvAE + IF,anomaly/anomaly_id_00_00000112.wav,00,1,-0.0776674487810894,-0.07641044890008392,0,False
Protocol 2 ConvAE + IF,anomaly/anomaly_id_00_00000018.wav,00,1,-0.07216469059601402,-0.07641044890008392,1,True
Protocol 2 ConvAE + IF,anomaly/anomaly_id_02_00000010.wav,02,1,-0.03343991429549588,-0.07641044890008392,1,True
Protocol 2 ConvAE + IF,anomaly/anomaly_id_00_00000011.wav,00,1,-0.0871161156517655,-0.07641044890008392,0,False
Protocol 2 ConvAE + IF,anomaly/anomaly_id_06_00000030.wav,06,1,-0.017087961718121873,-0.07641044890008392,1,True
Protocol 2 ConvAE + IF,anomaly/anomaly_id_02_00000062.wav,02,1,0.016776808035277715,-0.07641044890008392,1,True
Protocol 2 ConvAE + IF,anomaly/anomaly_id_04_00000081.wav,04,1,-0.1007417665296721,-0.07641044890008392,0,False
Protocol 2 ConvAE + IF,anomaly/anomaly_id_06_00000040.wav,06,1,-0.02925434154889428,-0.07641044890008392,1,True
Protocol 2 ConvAE + IF,anomaly/anomaly_id_00_00000066.wav,00,1,-0.05467814947955653,-0.07641044890008392,1,True
Protocol 2 ConvAE + IF,anomaly/anomaly_id_00_00000009.wav,00,1,-0.046179815968625824,-0.07641044890008392,1,True
Protocol 2 ConvAE + IF,anomaly/anomaly_id_06_00000009.wav,06,1,-0.09452678566646898,-0.07641044890008392,0,False
Protocol 2 ConvAE + IF,anomaly/anomaly_id_00_00000059.wav,00,1,-0.03594948621263981,-0.07641044890008392,1,True
Protocol 2 ConvAE + IF,anomaly/anomaly_id_06_00000032.wav,06,1,-0.043423018592605035,-0.07641044890008392,1,True
Protocol 2 ConvAE + IF,anomaly/anomaly_id_06_00000038.wav,06,1,-0.07901507031507576,-0.07641044890008392,0,False
Protocol 2 ConvAE + IF,anomaly/anomaly_id_00_00000004.wav,00,1,-0.08987997758780283,-0.07641044890008392,0,False
Protocol 2 ConvAE + IF,anomaly/anomaly_id_00_00000094.wav,00,1,-0.09195884445245997,-0.07641044890008392,0,False
Protocol 2 ConvAE + IF,anomaly/anomaly_id_00_00000048.wav,00,1,-0.028308478884165322,-0.07641044890008392,1,True
Protocol 2 ConvAE + IF,anomaly/anomaly_id_00_00000093.wav,00,1,-0.06689855382809833,-0.07641044890008392,1,True
Protocol 2 ConvAE + IF,anomaly/anomaly_id_02_00000108.wav,02,1,-0.10235125328256728,-0.07641044890008392,0,False
Protocol 2 ConvAE + IF,anomaly/anomaly_id_06_00000056.wav,06,1,-0.05043537162250182,-0.07641044890008392,1,True
Protocol 2 ConvAE + IF,anomaly/anomaly_id_00_00000032.wav,00,1,-0.022736527994965186,-0.07641044890008392,1,True
Protocol 2 ConvAE + IF,anomaly/anomaly_id_02_00000012.wav,02,1,-0.013232970593661278,-0.07641044890008392,1,True
Protocol 2 ConvAE + IF,anomaly/anomaly_id_00_00000128.wav,00,1,-0.09286364433866945,-0.07641044890008392,0,False
Protocol 2 ConvAE + IF,anomaly/anomaly_id_00_00000121.wav,00,1,-0.10166924427987396,-0.07641044890008392,0,False
Protocol 2 ConvAE + IF,anomaly/anomaly_id_02_00000084.wav,02,1,-0.11431373112229383,-0.07641044890008392,0,False
Protocol 2 ConvAE + IF,anomaly/anomaly_id_00_00000130.wav,00,1,-0.0943675769162306,-0.07641044890008392,0,False
Protocol 2 ConvAE + IF,anomaly/anomaly_id_00_00000081.wav,00,1,-0.09335231785429403,-0.07641044890008392,0,False
Protocol 2 ConvAE + IF,anomaly/anomaly_id_04_00000054.wav,04,1,-0.04964880158056806,-0.07641044890008392,1,True
Protocol 2 ConvAE + IF,anomaly/anomaly_id_04_00000057.wav,04,1,-0.10801423452850129,-0.07641044890008392,0,False
Protocol 2 ConvAE + IF,anomaly/anomaly_id_00_00000052.wav,00,1,-0.03989655634874481,-0.07641044890008392,1,True
Protocol 2 ConvAE + IF,anomaly/anomaly_id_06_00000025.wav,06,1,-0.10176921664270042,-0.07641044890008392,0,False
Protocol 2 ConvAE + IF,anomaly/anomaly_id_00_00000028.wav,00,1,-0.08116140841014864,-0.07641044890008392,0,False
Protocol 2 ConvAE + IF,anomaly/anomaly_id_06_00000050.wav,06,1,-0.03520900472260572,-0.07641044890008392,1,True
Protocol 2 ConvAE + IF,anomaly/anomaly_id_02_00000066.wav,02,1,-0.1266635630126668,-0.07641044890008392,0,False
Protocol 2 ConvAE + IF,anomaly/anomaly_id_00_00000106.wav,00,1,-0.0924870080279625,-0.07641044890008392,0,False
Protocol 2 ConvAE + IF,anomaly/anomaly_id_06_00000035.wav,06,1,-0.09915447809521989,-0.07641044890008392,0,False
Protocol 2 ConvAE + IF,anomaly/anomaly_id_06_00000100.wav,06,1,-0.038017520713504865,-0.07641044890008392,1,True
Protocol 2 ConvAE + IF,anomaly/anomaly_id_00_00000021.wav,00,1,-0.045264929518675584,-0.07641044890008392,1,True
Protocol 2 ConvAE + IF,anomaly/anomaly_id_02_00000075.wav,02,1,-0.08315741531703237,-0.07641044890008392,0,False
Protocol 2 ConvAE + IF,anomaly/anomaly_id_06_00000048.wav,06,1,-0.12266507393643744,-0.07641044890008392,0,False
Protocol 2 ConvAE + IF,anomaly/anomaly_id_04_00000012.wav,04,1,-0.009191542507128102,-0.07641044890008392,1,True
Protocol 2 ConvAE + IF,anomaly/anomaly_id_06_00000065.wav,06,1,-0.04239054783707448,-0.07641044890008392,1,True
Protocol 2 ConvAE + IF,anomaly/anomaly_id_04_00000077.wav,04,1,-0.05044857138549513,-0.07641044890008392,1,True
Protocol 2 ConvAE + IF,anomaly/anomaly_id_00_00000039.wav,00,1,-0.06058523992578023,-0.07641044890008392,1,True
Protocol 2 ConvAE + IF,anomaly/anomaly_id_02_00000045.wav,02,1,-0.05167809962506154,-0.07641044890008392,1,True
Protocol 2 ConvAE + IF,anomaly/anomaly_id_00_00000013.wav,00,1,-0.043078889707257505,-0.07641044890008392,1,True
Protocol 2 ConvAE + IF,anomaly/anomaly_id_02_00000046.wav,02,1,-0.039023435903947516,-0.07641044890008392,1,True
Protocol 2 ConvAE + IF,anomaly/anomaly_id_04_00000091.wav,04,1,-0.030466294534647904,-0.07641044890008392,1,True
Protocol 2 ConvAE + IF,anomaly/anomaly_id_06_00000003.wav,06,1,-0.07011284229526288,-0.07641044890008392,1,True
Protocol 2 ConvAE + IF,anomaly/anomaly_id_02_00000077.wav,02,1,-0.06514472910011726,-0.07641044890008392,1,True
Protocol 2 ConvAE + IF,anomaly/anomaly_id_00_00000005.wav,00,1,-0.03248030084873792,-0.07641044890008392,1,True
Protocol 2 ConvAE + IF,anomaly/anomaly_id_00_00000085.wav,00,1,-0.06790295669581864,-0.07641044890008392,1,True
Protocol 2 ConvAE + IF,anomaly/anomaly_id_06_00000085.wav,06,1,-0.0543706896523913,-0.07641044890008392,1,True
Protocol 2 ConvAE + IF,anomaly/anomaly_id_06_00000007.wav,06,1,-0.032998972841921645,-0.07641044890008392,1,True
Protocol 2 ConvAE + IF,anomaly/anomaly_id_04_00000078.wav,04,1,-0.03432231604057673,-0.07641044890008392,1,True
Protocol 2 ConvAE + IF,anomaly/anomaly_id_04_00000024.wav,04,1,-0.05494381180118905,-0.07641044890008392,1,True
Protocol 2 ConvAE + IF,anomaly/anomaly_id_00_00000078.wav,00,1,-0.057313795069091795,-0.07641044890008392,1,True
Protocol 2 ConvAE + IF,anomaly/anomaly_id_06_00000068.wav,06,1,-0.0782128764096875,-0.07641044890008392,0,False
Protocol 2 ConvAE + IF,anomaly/anomaly_id_00_00000114.wav,00,1,-0.0395566798679418,-0.07641044890008392,1,True
Protocol 2 ConvAE + IF,anomaly/anomaly_id_02_00000027.wav,02,1,-0.07720676843255461,-0.07641044890008392,0,False
Protocol 2 ConvAE + IF,anomaly/anomaly_id_04_00000085.wav,04,1,-0.0453035844577588,-0.07641044890008392,1,True
Protocol 2 ConvAE + IF,anomaly/anomaly_id_00_00000123.wav,00,1,-0.031997094900172475,-0.07641044890008392,1,True
Protocol 2 ConvAE + IF,anomaly/anomaly_id_04_00000047.wav,04,1,-0.0847547546153379,-0.07641044890008392,0,False
Protocol 2 ConvAE + IF,anomaly/anomaly_id_00_00000103.wav,00,1,-0.006260933380595956,-0.07641044890008392,1,True
Protocol 2 ConvAE + IF,anomaly/anomaly_id_00_00000090.wav,00,1,-0.046045232526824825,-0.07641044890008392,1,True
Protocol 2 ConvAE + IF,anomaly/anomaly_id_02_00000056.wav,02,1,-0.02522369977782213,-0.07641044890008392,1,True
Protocol 2 ConvAE + IF,anomaly/anomaly_id_04_00000020.wav,04,1,-0.10961836684662224,-0.07641044890008392,0,False
Protocol 2 ConvAE + IF,anomaly/anomaly_id_06_00000031.wav,06,1,-0.052546166483303645,-0.07641044890008392,1,True
Protocol 2 ConvAE + IF,anomaly/anomaly_id_02_00000063.wav,02,1,-0.028657520286642216,-0.07641044890008392,1,True
Protocol 2 ConvAE + IF,anomaly/anomaly_id_00_00000087.wav,00,1,-0.04000644210592877,-0.07641044890008392,1,True
Protocol 2 ConvAE + IF,anomaly/anomaly_id_02_00000078.wav,02,1,-0.012134536761350703,-0.07641044890008392,1,True
Protocol 2 ConvAE + IF,anomaly/anomaly_id_00_00000142.wav,00,1,-0.06999279629676318,-0.07641044890008392,1,True
Protocol 2 ConvAE + IF,anomaly/anomaly_id_00_00000111.wav,00,1,-0.09498967677033718,-0.07641044890008392,0,False
Protocol 2 ConvAE + IF,anomaly/anomaly_id_04_00000075.wav,04,1,-0.08711104814835464,-0.07641044890008392,0,False
Protocol 2 ConvAE + IF,anomaly/anomaly_id_06_00000017.wav,06,1,-0.09091901576872725,-0.07641044890008392,0,False
Protocol 2 ConvAE + IF,anomaly/anomaly_id_04_00000023.wav,04,1,-0.06180337809351052,-0.07641044890008392,1,True
Protocol 2 ConvAE + IF,anomaly/anomaly_id_04_00000095.wav,04,1,0.009689567301456018,-0.07641044890008392,1,True
Protocol 2 ConvAE + IF,anomaly/anomaly_id_06_00000063.wav,06,1,-0.04515842427389413,-0.07641044890008392,1,True
Protocol 2 ConvAE + IF,anomaly/anomaly_id_02_00000044.wav,02,1,-0.04457502117767027,-0.07641044890008392,1,True
Protocol 2 ConvAE + IF,anomaly/anomaly_id_00_00000065.wav,00,1,-0.03352878711742653,-0.07641044890008392,1,True
Protocol 2 ConvAE + IF,anomaly/anomaly_id_06_00000078.wav,06,1,-0.0999191434944987,-0.07641044890008392,0,False
Protocol 2 ConvAE + IF,anomaly/anomaly_id_00_00000099.wav,00,1,-0.07869842676574229,-0.07641044890008392,0,False
Protocol 2 ConvAE + IF,anomaly/anomaly_id_00_00000071.wav,00,1,-0.04193809389689094,-0.07641044890008392,1,True
Protocol 2 ConvAE + IF,anomaly/anomaly_id_06_00000058.wav,06,1,-0.05763501392713569,-0.07641044890008392,1,True
Protocol 2 ConvAE + IF,anomaly/anomaly_id_00_00000069.wav,00,1,-0.01932899272936984,-0.07641044890008392,1,True
Protocol 2 ConvAE + IF,anomaly/anomaly_id_06_00000021.wav,06,1,-0.027904753590513746,-0.07641044890008392,1,True
Protocol 2 ConvAE + IF,anomaly/anomaly_id_00_00000125.wav,00,1,-0.0319481576676993,-0.07641044890008392,1,True
Protocol 2 ConvAE + IF,anomaly/anomaly_id_02_00000034.wav,02,1,-0.10339710177165518,-0.07641044890008392,0,False
Protocol 2 ConvAE + IF,anomaly/anomaly_id_02_00000081.wav,02,1,-0.10977142008918941,-0.07641044890008392,0,False
Protocol 2 ConvAE + IF,anomaly/anomaly_id_06_00000086.wav,06,1,-0.12296543713191269,-0.07641044890008392,0,False
Protocol 2 ConvAE + IF,anomaly/anomaly_id_00_00000117.wav,00,1,-0.12993078632908805,-0.07641044890008392,0,False
Protocol 2 ConvAE + IF,anomaly/anomaly_id_00_00000074.wav,00,1,-0.08659889204645928,-0.07641044890008392,0,False
Protocol 2 ConvAE + IF,anomaly/anomaly_id_06_00000018.wav,06,1,-0.07298897617673251,-0.07641044890008392,1,True
Protocol 2 ConvAE + IF,anomaly/anomaly_id_00_00000010.wav,00,1,-0.04016338878833792,-0.07641044890008392,1,True
Protocol 2 ConvAE + IF,anomaly/anomaly_id_00_00000116.wav,00,1,-0.07758330334825694,-0.07641044890008392,0,False
Protocol 2 ConvAE + IF,anomaly/anomaly_id_06_00000039.wav,06,1,-0.03894580027933393,-0.07641044890008392,1,True
Protocol 2 ConvAE + IF,anomaly/anomaly_id_02_00000014.wav,02,1,-0.1040329045501873,-0.07641044890008392,0,False
Protocol 2 ConvAE + IF,anomaly/anomaly_id_00_00000063.wav,00,1,-0.06255957245239625,-0.07641044890008392,1,True
Protocol 2 ConvAE + IF,anomaly/anomaly_id_02_00000080.wav,02,1,-0.05437536554759162,-0.07641044890008392,1,True
Protocol 2 ConvAE + IF,anomaly/anomaly_id_00_00000001.wav,00,1,-0.08145439821387176,-0.07641044890008392,0,False
Protocol 2 ConvAE + IF,anomaly/anomaly_id_00_00000042.wav,00,1,-0.06577480409390582,-0.07641044890008392,1,True
Protocol 2 ConvAE + IF,anomaly/anomaly_id_00_00000122.wav,00,1,-0.0833238560663388,-0.07641044890008392,0,False
Protocol 2 ConvAE + IF,anomaly/anomaly_id_00_00000017.wav,00,1,0.0351531780601121,-0.07641044890008392,1,True
Protocol 2 ConvAE + IF,anomaly/anomaly_id_02_00000024.wav,02,1,-0.03574206399294419,-0.07641044890008392,1,True
Protocol 2 ConvAE + IF,anomaly/anomaly_id_04_00000043.wav,04,1,-0.051217094449572155,-0.07641044890008392,1,True
Protocol 2 ConvAE + IF,anomaly/anomaly_id_04_00000055.wav,04,1,-0.04034199923567879,-0.07641044890008392,1,True
Protocol 2 ConvAE + IF,anomaly/anomaly_id_00_00000076.wav,00,1,-0.03612810301447189,-0.07641044890008392,1,True
Protocol 2 ConvAE + IF,anomaly/anomaly_id_04_00000059.wav,04,1,-0.08676918860675335,-0.07641044890008392,0,False
Protocol 2 ConvAE + IF,anomaly/anomaly_id_04_00000042.wav,04,1,-0.021216460423920763,-0.07641044890008392,1,True
Protocol 2 ConvAE + IF,anomaly/anomaly_id_02_00000065.wav,02,1,-0.012298624370567272,-0.07641044890008392,1,True
Protocol 2 ConvAE + IF,anomaly/anomaly_id_04_00000071.wav,04,1,-0.10004741196075151,-0.07641044890008392,0,False
Protocol 2 ConvAE + IF,anomaly/anomaly_id_00_00000031.wav,00,1,-0.049871162267322605,-0.07641044890008392,1,True
Protocol 2 ConvAE + IF,anomaly/anomaly_id_00_00000129.wav,00,1,-0.047724538908531115,-0.07641044890008392,1,True
Protocol 2 ConvAE + IF,anomaly/anomaly_id_06_00000049.wav,06,1,-0.02234438695570853,-0.07641044890008392,1,True
Protocol 2 ConvAE + IF,anomaly/anomaly_id_00_00000105.wav,00,1,-0.07206834404062899,-0.07641044890008392,1,True
Protocol 2 ConvAE + IF,anomaly/anomaly_id_04_00000036.wav,04,1,-0.04999041326146323,-0.07641044890008392,1,True
Protocol 2 ConvAE + IF,anomaly/anomaly_id_04_00000013.wav,04,1,-0.026371785461744884,-0.07641044890008392,1,True
Protocol 2 ConvAE + IF,anomaly/anomaly_id_06_00000044.wav,06,1,-0.10648117070334218,-0.07641044890008392,0,False
Protocol 2 ConvAE + IF,anomaly/anomaly_id_02_00000069.wav,02,1,-0.09532350631268321,-0.07641044890008392,0,False
Protocol 2 ConvAE + IF,anomaly/anomaly_id_00_00000043.wav,00,1,-0.09572773004202191,-0.07641044890008392,0,False
Protocol 2 ConvAE + IF,anomaly/anomaly_id_06_00000072.wav,06,1,-0.040335910084285886,-0.07641044890008392,1,True
Protocol 2 ConvAE + IF,anomaly/anomaly_id_02_00000017.wav,02,1,-0.12085730200517099,-0.07641044890008392,0,False
Protocol 2 ConvAE + IF,anomaly/anomaly_id_04_00000063.wav,04,1,-0.03417936874373148,-0.07641044890008392,1,True
Protocol 2 ConvAE + IF,anomaly/anomaly_id_00_00000057.wav,00,1,-0.028214371439272395,-0.07641044890008392,1,True
Protocol 2 ConvAE + IF,anomaly/anomaly_id_04_00000025.wav,04,1,-0.057411463246740325,-0.07641044890008392,1,True
Protocol 2 ConvAE + IF,anomaly/anomaly_id_00_00000023.wav,00,1,-0.06747722246278148,-0.07641044890008392,1,True
Protocol 2 ConvAE + IF,anomaly/anomaly_id_04_00000018.wav,04,1,-0.0680222520850357,-0.07641044890008392,1,True
Protocol 2 ConvAE + IF,anomaly/anomaly_id_00_00000015.wav,00,1,-0.061142248353457114,-0.07641044890008392,1,True
Protocol 2 ConvAE + IF,anomaly/anomaly_id_04_00000062.wav,04,1,-0.07512969035740341,-0.07641044890008392,1,True
Protocol 2 ConvAE + IF,anomaly/anomaly_id_00_00000109.wav,00,1,-0.0999103579077196,-0.07641044890008392,0,False
Protocol 2 ConvAE + IF,anomaly/anomaly_id_00_00000137.wav,00,1,-0.0354051317381469,-0.07641044890008392,1,True
Protocol 2 ConvAE + IF,anomaly/anomaly_id_02_00000047.wav,02,1,-0.10616951151394176,-0.07641044890008392,0,False
Protocol 2 ConvAE + IF,anomaly/anomaly_id_04_00000033.wav,04,1,-0.04143858908699762,-0.07641044890008392,1,True
Protocol 2 ConvAE + IF,anomaly/anomaly_id_00_00000016.wav,00,1,-0.059652176175983666,-0.07641044890008392,1,True
Protocol 2 ConvAE + IF,anomaly/anomaly_id_04_00000046.wav,04,1,-0.10594229194981467,-0.07641044890008392,0,False
Protocol 2 ConvAE + IF,anomaly/anomaly_id_02_00000097.wav,02,1,-0.01572644870775462,-0.07641044890008392,1,True
Protocol 2 ConvAE + IF,anomaly/anomaly_id_00_00000110.wav,00,1,-0.07420087691022491,-0.07641044890008392,1,True
Protocol 2 ConvAE + IF,anomaly/anomaly_id_02_00000052.wav,02,1,-0.07350587760804993,-0.07641044890008392,1,True
Protocol 2 ConvAE + IF,anomaly/anomaly_id_00_00000034.wav,00,1,-0.058959109109361404,-0.07641044890008392,1,True
Protocol 2 ConvAE + IF,anomaly/anomaly_id_04_00000032.wav,04,1,-0.07699886585085568,-0.07641044890008392,0,False
Protocol 2 ConvAE + IF,anomaly/anomaly_id_04_00000060.wav,04,1,-0.04790122006928254,-0.07641044890008392,1,True
Protocol 2 ConvAE + IF,anomaly/anomaly_id_00_00000035.wav,00,1,-0.02327715545587583,-0.07641044890008392,1,True
Protocol 2 ConvAE + IF,anomaly/anomaly_id_04_00000079.wav,04,1,-0.05211812442939063,-0.07641044890008392,1,True
Protocol 2 ConvAE + IF,anomaly/anomaly_id_02_00000039.wav,02,1,-0.1080782187652563,-0.07641044890008392,0,False
Protocol 2 ConvAE + IF,anomaly/anomaly_id_00_00000049.wav,00,1,-0.08326843639562183,-0.07641044890008392,0,False
Protocol 2 ConvAE + IF,anomaly/anomaly_id_00_00000006.wav,00,1,-0.022314364820379278,-0.07641044890008392,1,True
Protocol 2 ConvAE + IF,anomaly/anomaly_id_00_00000102.wav,00,1,-0.026790703754178094,-0.07641044890008392,1,True
Protocol 2 ConvAE + IF,anomaly/anomaly_id_02_00000032.wav,02,1,-0.03692342203337698,-0.07641044890008392,1,True
Protocol 2 ConvAE + IF,anomaly/anomaly_id_00_00000139.wav,00,1,-0.04220595046393656,-0.07641044890008392,1,True
Protocol 2 ConvAE + IF,anomaly/anomaly_id_06_00000084.wav,06,1,-0.1186276644324307,-0.07641044890008392,0,False
Protocol 2 ConvAE + IF,anomaly/anomaly_id_00_00000041.wav,00,1,-0.040251488555291544,-0.07641044890008392,1,True
Protocol 2 ConvAE + IF,anomaly/anomaly_id_06_00000012.wav,06,1,-0.02667510853647409,-0.07641044890008392,1,True
Protocol 2 ConvAE + IF,anomaly/anomaly_id_00_00000022.wav,00,1,-0.0888474981479478,-0.07641044890008392,0,False
Protocol 2 ConvAE + IF,anomaly/anomaly_id_04_00000021.wav,04,1,-0.11204713801059413,-0.07641044890008392,0,False
Protocol 2 ConvAE + IF,anomaly/anomaly_id_02_00000020.wav,02,1,-0.04393523377841407,-0.07641044890008392,1,True
Protocol 2 ConvAE + IF,anomaly/anomaly_id_04_00000066.wav,04,1,-0.1127922097555983,-0.07641044890008392,0,False
Protocol 2 ConvAE + IF,anomaly/anomaly_id_04_00000049.wav,04,1,-0.03919641766536057,-0.07641044890008392,1,True
Protocol 2 ConvAE + IF,anomaly/anomaly_id_00_00000113.wav,00,1,-0.07135904670242049,-0.07641044890008392,1,True
Protocol 2 ConvAE + IF,anomaly/anomaly_id_02_00000094.wav,02,1,-0.04427439068403602,-0.07641044890008392,1,True
Protocol 2 ConvAE + IF,anomaly/anomaly_id_06_00000042.wav,06,1,-0.08446025183866641,-0.07641044890008392,0,False
Protocol 2 ConvAE + IF,anomaly/anomaly_id_06_00000083.wav,06,1,-0.06347315115069178,-0.07641044890008392,1,True
Protocol 2 ConvAE + IF,anomaly/anomaly_id_00_00000014.wav,00,1,-0.03420605871637263,-0.07641044890008392,1,True
Protocol 2 ConvAE + IF,anomaly/anomaly_id_00_00000141.wav,00,1,-0.08668939354387017,-0.07641044890008392,0,False
Protocol 2 ConvAE + IF,anomaly/anomaly_id_02_00000051.wav,02,1,-0.03775998904047875,-0.07641044890008392,1,True
Protocol 2 ConvAE + IF,anomaly/anomaly_id_00_00000036.wav,00,1,-0.07642305206691116,-0.07641044890008392,0,False
Protocol 2 ConvAE + IF,anomaly/anomaly_id_00_00000097.wav,00,1,-0.08744280020270392,-0.07641044890008392,0,False
Protocol 2 ConvAE + IF,anomaly/anomaly_id_06_00000095.wav,06,1,-0.02147358901411919,-0.07641044890008392,1,True
Protocol 2 ConvAE + IF,anomaly/anomaly_id_00_00000136.wav,00,1,-0.12345538159918451,-0.07641044890008392,0,False
Protocol 2 ConvAE + LOF,test-normal/normal_id_06_00000054.wav,06,0,-0.4258040189743042,-0.24492841958999634,0,True
Protocol 2 ConvAE + LOF,test-normal/normal_id_06_00000060.wav,06,0,-0.4609636068344116,-0.24492841958999634,0,True
Protocol 2 ConvAE + LOF,test-normal/normal_id_02_00000058.wav,02,0,-0.25977274775505066,-0.24492841958999634,0,True
Protocol 2 ConvAE + LOF,test-normal/normal_id_04_00000039.wav,04,0,-0.4840904772281647,-0.24492841958999634,0,True
Protocol 2 ConvAE + LOF,test-normal/normal_id_06_00000047.wav,06,0,-0.3048335313796997,-0.24492841958999634,0,True
Protocol 2 ConvAE + LOF,test-normal/normal_id_00_00000095.wav,00,0,-0.3135432004928589,-0.24492841958999634,0,True
Protocol 2 ConvAE + LOF,test-normal/normal_id_04_00000092.wav,04,0,-0.16253136098384857,-0.24492841958999634,1,False
Protocol 2 ConvAE + LOF,test-normal/normal_id_00_00000092.wav,00,0,-0.3050152361392975,-0.24492841958999634,0,True
Protocol 2 ConvAE + LOF,test-normal/normal_id_06_00000082.wav,06,0,-0.3361111283302307,-0.24492841958999634,0,True
Protocol 2 ConvAE + LOF,test-normal/normal_id_04_00000094.wav,04,0,-0.4788064956665039,-0.24492841958999634,0,True
Protocol 2 ConvAE + LOF,test-normal/normal_id_04_00000063.wav,04,0,-0.33560043573379517,-0.24492841958999634,0,True
Protocol 2 ConvAE + LOF,test-normal/normal_id_02_00000086.wav,02,0,-0.4929375648498535,-0.24492841958999634,0,True
Protocol 2 ConvAE + LOF,test-normal/normal_id_00_00000007.wav,00,0,-0.4318838119506836,-0.24492841958999634,0,True
Protocol 2 ConvAE + LOF,test-normal/normal_id_04_00000076.wav,04,0,-0.49619060754776,-0.24492841958999634,0,True
Protocol 2 ConvAE + LOF,test-normal/normal_id_06_00000035.wav,06,0,-0.40832456946372986,-0.24492841958999634,0,True
Protocol 2 ConvAE + LOF,test-normal/normal_id_04_00000084.wav,04,0,-0.48563969135284424,-0.24492841958999634,0,True
Protocol 2 ConvAE + LOF,test-normal/normal_id_00_00000060.wav,00,0,-0.32173046469688416,-0.24492841958999634,0,True
Protocol 2 ConvAE + LOF,test-normal/normal_id_06_00000053.wav,06,0,-0.43683353066444397,-0.24492841958999634,0,True
Protocol 2 ConvAE + LOF,test-normal/normal_id_04_00000033.wav,04,0,-0.3882862329483032,-0.24492841958999634,0,True
Protocol 2 ConvAE + LOF,test-normal/normal_id_00_00000088.wav,00,0,-0.47438541054725647,-0.24492841958999634,0,True
Protocol 2 ConvAE + LOF,test-normal/normal_id_06_00000040.wav,06,0,-0.18040287494659424,-0.24492841958999634,1,False
Protocol 2 ConvAE + LOF,test-normal/normal_id_04_00000055.wav,04,0,-0.4725116491317749,-0.24492841958999634,0,True
Protocol 2 ConvAE + LOF,test-normal/normal_id_06_00000043.wav,06,0,0.22453999519348145,-0.24492841958999634,1,False
Protocol 2 ConvAE + LOF,test-normal/normal_id_02_00000020.wav,02,0,-0.3858847916126251,-0.24492841958999634,0,True
Protocol 2 ConvAE + LOF,test-normal/normal_id_06_00000061.wav,06,0,-0.16850057244300842,-0.24492841958999634,1,False
Protocol 2 ConvAE + LOF,test-normal/normal_id_04_00000014.wav,04,0,-0.4638197720050812,-0.24492841958999634,0,True
Protocol 2 ConvAE + LOF,test-normal/normal_id_00_00000037.wav,00,0,-0.4893451929092407,-0.24492841958999634,0,True
Protocol 2 ConvAE + LOF,test-normal/normal_id_04_00000028.wav,04,0,-0.44417083263397217,-0.24492841958999634,0,True
Protocol 2 ConvAE + LOF,test-normal/normal_id_02_00000062.wav,02,0,-0.49015676975250244,-0.24492841958999634,0,True
Protocol 2 ConvAE + LOF,test-normal/normal_id_06_00000006.wav,06,0,-0.4840126633644104,-0.24492841958999634,0,True
Protocol 2 ConvAE + LOF,test-normal/normal_id_04_00000080.wav,04,0,-0.06868420541286469,-0.24492841958999634,1,False
Protocol 2 ConvAE + LOF,test-normal/normal_id_04_00000089.wav,04,0,-0.48200681805610657,-0.24492841958999634,0,True
Protocol 2 ConvAE + LOF,test-normal/normal_id_04_00000082.wav,04,0,-0.41766059398651123,-0.24492841958999634,0,True
Protocol 2 ConvAE + LOF,test-normal/normal_id_00_00000020.wav,00,0,-0.2847397029399872,-0.24492841958999634,0,True
Protocol 2 ConvAE + LOF,test-normal/normal_id_02_00000059.wav,02,0,-0.46219560503959656,-0.24492841958999634,0,True
Protocol 2 ConvAE + LOF,test-normal/normal_id_04_00000054.wav,04,0,-0.4639113247394562,-0.24492841958999634,0,True
Protocol 2 ConvAE + LOF,test-normal/normal_id_02_00000051.wav,02,0,-0.4505158066749573,-0.24492841958999634,0,True
Protocol 2 ConvAE + LOF,test-normal/normal_id_04_00000036.wav,04,0,-0.47928938269615173,-0.24492841958999634,0,True
Protocol 2 ConvAE + LOF,test-normal/normal_id_02_00000061.wav,02,0,-0.4941965341567993,-0.24492841958999634,0,True
Protocol 2 ConvAE + LOF,test-normal/normal_id_06_00000099.wav,06,0,-0.18858987092971802,-0.24492841958999634,1,False
Protocol 2 ConvAE + LOF,test-normal/normal_id_04_00000016.wav,04,0,-0.47736966609954834,-0.24492841958999634,0,True
Protocol 2 ConvAE + LOF,test-normal/normal_id_04_00000007.wav,04,0,-0.42614397406578064,-0.24492841958999634,0,True
Protocol 2 ConvAE + LOF,test-normal/normal_id_04_00000061.wav,04,0,-0.4823209047317505,-0.24492841958999634,0,True
Protocol 2 ConvAE + LOF,test-normal/normal_id_02_00000073.wav,02,0,-0.3704161047935486,-0.24492841958999634,0,True
Protocol 2 ConvAE + LOF,test-normal/normal_id_02_00000012.wav,02,0,-0.33916956186294556,-0.24492841958999634,0,True
Protocol 2 ConvAE + LOF,test-normal/normal_id_00_00000018.wav,00,0,-0.4211924374103546,-0.24492841958999634,0,True
Protocol 2 ConvAE + LOF,test-normal/normal_id_02_00000053.wav,02,0,-0.5043518543243408,-0.24492841958999634,0,True
Protocol 2 ConvAE + LOF,test-normal/normal_id_00_00000011.wav,00,0,-0.44425496459007263,-0.24492841958999634,0,True
Protocol 2 ConvAE + LOF,test-normal/normal_id_06_00000032.wav,06,0,-0.46087613701820374,-0.24492841958999634,0,True
Protocol 2 ConvAE + LOF,test-normal/normal_id_06_00000023.wav,06,0,-0.2231089323759079,-0.24492841958999634,1,False
Protocol 2 ConvAE + LOF,test-normal/normal_id_04_00000005.wav,04,0,0.08557769656181335,-0.24492841958999634,1,False
Protocol 2 ConvAE + LOF,test-normal/normal_id_00_00000079.wav,00,0,-0.5124965310096741,-0.24492841958999634,0,True
Protocol 2 ConvAE + LOF,test-normal/normal_id_04_00000002.wav,04,0,-0.46788108348846436,-0.24492841958999634,0,True
Protocol 2 ConvAE + LOF,test-normal/normal_id_04_00000059.wav,04,0,-0.3479681611061096,-0.24492841958999634,0,True
Protocol 2 ConvAE + LOF,test-normal/normal_id_04_00000035.wav,04,0,-0.4459875822067261,-0.24492841958999634,0,True
Protocol 2 ConvAE + LOF,test-normal/normal_id_06_00000042.wav,06,0,-0.22195178270339966,-0.24492841958999634,1,False
Protocol 2 ConvAE + LOF,test-normal/normal_id_00_00000066.wav,00,0,-0.4357851445674896,-0.24492841958999634,0,True
Protocol 2 ConvAE + LOF,test-normal/normal_id_00_00000009.wav,00,0,-0.41753455996513367,-0.24492841958999634,0,True
Protocol 2 ConvAE + LOF,test-normal/normal_id_00_00000059.wav,00,0,-0.3601740598678589,-0.24492841958999634,0,True
Protocol 2 ConvAE + LOF,test-normal/normal_id_06_00000034.wav,06,0,-0.2860795259475708,-0.24492841958999634,0,True
Protocol 2 ConvAE + LOF,test-normal/normal_id_00_00000004.wav,00,0,-0.23152028024196625,-0.24492841958999634,1,False
Protocol 2 ConvAE + LOF,test-normal/normal_id_00_00000094.wav,00,0,-0.44009527564048767,-0.24492841958999634,0,True
Protocol 2 ConvAE + LOF,test-normal/normal_id_00_00000048.wav,00,0,-0.257947713136673,-0.24492841958999634,0,True
Protocol 2 ConvAE + LOF,test-normal/normal_id_00_00000093.wav,00,0,-0.44147682189941406,-0.24492841958999634,0,True
Protocol 2 ConvAE + LOF,test-normal/normal_id_04_00000051.wav,04,0,-0.481411337852478,-0.24492841958999634,0,True
Protocol 2 ConvAE + LOF,test-normal/normal_id_04_00000073.wav,04,0,-0.47261011600494385,-0.24492841958999634,0,True
Protocol 2 ConvAE + LOF,test-normal/normal_id_00_00000032.wav,00,0,-0.48818185925483704,-0.24492841958999634,0,True
Protocol 2 ConvAE + LOF,test-normal/normal_id_02_00000055.wav,02,0,0.03691501170396805,-0.24492841958999634,1,False
Protocol 2 ConvAE + LOF,test-normal/normal_id_02_00000028.wav,02,0,-0.34207671880722046,-0.24492841958999634,0,True
Protocol 2 ConvAE + LOF,test-normal/normal_id_02_00000021.wav,02,0,-0.476956307888031,-0.24492841958999634,0,True
Protocol 2 ConvAE + LOF,test-normal/normal_id_04_00000027.wav,04,0,-0.43754318356513977,-0.24492841958999634,0,True
Protocol 2 ConvAE + LOF,test-normal/normal_id_02_00000030.wav,02,0,-0.47196435928344727,-0.24492841958999634,0,True
Protocol 2 ConvAE + LOF,test-normal/normal_id_00_00000081.wav,00,0,0.020046472549438477,-0.24492841958999634,1,False
Protocol 2 ConvAE + LOF,test-normal/normal_id_00_00000052.wav,00,0,-0.0206376314163208,-0.24492841958999634,1,False
Protocol 2 ConvAE + LOF,test-normal/normal_id_06_00000028.wav,06,0,-0.34718477725982666,-0.24492841958999634,0,True
Protocol 2 ConvAE + LOF,test-normal/normal_id_00_00000028.wav,00,0,-0.26578986644744873,-0.24492841958999634,0,True
Protocol 2 ConvAE + LOF,test-normal/normal_id_06_00000052.wav,06,0,-0.48508697748184204,-0.24492841958999634,0,True
Protocol 2 ConvAE + LOF,test-normal/normal_id_04_00000009.wav,04,0,-0.4574988782405853,-0.24492841958999634,0,True
Protocol 2 ConvAE + LOF,test-normal/normal_id_02_00000006.wav,02,0,-0.4882313013076782,-0.24492841958999634,0,True
Protocol 2 ConvAE + LOF,test-normal/normal_id_06_00000037.wav,06,0,0.13643454015254974,-0.24492841958999634,1,False
Protocol 2 ConvAE + LOF,test-normal/normal_id_06_00000094.wav,06,0,-0.4786083996295929,-0.24492841958999634,0,True
Protocol 2 ConvAE + LOF,test-normal/normal_id_00_00000021.wav,00,0,-0.38286516070365906,-0.24492841958999634,0,True
Protocol 2 ConvAE + LOF,test-normal/normal_id_04_00000018.wav,04,0,-0.4677990674972534,-0.24492841958999634,0,True
Protocol 2 ConvAE + LOF,test-normal/normal_id_06_00000050.wav,06,0,0.09188033640384674,-0.24492841958999634,1,False
Protocol 2 ConvAE + LOF,test-normal/normal_id_04_00000066.wav,04,0,-0.03619282692670822,-0.24492841958999634,1,False
Protocol 2 ConvAE + LOF,test-normal/normal_id_06_00000086.wav,06,0,-0.4469955265522003,-0.24492841958999634,0,True
Protocol 2 ConvAE + LOF,test-normal/normal_id_06_00000067.wav,06,0,-0.4274330735206604,-0.24492841958999634,0,True
Protocol 2 ConvAE + LOF,test-normal/normal_id_00_00000039.wav,00,0,-0.48530733585357666,-0.24492841958999634,0,True
Protocol 2 ConvAE + LOF,test-normal/normal_id_02_00000088.wav,02,0,-0.43257448077201843,-0.24492841958999634,0,True
Protocol 2 ConvAE + LOF,test-normal/normal_id_00_00000013.wav,00,0,-0.3907712697982788,-0.24492841958999634,0,True
Protocol 2 ConvAE + LOF,test-normal/normal_id_02_00000089.wav,02,0,-0.4960878789424896,-0.24492841958999634,0,True
Protocol 2 ConvAE + LOF,test-normal/normal_id_06_00000008.wav,06,0,-0.47758054733276367,-0.24492841958999634,0,True
Protocol 2 ConvAE + LOF,test-normal/normal_id_04_00000020.wav,04,0,-0.14556942880153656,-0.24492841958999634,1,False
Protocol 2 ConvAE + LOF,test-normal/normal_id_00_00000005.wav,00,0,-0.47755616903305054,-0.24492841958999634,0,True
Protocol 2 ConvAE + LOF,test-normal/normal_id_00_00000085.wav,00,0,-0.18778271973133087,-0.24492841958999634,1,False
Protocol 2 ConvAE + LOF,test-normal/normal_id_06_00000015.wav,06,0,-0.1745833158493042,-0.24492841958999634,1,False
Protocol 2 ConvAE + LOF,test-normal/normal_id_04_00000078.wav,04,0,-0.39482083916664124,-0.24492841958999634,0,True
Protocol 2 ConvAE + LOF,test-normal/normal_id_00_00000078.wav,00,0,-0.4772406816482544,-0.24492841958999634,0,True
Protocol 2 ConvAE + LOF,test-normal/normal_id_02_00000014.wav,02,0,-0.4581204950809479,-0.24492841958999634,0,True
Protocol 2 ConvAE + LOF,test-normal/normal_id_02_00000070.wav,02,0,-0.318996399641037,-0.24492841958999634,0,True
Protocol 2 ConvAE + LOF,test-normal/normal_id_02_00000023.wav,02,0,-0.38854753971099854,-0.24492841958999634,0,True
Protocol 2 ConvAE + LOF,test-normal/normal_id_06_00000001.wav,06,0,0.03772702440619469,-0.24492841958999634,1,False
Protocol 2 ConvAE + LOF,test-normal/normal_id_02_00000003.wav,02,0,-0.3562634289264679,-0.24492841958999634,0,True
Protocol 2 ConvAE + LOF,test-normal/normal_id_00_00000090.wav,00,0,-0.48762357234954834,-0.24492841958999634,0,True
Protocol 2 ConvAE + LOF,test-normal/normal_id_02_00000099.wav,02,0,-0.4788973033428192,-0.24492841958999634,0,True
Protocol 2 ConvAE + LOF,test-normal/normal_id_04_00000074.wav,04,0,-0.47279515862464905,-0.24492841958999634,0,True
Protocol 2 ConvAE + LOF,test-normal/normal_id_06_00000077.wav,06,0,-0.46789947152137756,-0.24492841958999634,0,True
Protocol 2 ConvAE + LOF,test-normal/normal_id_04_00000006.wav,04,0,0.10077941417694092,-0.24492841958999634,1,False
Protocol 2 ConvAE + LOF,test-normal/normal_id_00_00000087.wav,00,0,-0.47284042835235596,-0.24492841958999634,0,True
Protocol 2 ConvAE + LOF,test-normal/normal_id_04_00000021.wav,04,0,-0.43332040309906006,-0.24492841958999634,0,True
Protocol 2 ConvAE + LOF,test-normal/normal_id_02_00000042.wav,02,0,-0.48998260498046875,-0.24492841958999634,0,True
Protocol 2 ConvAE + LOF,test-normal/normal_id_02_00000011.wav,02,0,-0.18103796243667603,-0.24492841958999634,1,False
Protocol 2 ConvAE + LOF,test-normal/normal_id_06_00000090.wav,06,0,-0.17520827054977417,-0.24492841958999634,1,False
Protocol 2 ConvAE + LOF,test-normal/normal_id_04_00000077.wav,04,0,0.06463973969221115,-0.24492841958999634,1,False
Protocol 2 ConvAE + LOF,test-normal/normal_id_06_00000064.wav,06,0,-0.40464532375335693,-0.24492841958999634,0,True
Protocol 2 ConvAE + LOF,test-normal/normal_id_02_00000087.wav,02,0,-0.43143346905708313,-0.24492841958999634,0,True
Protocol 2 ConvAE + LOF,test-normal/normal_id_00_00000065.wav,00,0,-0.3890213370323181,-0.24492841958999634,0,True
Protocol 2 ConvAE + LOF,test-normal/normal_id_06_00000079.wav,06,0,-0.39111682772636414,-0.24492841958999634,0,True
Protocol 2 ConvAE + LOF,test-normal/normal_id_00_00000099.wav,00,0,-0.468190461397171,-0.24492841958999634,0,True
Protocol 2 ConvAE + LOF,test-normal/normal_id_00_00000071.wav,00,0,-0.3377518951892853,-0.24492841958999634,0,True
Protocol 2 ConvAE + LOF,test-normal/normal_id_06_00000059.wav,06,0,-0.3307200074195862,-0.24492841958999634,0,True
Protocol 2 ConvAE + LOF,test-normal/normal_id_00_00000069.wav,00,0,-0.15585437417030334,-0.24492841958999634,1,False
Protocol 2 ConvAE + LOF,test-normal/normal_id_06_00000024.wav,06,0,-0.4579222500324249,-0.24492841958999634,0,True
Protocol 2 ConvAE + LOF,test-normal/normal_id_02_00000025.wav,02,0,-0.4208780527114868,-0.24492841958999634,0,True
Protocol 2 ConvAE + LOF,test-normal/normal_id_02_00000077.wav,02,0,-0.4899221956729889,-0.24492841958999634,0,True
Protocol 2 ConvAE + LOF,test-normal/normal_id_04_00000024.wav,04,0,-0.28347980976104736,-0.24492841958999634,0,True
Protocol 2 ConvAE + LOF,test-normal/normal_id_06_00000087.wav,06,0,-0.4072209596633911,-0.24492841958999634,0,True
Protocol 2 ConvAE + LOF,test-normal/normal_id_02_00000017.wav,02,0,-0.45202508568763733,-0.24492841958999634,0,True
Protocol 2 ConvAE + LOF,test-normal/normal_id_00_00000074.wav,00,0,-0.3565244674682617,-0.24492841958999634,0,True
Protocol 2 ConvAE + LOF,test-normal/normal_id_00_00000010.wav,00,0,-0.11546681821346283,-0.24492841958999634,1,False
Protocol 2 ConvAE + LOF,test-normal/normal_id_02_00000016.wav,02,0,-0.3971543610095978,-0.24492841958999634,0,True
Protocol 2 ConvAE + LOF,test-normal/normal_id_06_00000041.wav,06,0,0.07815711945295334,-0.24492841958999634,1,False
Protocol 2 ConvAE + LOF,test-normal/normal_id_02_00000057.wav,02,0,-0.4169292449951172,-0.24492841958999634,0,True
Protocol 2 ConvAE + LOF,test-normal/normal_id_00_00000063.wav,00,0,-0.24464008212089539,-0.24492841958999634,1,False
Protocol 2 ConvAE + LOF,test-normal/normal_id_04_00000023.wav,04,0,-0.5088365077972412,-0.24492841958999634,0,True
Protocol 2 ConvAE + LOF,test-normal/normal_id_00_00000001.wav,00,0,-0.5040218830108643,-0.24492841958999634,0,True
Protocol 2 ConvAE + LOF,test-normal/normal_id_00_00000042.wav,00,0,-0.490583211183548,-0.24492841958999634,0,True
Protocol 2 ConvAE + LOF,test-normal/normal_id_02_00000022.wav,02,0,-0.4731297492980957,-0.24492841958999634,0,True
Protocol 2 ConvAE + LOF,test-normal/normal_id_00_00000017.wav,00,0,-0.4069281220436096,-0.24492841958999634,0,True
Protocol 2 ConvAE + LOF,test-normal/normal_id_02_00000067.wav,02,0,-0.0029655296821147203,-0.24492841958999634,1,False
Protocol 2 ConvAE + LOF,test-normal/normal_id_04_00000097.wav,04,0,-0.36315274238586426,-0.24492841958999634,0,True
Protocol 2 ConvAE + LOF,test-normal/normal_id_06_00000009.wav,06,0,-0.023191796615719795,-0.24492841958999634,1,False
Protocol 2 ConvAE + LOF,test-normal/normal_id_00_00000076.wav,00,0,-0.43209466338157654,-0.24492841958999634,0,True
Protocol 2 ConvAE + LOF,test-normal/normal_id_06_00000013.wav,06,0,-0.25658857822418213,-0.24492841958999634,0,True
Protocol 2 ConvAE + LOF,test-normal/normal_id_04_00000096.wav,04,0,-0.2197519987821579,-0.24492841958999634,1,False
Protocol 2 ConvAE + LOF,test-normal/normal_id_04_00000008.wav,04,0,0.05545096844434738,-0.24492841958999634,1,False
Protocol 2 ConvAE + LOF,test-normal/normal_id_06_00000025.wav,06,0,-0.4223572313785553,-0.24492841958999634,0,True
Protocol 2 ConvAE + LOF,test-normal/normal_id_00_00000031.wav,00,0,-0.42144250869750977,-0.24492841958999634,0,True
Protocol 2 ConvAE + LOF,test-normal/normal_id_02_00000029.wav,02,0,-0.42118072509765625,-0.24492841958999634,0,True
Protocol 2 ConvAE + LOF,test-normal/normal_id_06_00000051.wav,06,0,-0.448821485042572,-0.24492841958999634,0,True
Protocol 2 ConvAE + LOF,test-normal/normal_id_02_00000005.wav,02,0,-0.41450315713882446,-0.24492841958999634,0,True
Protocol 2 ConvAE + LOF,test-normal/normal_id_04_00000090.wav,04,0,-0.5107461214065552,-0.24492841958999634,0,True
Protocol 2 ConvAE + LOF,test-normal/normal_id_04_00000067.wav,04,0,-0.4480099081993103,-0.24492841958999634,0,True
Protocol 2 ConvAE + LOF,test-normal/normal_id_04_00000012.wav,04,0,-0.4768022298812866,-0.24492841958999634,0,True
Protocol 2 ConvAE + LOF,test-normal/normal_id_00_00000043.wav,00,0,-0.49177947640419006,-0.24492841958999634,0,True
Protocol 2 ConvAE + LOF,test-normal/normal_id_06_00000073.wav,06,0,-0.41331562399864197,-0.24492841958999634,0,True
Protocol 2 ConvAE + LOF,test-normal/normal_id_02_00000060.wav,02,0,-0.43344199657440186,-0.24492841958999634,0,True
Protocol 2 ConvAE + LOF,test-normal/normal_id_06_00000017.wav,06,0,-0.31155115365982056,-0.24492841958999634,0,True
Protocol 2 ConvAE + LOF,test-normal/normal_id_00_00000057.wav,00,0,-0.5061167478561401,-0.24492841958999634,0,True
Protocol 2 ConvAE + LOF,test-normal/normal_id_04_00000079.wav,04,0,-0.4790024161338806,-0.24492841958999634,0,True
Protocol 2 ConvAE + LOF,test-normal/normal_id_00_00000023.wav,00,0,-0.5053735971450806,-0.24492841958999634,0,True
Protocol 2 ConvAE + LOF,test-normal/normal_id_04_00000072.wav,04,0,-0.4562016725540161,-0.24492841958999634,0,True
Protocol 2 ConvAE + LOF,test-normal/normal_id_00_00000015.wav,00,0,-0.19130229949951172,-0.24492841958999634,1,False
Protocol 2 ConvAE + LOF,test-normal/normal_id_06_00000016.wav,06,0,-0.41289541125297546,-0.24492841958999634,0,True
Protocol 2 ConvAE + LOF,test-normal/normal_id_02_00000009.wav,02,0,-0.40389183163642883,-0.24492841958999634,0,True
Protocol 2 ConvAE + LOF,test-normal/normal_id_02_00000037.wav,02,0,-0.48745229840278625,-0.24492841958999634,0,True
Protocol 2 ConvAE + LOF,test-normal/normal_id_02_00000090.wav,02,0,-0.4086916446685791,-0.24492841958999634,0,True
Protocol 2 ConvAE + LOF,test-normal/normal_id_04_00000087.wav,04,0,-0.3757147192955017,-0.24492841958999634,0,True
Protocol 2 ConvAE + LOF,test-normal/normal_id_00_00000016.wav,00,0,-0.47610631585121155,-0.24492841958999634,0,True
Protocol 2 ConvAE + LOF,test-normal/normal_id_06_00000000.wav,06,0,-0.17870721220970154,-0.24492841958999634,1,False
Protocol 2 ConvAE + LOF,test-normal/normal_id_04_00000040.wav,04,0,-0.490692675113678,-0.24492841958999634,0,True
Protocol 2 ConvAE + LOF,test-normal/normal_id_02_00000010.wav,02,0,-0.4951181411743164,-0.24492841958999634,0,True
Protocol 2 ConvAE + LOF,test-normal/normal_id_02_00000095.wav,02,0,-0.14741355180740356,-0.24492841958999634,1,False
Protocol 2 ConvAE + LOF,test-normal/normal_id_00_00000034.wav,00,0,-0.48295333981513977,-0.24492841958999634,0,True
Protocol 2 ConvAE + LOF,test-normal/normal_id_04_00000086.wav,04,0,-0.46286284923553467,-0.24492841958999634,0,True
Protocol 2 ConvAE + LOF,test-normal/normal_id_06_00000014.wav,06,0,-0.19302023947238922,-0.24492841958999634,1,False
Protocol 2 ConvAE + LOF,test-normal/normal_id_00_00000035.wav,00,0,-0.3203843832015991,-0.24492841958999634,0,True
Protocol 2 ConvAE + LOF,test-normal/normal_id_06_00000033.wav,06,0,-0.2853589951992035,-0.24492841958999634,0,True
Protocol 2 ConvAE + LOF,test-normal/normal_id_02_00000082.wav,02,0,-0.46223652362823486,-0.24492841958999634,0,True
Protocol 2 ConvAE + LOF,test-normal/normal_id_00_00000049.wav,00,0,-0.4509933888912201,-0.24492841958999634,0,True
Protocol 2 ConvAE + LOF,test-normal/normal_id_00_00000006.wav,00,0,-0.10658398270606995,-0.24492841958999634,1,False
Protocol 2 ConvAE + LOF,test-normal/normal_id_02_00000002.wav,02,0,-0.20382453501224518,-0.24492841958999634,1,False
Protocol 2 ConvAE + LOF,test-normal/normal_id_02_00000075.wav,02,0,-0.48449599742889404,-0.24492841958999634,0,True
Protocol 2 ConvAE + LOF,test-normal/normal_id_02_00000039.wav,02,0,-0.288706511259079,-0.24492841958999634,0,True
Protocol 2 ConvAE + LOF,test-normal/normal_id_06_00000085.wav,06,0,0.20424026250839233,-0.24492841958999634,1,False
Protocol 2 ConvAE + LOF,test-normal/normal_id_00_00000041.wav,00,0,-0.5064783096313477,-0.24492841958999634,0,True
Protocol 2 ConvAE + LOF,test-normal/normal_id_06_00000066.wav,06,0,-0.158098042011261,-0.24492841958999634,1,False
Protocol 2 ConvAE + LOF,test-normal/normal_id_00_00000022.wav,00,0,-0.3616505265235901,-0.24492841958999634,0,True
Protocol 2 ConvAE + LOF,test-normal/normal_id_04_00000075.wav,04,0,-0.47149235010147095,-0.24492841958999634,0,True
Protocol 2 ConvAE + LOF,test-normal/normal_id_02_00000063.wav,02,0,-0.44775688648223877,-0.24492841958999634,0,True
Protocol 2 ConvAE + LOF,test-normal/normal_id_06_00000020.wav,06,0,-0.20311130583286285,-0.24492841958999634,1,False
Protocol 2 ConvAE + LOF,test-normal/normal_id_06_00000003.wav,06,0,-0.2229328155517578,-0.24492841958999634,1,False
Protocol 2 ConvAE + LOF,test-normal/normal_id_02_00000013.wav,02,0,-0.4188678562641144,-0.24492841958999634,0,True
Protocol 2 ConvAE + LOF,test-normal/normal_id_04_00000037.wav,04,0,-0.4562159776687622,-0.24492841958999634,0,True
Protocol 2 ConvAE + LOF,test-normal/normal_id_00_00000014.wav,00,0,-0.4464372396469116,-0.24492841958999634,0,True
Protocol 2 ConvAE + LOF,test-normal/normal_id_02_00000041.wav,02,0,-0.3914567828178406,-0.24492841958999634,0,True
Protocol 2 ConvAE + LOF,test-normal/normal_id_02_00000094.wav,02,0,-0.4549226760864258,-0.24492841958999634,0,True
Protocol 2 ConvAE + LOF,test-normal/normal_id_00_00000036.wav,00,0,-0.5114404559135437,-0.24492841958999634,0,True
Protocol 2 ConvAE + LOF,test-normal/normal_id_00_00000097.wav,00,0,-0.46767839789390564,-0.24492841958999634,0,True
Protocol 2 ConvAE + LOF,test-normal/normal_id_02_00000036.wav,02,0,-0.3649124205112457,-0.24492841958999634,0,True
Protocol 2 ConvAE + LOF,anomaly/anomaly_id_02_00000089.wav,02,1,0.2879403829574585,-0.24492841958999634,1,True
Protocol 2 ConvAE + LOF,anomaly/anomaly_id_04_00000073.wav,04,1,-0.12428203225135803,-0.24492841958999634,1,True
Protocol 2 ConvAE + LOF,anomaly/anomaly_id_06_00000051.wav,06,1,0.2738059163093567,-0.24492841958999634,1,True
Protocol 2 ConvAE + LOF,anomaly/anomaly_id_04_00000035.wav,04,1,-0.22983577847480774,-0.24492841958999634,1,True
Protocol 2 ConvAE + LOF,anomaly/anomaly_id_04_00000001.wav,04,1,0.031647708266973495,-0.24492841958999634,1,True
Protocol 2 ConvAE + LOF,anomaly/anomaly_id_04_00000011.wav,04,1,-0.08671922236680984,-0.24492841958999634,1,True
Protocol 2 ConvAE + LOF,anomaly/anomaly_id_04_00000080.wav,04,1,-0.09152685105800629,-0.24492841958999634,1,True
Protocol 2 ConvAE + LOF,anomaly/anomaly_id_06_00000036.wav,06,1,0.05861048027873039,-0.24492841958999634,1,True
Protocol 2 ConvAE + LOF,anomaly/anomaly_id_00_00000024.wav,00,1,-0.37947553396224976,-0.24492841958999634,0,False
Protocol 2 ConvAE + LOF,anomaly/anomaly_id_04_00000098.wav,04,1,0.03986375778913498,-0.24492841958999634,1,True
Protocol 2 ConvAE + LOF,anomaly/anomaly_id_04_00000058.wav,04,1,0.33190906047821045,-0.24492841958999634,1,True
Protocol 2 ConvAE + LOF,anomaly/anomaly_id_02_00000091.wav,02,1,-0.18302570283412933,-0.24492841958999634,1,True
Protocol 2 ConvAE + LOF,anomaly/anomaly_id_04_00000037.wav,04,1,-0.11719892919063568,-0.24492841958999634,1,True
Protocol 2 ConvAE + LOF,anomaly/anomaly_id_04_00000070.wav,04,1,0.22841188311576843,-0.24492841958999634,1,True
Protocol 2 ConvAE + LOF,anomaly/anomaly_id_00_00000068.wav,00,1,0.5152986645698547,-0.24492841958999634,1,True
Protocol 2 ConvAE + LOF,anomaly/anomaly_id_00_00000056.wav,00,1,-0.47074487805366516,-0.24492841958999634,0,False
Protocol 2 ConvAE + LOF,anomaly/anomaly_id_02_00000087.wav,02,1,0.3034183084964752,-0.24492841958999634,1,True
Protocol 2 ConvAE + LOF,anomaly/anomaly_id_00_00000019.wav,00,1,-0.07830604165792465,-0.24492841958999634,1,True
Protocol 2 ConvAE + LOF,anomaly/anomaly_id_02_00000021.wav,02,1,-0.20468419790267944,-0.24492841958999634,1,True
Protocol 2 ConvAE + LOF,anomaly/anomaly_id_02_00000095.wav,02,1,-0.4515341520309448,-0.24492841958999634,0,False
Protocol 2 ConvAE + LOF,anomaly/anomaly_id_06_00000088.wav,06,1,0.22468392550945282,-0.24492841958999634,1,True
Protocol 2 ConvAE + LOF,anomaly/anomaly_id_02_00000070.wav,02,1,0.3140658140182495,-0.24492841958999634,1,True
Protocol 2 ConvAE + LOF,anomaly/anomaly_id_00_00000060.wav,00,1,0.17160587012767792,-0.24492841958999634,1,True
Protocol 2 ConvAE + LOF,anomaly/anomaly_id_06_00000026.wav,06,1,-0.16732466220855713,-0.24492841958999634,1,True
Protocol 2 ConvAE + LOF,anomaly/anomaly_id_00_00000073.wav,00,1,-0.07033974677324295,-0.24492841958999634,1,True
Protocol 2 ConvAE + LOF,anomaly/anomaly_id_02_00000090.wav,02,1,-0.4448990225791931,-0.24492841958999634,0,False
Protocol 2 ConvAE + LOF,anomaly/anomaly_id_00_00000003.wav,00,1,-0.02497895620763302,-0.24492841958999634,1,True
Protocol 2 ConvAE + LOF,anomaly/anomaly_id_04_00000053.wav,04,1,-0.11711408197879791,-0.24492841958999634,1,True
Protocol 2 ConvAE + LOF,anomaly/anomaly_id_06_00000067.wav,06,1,-0.13051949441432953,-0.24492841958999634,1,True
Protocol 2 ConvAE + LOF,anomaly/anomaly_id_06_00000013.wav,06,1,-0.23032021522521973,-0.24492841958999634,1,True
Protocol 2 ConvAE + LOF,anomaly/anomaly_id_06_00000028.wav,06,1,-0.21461744606494904,-0.24492841958999634,1,True
Protocol 2 ConvAE + LOF,anomaly/anomaly_id_04_00000005.wav,04,1,0.37261760234832764,-0.24492841958999634,1,True
Protocol 2 ConvAE + LOF,anomaly/anomaly_id_02_00000035.wav,02,1,-0.30258437991142273,-0.24492841958999634,0,False
Protocol 2 ConvAE + LOF,anomaly/anomaly_id_04_00000086.wav,04,1,-0.3871326446533203,-0.24492841958999634,0,False
Protocol 2 ConvAE + LOF,anomaly/anomaly_id_00_00000118.wav,00,1,-0.3740275204181671,-0.24492841958999634,0,False
Protocol 2 ConvAE + LOF,anomaly/anomaly_id_02_00000106.wav,02,1,-0.4070204198360443,-0.24492841958999634,0,False
Protocol 2 ConvAE + LOF,anomaly/anomaly_id_04_00000029.wav,04,1,-0.18274345993995667,-0.24492841958999634,1,True
Protocol 2 ConvAE + LOF,anomaly/anomaly_id_00_00000047.wav,00,1,-0.28910768032073975,-0.24492841958999634,0,False
Protocol 2 ConvAE + LOF,anomaly/anomaly_id_02_00000092.wav,02,1,0.4728557765483856,-0.24492841958999634,1,True
Protocol 2 ConvAE + LOF,anomaly/anomaly_id_00_00000127.wav,00,1,-0.037447571754455566,-0.24492841958999634,1,True
Protocol 2 ConvAE + LOF,anomaly/anomaly_id_02_00000003.wav,02,1,-0.4411059319972992,-0.24492841958999634,0,False
Protocol 2 ConvAE + LOF,anomaly/anomaly_id_06_00000071.wav,06,1,-0.3443959951400757,-0.24492841958999634,0,False
Protocol 2 ConvAE + LOF,anomaly/anomaly_id_00_00000027.wav,00,1,-0.3219371438026428,-0.24492841958999634,0,False
Protocol 2 ConvAE + LOF,anomaly/anomaly_id_06_00000010.wav,06,1,0.11001840233802795,-0.24492841958999634,1,True
Protocol 2 ConvAE + LOF,anomaly/anomaly_id_00_00000062.wav,00,1,-0.03931024298071861,-0.24492841958999634,1,True
Protocol 2 ConvAE + LOF,anomaly/anomaly_id_06_00000027.wav,06,1,-0.33275970816612244,-0.24492841958999634,0,False
Protocol 2 ConvAE + LOF,anomaly/anomaly_id_06_00000098.wav,06,1,-0.3101159334182739,-0.24492841958999634,0,False
Protocol 2 ConvAE + LOF,anomaly/anomaly_id_04_00000096.wav,04,1,0.08229038119316101,-0.24492841958999634,1,True
Protocol 2 ConvAE + LOF,anomaly/anomaly_id_04_00000064.wav,04,1,0.3482377827167511,-0.24492841958999634,1,True
Protocol 2 ConvAE + LOF,anomaly/anomaly_id_02_00000110.wav,02,1,-0.4426499307155609,-0.24492841958999634,0,False
Protocol 2 ConvAE + LOF,anomaly/anomaly_id_04_00000000.wav,04,1,-0.27686309814453125,-0.24492841958999634,0,False
Protocol 2 ConvAE + LOF,anomaly/anomaly_id_06_00000060.wav,06,1,0.2793409824371338,-0.24492841958999634,1,True
Protocol 2 ConvAE + LOF,anomaly/anomaly_id_02_00000000.wav,02,1,0.45273441076278687,-0.24492841958999634,1,True
Protocol 2 ConvAE + LOF,anomaly/anomaly_id_02_00000057.wav,02,1,0.6641442179679871,-0.24492841958999634,1,True
Protocol 2 ConvAE + LOF,anomaly/anomaly_id_04_00000026.wav,04,1,-0.04454187676310539,-0.24492841958999634,1,True
Protocol 2 ConvAE + LOF,anomaly/anomaly_id_00_00000038.wav,00,1,0.21580719947814941,-0.24492841958999634,1,True
Protocol 2 ConvAE + LOF,anomaly/anomaly_id_06_00000023.wav,06,1,-0.16502517461776733,-0.24492841958999634,1,True
Protocol 2 ConvAE + LOF,anomaly/anomaly_id_00_00000029.wav,00,1,0.08299759775400162,-0.24492841958999634,1,True
Protocol 2 ConvAE + LOF,anomaly/anomaly_id_00_00000089.wav,00,1,-0.20581868290901184,-0.24492841958999634,1,True
Protocol 2 ConvAE + LOF,anomaly/anomaly_id_02_00000093.wav,02,1,-0.4308159649372101,-0.24492841958999634,0,False
Protocol 2 ConvAE + LOF,anomaly/anomaly_id_00_00000098.wav,00,1,-0.3465501070022583,-0.24492841958999634,0,False
Protocol 2 ConvAE + LOF,anomaly/anomaly_id_00_00000119.wav,00,1,0.18526361882686615,-0.24492841958999634,1,True
Protocol 2 ConvAE + LOF,anomaly/anomaly_id_02_00000005.wav,02,1,-0.15786157548427582,-0.24492841958999634,1,True
Protocol 2 ConvAE + LOF,anomaly/anomaly_id_02_00000053.wav,02,1,0.20314885675907135,-0.24492841958999634,1,True
Protocol 2 ConvAE + LOF,anomaly/anomaly_id_04_00000093.wav,04,1,0.11595340818166733,-0.24492841958999634,1,True
Protocol 2 ConvAE + LOF,anomaly/anomaly_id_04_00000038.wav,04,1,-0.12326712161302567,-0.24492841958999634,1,True
Protocol 2 ConvAE + LOF,anomaly/anomaly_id_00_00000134.wav,00,1,-0.03752846270799637,-0.24492841958999634,1,True
Protocol 2 ConvAE + LOF,anomaly/anomaly_id_02_00000068.wav,02,1,-0.029220886528491974,-0.24492841958999634,1,True
Protocol 2 ConvAE + LOF,anomaly/anomaly_id_00_00000012.wav,00,1,-0.08777757734060287,-0.24492841958999634,1,True
Protocol 2 ConvAE + LOF,anomaly/anomaly_id_02_00000082.wav,02,1,0.270218163728714,-0.24492841958999634,1,True
Protocol 2 ConvAE + LOF,anomaly/anomaly_id_00_00000067.wav,00,1,-0.10870596021413803,-0.24492841958999634,1,True
Protocol 2 ConvAE + LOF,anomaly/anomaly_id_00_00000108.wav,00,1,-0.11304884403944016,-0.24492841958999634,1,True
Protocol 2 ConvAE + LOF,anomaly/anomaly_id_00_00000084.wav,00,1,0.03967037424445152,-0.24492841958999634,1,True
Protocol 2 ConvAE + LOF,anomaly/anomaly_id_04_00000094.wav,04,1,-0.14383096992969513,-0.24492841958999634,1,True
Protocol 2 ConvAE + LOF,anomaly/anomaly_id_02_00000058.wav,02,1,0.3773341774940491,-0.24492841958999634,1,True
Protocol 2 ConvAE + LOF,anomaly/anomaly_id_06_00000019.wav,06,1,-0.411598265171051,-0.24492841958999634,0,False
Protocol 2 ConvAE + LOF,anomaly/anomaly_id_06_00000093.wav,06,1,-0.3819500505924225,-0.24492841958999634,0,False
Protocol 2 ConvAE + LOF,anomaly/anomaly_id_00_00000030.wav,00,1,-0.38740602135658264,-0.24492841958999634,0,False
Protocol 2 ConvAE + LOF,anomaly/anomaly_id_00_00000007.wav,00,1,-0.4276999235153198,-0.24492841958999634,0,False
Protocol 2 ConvAE + LOF,anomaly/anomaly_id_06_00000022.wav,06,1,-0.20995007455348969,-0.24492841958999634,1,True
Protocol 2 ConvAE + LOF,anomaly/anomaly_id_06_00000091.wav,06,1,-0.1309603899717331,-0.24492841958999634,1,True
Protocol 2 ConvAE + LOF,anomaly/anomaly_id_02_00000102.wav,02,1,-0.4888468384742737,-0.24492841958999634,0,False
Protocol 2 ConvAE + LOF,anomaly/anomaly_id_00_00000025.wav,00,1,-0.22291602194309235,-0.24492841958999634,1,True
Protocol 2 ConvAE + LOF,anomaly/anomaly_id_00_00000092.wav,00,1,-0.5016419887542725,-0.24492841958999634,0,False
Protocol 2 ConvAE + LOF,anomaly/anomaly_id_04_00000050.wav,04,1,0.15426726639270782,-0.24492841958999634,1,True
Protocol 2 ConvAE + LOF,anomaly/anomaly_id_06_00000080.wav,06,1,-0.36493268609046936,-0.24492841958999634,0,False
Protocol 2 ConvAE + LOF,anomaly/anomaly_id_06_00000087.wav,06,1,-0.3362531065940857,-0.24492841958999634,0,False
Protocol 2 ConvAE + LOF,anomaly/anomaly_id_06_00000094.wav,06,1,-0.39050912857055664,-0.24492841958999634,0,False
Protocol 2 ConvAE + LOF,anomaly/anomaly_id_04_00000019.wav,04,1,0.03679768368601799,-0.24492841958999634,1,True
Protocol 2 ConvAE + LOF,anomaly/anomaly_id_02_00000104.wav,02,1,0.535450279712677,-0.24492841958999634,1,True
Protocol 2 ConvAE + LOF,anomaly/anomaly_id_00_00000040.wav,00,1,0.3084782361984253,-0.24492841958999634,1,True
Protocol 2 ConvAE + LOF,anomaly/anomaly_id_06_00000015.wav,06,1,-0.07296066731214523,-0.24492841958999634,1,True
Protocol 2 ConvAE + LOF,anomaly/anomaly_id_02_00000013.wav,02,1,-0.42509883642196655,-0.24492841958999634,0,False
Protocol 2 ConvAE + LOF,anomaly/anomaly_id_06_00000075.wav,06,1,-0.2927969694137573,-0.24492841958999634,0,False
Protocol 2 ConvAE + LOF,anomaly/anomaly_id_02_00000038.wav,02,1,-0.29670774936676025,-0.24492841958999634,0,False
Protocol 2 ConvAE + LOF,anomaly/anomaly_id_04_00000074.wav,04,1,0.16999930143356323,-0.24492841958999634,1,True
Protocol 2 ConvAE + LOF,anomaly/anomaly_id_00_00000104.wav,00,1,-0.3716486692428589,-0.24492841958999634,0,False
Protocol 2 ConvAE + LOF,anomaly/anomaly_id_00_00000075.wav,00,1,-0.4241779148578644,-0.24492841958999634,0,False
Protocol 2 ConvAE + LOF,anomaly/anomaly_id_04_00000069.wav,04,1,0.03179803118109703,-0.24492841958999634,1,True
Protocol 2 ConvAE + LOF,anomaly/anomaly_id_02_00000037.wav,02,1,0.17326734960079193,-0.24492841958999634,1,True
Protocol 2 ConvAE + LOF,anomaly/anomaly_id_04_00000028.wav,04,1,-0.10046903043985367,-0.24492841958999634,1,True
Protocol 2 ConvAE + LOF,anomaly/anomaly_id_00_00000135.wav,00,1,0.03979451209306717,-0.24492841958999634,1,True
Protocol 2 ConvAE + LOF,anomaly/anomaly_id_02_00000022.wav,02,1,0.006345192436128855,-0.24492841958999634,1,True
Protocol 2 ConvAE + LOF,anomaly/anomaly_id_02_00000050.wav,02,1,0.144317626953125,-0.24492841958999634,1,True
Protocol 2 ConvAE + LOF,anomaly/anomaly_id_00_00000091.wav,00,1,-0.4546773135662079,-0.24492841958999634,0,False
Protocol 2 ConvAE + LOF,anomaly/anomaly_id_04_00000017.wav,04,1,-0.11440315842628479,-0.24492841958999634,1,True
Protocol 2 ConvAE + LOF,anomaly/anomaly_id_04_00000067.wav,04,1,0.04905245080590248,-0.24492841958999634,1,True
Protocol 2 ConvAE + LOF,anomaly/anomaly_id_06_00000089.wav,06,1,0.21502822637557983,-0.24492841958999634,1,True
Protocol 2 ConvAE + LOF,anomaly/anomaly_id_02_00000002.wav,02,1,-0.4493224322795868,-0.24492841958999634,0,False
Protocol 2 ConvAE + LOF,anomaly/anomaly_id_06_00000064.wav,06,1,0.0420500710606575,-0.24492841958999634,1,True
Protocol 2 ConvAE + LOF,anomaly/anomaly_id_02_00000074.wav,02,1,0.07189995795488358,-0.24492841958999634,1,True
Protocol 2 ConvAE + LOF,anomaly/anomaly_id_06_00000011.wav,06,1,0.24595457315444946,-0.24492841958999634,1,True
Protocol 2 ConvAE + LOF,anomaly/anomaly_id_02_00000006.wav,02,1,-0.47194206714630127,-0.24492841958999634,0,False
Protocol 2 ConvAE + LOF,anomaly/anomaly_id_00_00000126.wav,00,1,-0.08920350670814514,-0.24492841958999634,1,True
Protocol 2 ConvAE + LOF,anomaly/anomaly_id_06_00000045.wav,06,1,0.291778564453125,-0.24492841958999634,1,True
Protocol 2 ConvAE + LOF,anomaly/anomaly_id_00_00000070.wav,00,1,0.0436173677444458,-0.24492841958999634,1,True
Protocol 2 ConvAE + LOF,anomaly/anomaly_id_04_00000089.wav,04,1,-0.21245090663433075,-0.24492841958999634,1,True
Protocol 2 ConvAE + LOF,anomaly/anomaly_id_02_00000029.wav,02,1,-0.46161162853240967,-0.24492841958999634,0,False
Protocol 2 ConvAE + LOF,anomaly/anomaly_id_06_00000002.wav,06,1,-0.36847564578056335,-0.24492841958999634,0,False
Protocol 2 ConvAE + LOF,anomaly/anomaly_id_02_00000107.wav,02,1,0.5278234481811523,-0.24492841958999634,1,True
Protocol 2 ConvAE + LOF,anomaly/anomaly_id_00_00000054.wav,00,1,0.051205556839704514,-0.24492841958999634,1,True
Protocol 2 ConvAE + LOF,anomaly/anomaly_id_02_00000026.wav,02,1,0.19754445552825928,-0.24492841958999634,1,True
Protocol 2 ConvAE + LOF,anomaly/anomaly_id_04_00000027.wav,04,1,-0.20624582469463348,-0.24492841958999634,1,True
Protocol 2 ConvAE + LOF,anomaly/anomaly_id_02_00000072.wav,02,1,-0.4327864646911621,-0.24492841958999634,0,False
Protocol 2 ConvAE + LOF,anomaly/anomaly_id_06_00000053.wav,06,1,-0.0410720519721508,-0.24492841958999634,1,True
Protocol 2 ConvAE + LOF,anomaly/anomaly_id_06_00000059.wav,06,1,0.4000828266143799,-0.24492841958999634,1,True
Protocol 2 ConvAE + LOF,anomaly/anomaly_id_02_00000015.wav,02,1,-0.4444124400615692,-0.24492841958999634,0,False
Protocol 2 ConvAE + LOF,anomaly/anomaly_id_06_00000101.wav,06,1,-0.2529606223106384,-0.24492841958999634,0,False
Protocol 2 ConvAE + LOF,anomaly/anomaly_id_00_00000095.wav,00,1,-0.07944789528846741,-0.24492841958999634,1,True
Protocol 2 ConvAE + LOF,anomaly/anomaly_id_06_00000081.wav,06,1,-0.36021745204925537,-0.24492841958999634,0,False
Protocol 2 ConvAE + LOF,anomaly/anomaly_id_04_00000051.wav,04,1,-0.36588895320892334,-0.24492841958999634,0,False
Protocol 2 ConvAE + LOF,anomaly/anomaly_id_02_00000043.wav,02,1,0.13111425936222076,-0.24492841958999634,1,True
Protocol 2 ConvAE + LOF,anomaly/anomaly_id_04_00000009.wav,04,1,-0.13732360303401947,-0.24492841958999634,1,True
Protocol 2 ConvAE + LOF,anomaly/anomaly_id_04_00000003.wav,04,1,0.40319231152534485,-0.24492841958999634,1,True
Protocol 2 ConvAE + LOF,anomaly/anomaly_id_04_00000061.wav,04,1,0.09301523119211197,-0.24492841958999634,1,True
Protocol 2 ConvAE + LOF,anomaly/anomaly_id_04_00000052.wav,04,1,-0.246444970369339,-0.24492841958999634,0,False
Protocol 2 ConvAE + LOF,anomaly/anomaly_id_06_00000052.wav,06,1,0.03385811299085617,-0.24492841958999634,1,True
Protocol 2 ConvAE + LOF,anomaly/anomaly_id_00_00000088.wav,00,1,0.14145930111408234,-0.24492841958999634,1,True
Protocol 2 ConvAE + LOF,anomaly/anomaly_id_04_00000090.wav,04,1,-0.2499256432056427,-0.24492841958999634,0,False
Protocol 2 ConvAE + LOF,anomaly/anomaly_id_06_00000069.wav,06,1,-0.3250229060649872,-0.24492841958999634,0,False
Protocol 2 ConvAE + LOF,anomaly/anomaly_id_02_00000105.wav,02,1,-0.04382148012518883,-0.24492841958999634,1,True
Protocol 2 ConvAE + LOF,anomaly/anomaly_id_02_00000071.wav,02,1,-0.4799177348613739,-0.24492841958999634,0,False
Protocol 2 ConvAE + LOF,anomaly/anomaly_id_00_00000037.wav,00,1,0.1658751368522644,-0.24492841958999634,1,True
Protocol 2 ConvAE + LOF,anomaly/anomaly_id_06_00000001.wav,06,1,-0.15951472520828247,-0.24492841958999634,1,True
Protocol 2 ConvAE + LOF,anomaly/anomaly_id_04_00000016.wav,04,1,-0.19161707162857056,-0.24492841958999634,1,True
Protocol 2 ConvAE + LOF,anomaly/anomaly_id_06_00000076.wav,06,1,0.260673463344574,-0.24492841958999634,1,True
Protocol 2 ConvAE + LOF,anomaly/anomaly_id_04_00000022.wav,04,1,-0.3779051601886749,-0.24492841958999634,0,False
Protocol 2 ConvAE + LOF,anomaly/anomaly_id_02_00000018.wav,02,1,-0.44145917892456055,-0.24492841958999634,0,False
Protocol 2 ConvAE + LOF,anomaly/anomaly_id_02_00000073.wav,02,1,-0.1679324358701706,-0.24492841958999634,1,True
Protocol 2 ConvAE + LOF,anomaly/anomaly_id_02_00000064.wav,02,1,-0.48523473739624023,-0.24492841958999634,0,False
Protocol 2 ConvAE + LOF,anomaly/anomaly_id_06_00000090.wav,06,1,-0.2712174355983734,-0.24492841958999634,0,False
Protocol 2 ConvAE + LOF,anomaly/anomaly_id_02_00000030.wav,02,1,0.636585533618927,-0.24492841958999634,1,True
Protocol 2 ConvAE + LOF,anomaly/anomaly_id_00_00000112.wav,00,1,-0.4245202839374542,-0.24492841958999634,0,False
Protocol 2 ConvAE + LOF,anomaly/anomaly_id_00_00000018.wav,00,1,-0.3967036306858063,-0.24492841958999634,0,False
Protocol 2 ConvAE + LOF,anomaly/anomaly_id_02_00000010.wav,02,1,0.16938382387161255,-0.24492841958999634,1,True
Protocol 2 ConvAE + LOF,anomaly/anomaly_id_00_00000011.wav,00,1,-0.34559884667396545,-0.24492841958999634,0,False
Protocol 2 ConvAE + LOF,anomaly/anomaly_id_06_00000030.wav,06,1,0.17618316411972046,-0.24492841958999634,1,True
Protocol 2 ConvAE + LOF,anomaly/anomaly_id_02_00000062.wav,02,1,0.3789020776748657,-0.24492841958999634,1,True
Protocol 2 ConvAE + LOF,anomaly/anomaly_id_04_00000081.wav,04,1,-0.15336667001247406,-0.24492841958999634,1,True
Protocol 2 ConvAE + LOF,anomaly/anomaly_id_06_00000040.wav,06,1,-0.3967380225658417,-0.24492841958999634,0,False
Protocol 2 ConvAE + LOF,anomaly/anomaly_id_00_00000066.wav,00,1,-0.07677379250526428,-0.24492841958999634,1,True
Protocol 2 ConvAE + LOF,anomaly/anomaly_id_00_00000009.wav,00,1,-0.02609407901763916,-0.24492841958999634,1,True
Protocol 2 ConvAE + LOF,anomaly/anomaly_id_06_00000009.wav,06,1,-0.2572539150714874,-0.24492841958999634,0,False
Protocol 2 ConvAE + LOF,anomaly/anomaly_id_00_00000059.wav,00,1,-0.08435138314962387,-0.24492841958999634,1,True
Protocol 2 ConvAE + LOF,anomaly/anomaly_id_06_00000032.wav,06,1,0.3050435781478882,-0.24492841958999634,1,True
Protocol 2 ConvAE + LOF,anomaly/anomaly_id_06_00000038.wav,06,1,0.22738763689994812,-0.24492841958999634,1,True
Protocol 2 ConvAE + LOF,anomaly/anomaly_id_00_00000004.wav,00,1,-0.1807287335395813,-0.24492841958999634,1,True
Protocol 2 ConvAE + LOF,anomaly/anomaly_id_00_00000094.wav,00,1,-0.11047163605690002,-0.24492841958999634,1,True
Protocol 2 ConvAE + LOF,anomaly/anomaly_id_00_00000048.wav,00,1,-0.3198840022087097,-0.24492841958999634,0,False
Protocol 2 ConvAE + LOF,anomaly/anomaly_id_00_00000093.wav,00,1,-0.057583197951316833,-0.24492841958999634,1,True
Protocol 2 ConvAE + LOF,anomaly/anomaly_id_02_00000108.wav,02,1,-0.19772844016551971,-0.24492841958999634,1,True
Protocol 2 ConvAE + LOF,anomaly/anomaly_id_06_00000056.wav,06,1,0.2502560019493103,-0.24492841958999634,1,True
Protocol 2 ConvAE + LOF,anomaly/anomaly_id_00_00000032.wav,00,1,-0.1354198455810547,-0.24492841958999634,1,True
Protocol 2 ConvAE + LOF,anomaly/anomaly_id_02_00000012.wav,02,1,0.6856632828712463,-0.24492841958999634,1,True
Protocol 2 ConvAE + LOF,anomaly/anomaly_id_00_00000128.wav,00,1,-0.14283618330955505,-0.24492841958999634,1,True
Protocol 2 ConvAE + LOF,anomaly/anomaly_id_00_00000121.wav,00,1,-0.3351669907569885,-0.24492841958999634,0,False
Protocol 2 ConvAE + LOF,anomaly/anomaly_id_02_00000084.wav,02,1,-0.38022580742836,-0.24492841958999634,0,False
Protocol 2 ConvAE + LOF,anomaly/anomaly_id_00_00000130.wav,00,1,-0.18229050934314728,-0.24492841958999634,1,True
Protocol 2 ConvAE + LOF,anomaly/anomaly_id_00_00000081.wav,00,1,-0.30243200063705444,-0.24492841958999634,0,False
Protocol 2 ConvAE + LOF,anomaly/anomaly_id_04_00000054.wav,04,1,-0.1305113583803177,-0.24492841958999634,1,True
Protocol 2 ConvAE + LOF,anomaly/anomaly_id_04_00000057.wav,04,1,-0.14117386937141418,-0.24492841958999634,1,True
Protocol 2 ConvAE + LOF,anomaly/anomaly_id_00_00000052.wav,00,1,-0.06595790386199951,-0.24492841958999634,1,True
Protocol 2 ConvAE + LOF,anomaly/anomaly_id_06_00000025.wav,06,1,-0.2398010939359665,-0.24492841958999634,1,True
Protocol 2 ConvAE + LOF,anomaly/anomaly_id_00_00000028.wav,00,1,-0.28633150458335876,-0.24492841958999634,0,False
Protocol 2 ConvAE + LOF,anomaly/anomaly_id_06_00000050.wav,06,1,-0.12210880219936371,-0.24492841958999634,1,True
Protocol 2 ConvAE + LOF,anomaly/anomaly_id_02_00000066.wav,02,1,-0.4001193642616272,-0.24492841958999634,0,False
Protocol 2 ConvAE + LOF,anomaly/anomaly_id_00_00000106.wav,00,1,-0.13952817022800446,-0.24492841958999634,1,True
Protocol 2 ConvAE + LOF,anomaly/anomaly_id_06_00000035.wav,06,1,-0.2874428927898407,-0.24492841958999634,0,False
Protocol 2 ConvAE + LOF,anomaly/anomaly_id_06_00000100.wav,06,1,0.44360461831092834,-0.24492841958999634,1,True
Protocol 2 ConvAE + LOF,anomaly/anomaly_id_00_00000021.wav,00,1,0.09188822656869888,-0.24492841958999634,1,True
Protocol 2 ConvAE + LOF,anomaly/anomaly_id_02_00000075.wav,02,1,-0.48595184087753296,-0.24492841958999634,0,False
Protocol 2 ConvAE + LOF,anomaly/anomaly_id_06_00000048.wav,06,1,-0.4403226673603058,-0.24492841958999634,0,False
Protocol 2 ConvAE + LOF,anomaly/anomaly_id_04_00000012.wav,04,1,-0.005708191078156233,-0.24492841958999634,1,True
Protocol 2 ConvAE + LOF,anomaly/anomaly_id_06_00000065.wav,06,1,0.2921680808067322,-0.24492841958999634,1,True
Protocol 2 ConvAE + LOF,anomaly/anomaly_id_04_00000077.wav,04,1,0.2735358476638794,-0.24492841958999634,1,True
Protocol 2 ConvAE + LOF,anomaly/anomaly_id_00_00000039.wav,00,1,-0.5064805150032043,-0.24492841958999634,0,False
Protocol 2 ConvAE + LOF,anomaly/anomaly_id_02_00000045.wav,02,1,-0.4151156544685364,-0.24492841958999634,0,False
Protocol 2 ConvAE + LOF,anomaly/anomaly_id_00_00000013.wav,00,1,0.1547490805387497,-0.24492841958999634,1,True
Protocol 2 ConvAE + LOF,anomaly/anomaly_id_02_00000046.wav,02,1,0.23920471966266632,-0.24492841958999634,1,True
Protocol 2 ConvAE + LOF,anomaly/anomaly_id_04_00000091.wav,04,1,-0.29967615008354187,-0.24492841958999634,0,False
Protocol 2 ConvAE + LOF,anomaly/anomaly_id_06_00000003.wav,06,1,-0.10768291354179382,-0.24492841958999634,1,True
Protocol 2 ConvAE + LOF,anomaly/anomaly_id_02_00000077.wav,02,1,-0.15073570609092712,-0.24492841958999634,1,True
Protocol 2 ConvAE + LOF,anomaly/anomaly_id_00_00000005.wav,00,1,0.21984447538852692,-0.24492841958999634,1,True
Protocol 2 ConvAE + LOF,anomaly/anomaly_id_00_00000085.wav,00,1,-0.05551004409790039,-0.24492841958999634,1,True
Protocol 2 ConvAE + LOF,anomaly/anomaly_id_06_00000085.wav,06,1,-0.10220607370138168,-0.24492841958999634,1,True
Protocol 2 ConvAE + LOF,anomaly/anomaly_id_06_00000007.wav,06,1,0.3142172396183014,-0.24492841958999634,1,True
Protocol 2 ConvAE + LOF,anomaly/anomaly_id_04_00000078.wav,04,1,0.05830315873026848,-0.24492841958999634,1,True
Protocol 2 ConvAE + LOF,anomaly/anomaly_id_04_00000024.wav,04,1,-0.10886406898498535,-0.24492841958999634,1,True
Protocol 2 ConvAE + LOF,anomaly/anomaly_id_00_00000078.wav,00,1,-0.07475391775369644,-0.24492841958999634,1,True
Protocol 2 ConvAE + LOF,anomaly/anomaly_id_06_00000068.wav,06,1,-0.1604050248861313,-0.24492841958999634,1,True
Protocol 2 ConvAE + LOF,anomaly/anomaly_id_00_00000114.wav,00,1,-0.0775476023554802,-0.24492841958999634,1,True
Protocol 2 ConvAE + LOF,anomaly/anomaly_id_02_00000027.wav,02,1,-0.470522940158844,-0.24492841958999634,0,False
Protocol 2 ConvAE + LOF,anomaly/anomaly_id_04_00000085.wav,04,1,-0.13483142852783203,-0.24492841958999634,1,True
Protocol 2 ConvAE + LOF,anomaly/anomaly_id_00_00000123.wav,00,1,0.24594619870185852,-0.24492841958999634,1,True
Protocol 2 ConvAE + LOF,anomaly/anomaly_id_04_00000047.wav,04,1,-0.30219635367393494,-0.24492841958999634,0,False
Protocol 2 ConvAE + LOF,anomaly/anomaly_id_00_00000103.wav,00,1,0.01962735876441002,-0.24492841958999634,1,True
Protocol 2 ConvAE + LOF,anomaly/anomaly_id_00_00000090.wav,00,1,0.09081055223941803,-0.24492841958999634,1,True
Protocol 2 ConvAE + LOF,anomaly/anomaly_id_02_00000056.wav,02,1,0.48482832312583923,-0.24492841958999634,1,True
Protocol 2 ConvAE + LOF,anomaly/anomaly_id_04_00000020.wav,04,1,-0.44720253348350525,-0.24492841958999634,0,False
Protocol 2 ConvAE + LOF,anomaly/anomaly_id_06_00000031.wav,06,1,0.3315662145614624,-0.24492841958999634,1,True
Protocol 2 ConvAE + LOF,anomaly/anomaly_id_02_00000063.wav,02,1,0.3298068642616272,-0.24492841958999634,1,True
Protocol 2 ConvAE + LOF,anomaly/anomaly_id_00_00000087.wav,00,1,0.10663364827632904,-0.24492841958999634,1,True
Protocol 2 ConvAE + LOF,anomaly/anomaly_id_02_00000078.wav,02,1,0.32721054553985596,-0.24492841958999634,1,True
Protocol 2 ConvAE + LOF,anomaly/anomaly_id_00_00000142.wav,00,1,-0.3536630868911743,-0.24492841958999634,0,False
Protocol 2 ConvAE + LOF,anomaly/anomaly_id_00_00000111.wav,00,1,-0.10622730851173401,-0.24492841958999634,1,True
Protocol 2 ConvAE + LOF,anomaly/anomaly_id_04_00000075.wav,04,1,-0.027151690796017647,-0.24492841958999634,1,True
Protocol 2 ConvAE + LOF,anomaly/anomaly_id_06_00000017.wav,06,1,-0.05274604260921478,-0.24492841958999634,1,True
Protocol 2 ConvAE + LOF,anomaly/anomaly_id_04_00000023.wav,04,1,0.2162562608718872,-0.24492841958999634,1,True
Protocol 2 ConvAE + LOF,anomaly/anomaly_id_04_00000095.wav,04,1,-0.1308179497718811,-0.24492841958999634,1,True
Protocol 2 ConvAE + LOF,anomaly/anomaly_id_06_00000063.wav,06,1,-0.08184102177619934,-0.24492841958999634,1,True
Protocol 2 ConvAE + LOF,anomaly/anomaly_id_02_00000044.wav,02,1,-0.43812504410743713,-0.24492841958999634,0,False
Protocol 2 ConvAE + LOF,anomaly/anomaly_id_00_00000065.wav,00,1,-0.23454390466213226,-0.24492841958999634,1,True
Protocol 2 ConvAE + LOF,anomaly/anomaly_id_06_00000078.wav,06,1,-0.2640726864337921,-0.24492841958999634,0,False
Protocol 2 ConvAE + LOF,anomaly/anomaly_id_00_00000099.wav,00,1,-0.19551856815814972,-0.24492841958999634,1,True
Protocol 2 ConvAE + LOF,anomaly/anomaly_id_00_00000071.wav,00,1,-0.05778082087635994,-0.24492841958999634,1,True
Protocol 2 ConvAE + LOF,anomaly/anomaly_id_06_00000058.wav,06,1,0.1597355306148529,-0.24492841958999634,1,True
Protocol 2 ConvAE + LOF,anomaly/anomaly_id_00_00000069.wav,00,1,0.1709178388118744,-0.24492841958999634,1,True
Protocol 2 ConvAE + LOF,anomaly/anomaly_id_06_00000021.wav,06,1,0.2783011496067047,-0.24492841958999634,1,True
Protocol 2 ConvAE + LOF,anomaly/anomaly_id_00_00000125.wav,00,1,0.41251346468925476,-0.24492841958999634,1,True
Protocol 2 ConvAE + LOF,anomaly/anomaly_id_02_00000034.wav,02,1,-0.07482095807790756,-0.24492841958999634,1,True
Protocol 2 ConvAE + LOF,anomaly/anomaly_id_02_00000081.wav,02,1,-0.2209741473197937,-0.24492841958999634,1,True
Protocol 2 ConvAE + LOF,anomaly/anomaly_id_06_00000086.wav,06,1,-0.2807689905166626,-0.24492841958999634,0,False
Protocol 2 ConvAE + LOF,anomaly/anomaly_id_00_00000117.wav,00,1,-0.4951544404029846,-0.24492841958999634,0,False
Protocol 2 ConvAE + LOF,anomaly/anomaly_id_00_00000074.wav,00,1,-0.27221235632896423,-0.24492841958999634,0,False
Protocol 2 ConvAE + LOF,anomaly/anomaly_id_06_00000018.wav,06,1,-0.3476560413837433,-0.24492841958999634,0,False
Protocol 2 ConvAE + LOF,anomaly/anomaly_id_00_00000010.wav,00,1,0.02969272993505001,-0.24492841958999634,1,True
Protocol 2 ConvAE + LOF,anomaly/anomaly_id_00_00000116.wav,00,1,-0.2087993174791336,-0.24492841958999634,1,True
Protocol 2 ConvAE + LOF,anomaly/anomaly_id_06_00000039.wav,06,1,0.31279218196868896,-0.24492841958999634,1,True
Protocol 2 ConvAE + LOF,anomaly/anomaly_id_02_00000014.wav,02,1,-0.23817528784275055,-0.24492841958999634,1,True
Protocol 2 ConvAE + LOF,anomaly/anomaly_id_00_00000063.wav,00,1,-0.19152329862117767,-0.24492841958999634,1,True
Protocol 2 ConvAE + LOF,anomaly/anomaly_id_02_00000080.wav,02,1,-0.39083153009414673,-0.24492841958999634,0,False
Protocol 2 ConvAE + LOF,anomaly/anomaly_id_00_00000001.wav,00,1,-0.20962117612361908,-0.24492841958999634,1,True
Protocol 2 ConvAE + LOF,anomaly/anomaly_id_00_00000042.wav,00,1,-0.2603653371334076,-0.24492841958999634,0,False
Protocol 2 ConvAE + LOF,anomaly/anomaly_id_00_00000122.wav,00,1,-0.43048226833343506,-0.24492841958999634,0,False
Protocol 2 ConvAE + LOF,anomaly/anomaly_id_00_00000017.wav,00,1,0.23392587900161743,-0.24492841958999634,1,True
Protocol 2 ConvAE + LOF,anomaly/anomaly_id_02_00000024.wav,02,1,-0.453022837638855,-0.24492841958999634,0,False
Protocol 2 ConvAE + LOF,anomaly/anomaly_id_04_00000043.wav,04,1,-0.017764819785952568,-0.24492841958999634,1,True
Protocol 2 ConvAE + LOF,anomaly/anomaly_id_04_00000055.wav,04,1,-0.362343430519104,-0.24492841958999634,0,False
Protocol 2 ConvAE + LOF,anomaly/anomaly_id_00_00000076.wav,00,1,-0.03779779374599457,-0.24492841958999634,1,True
Protocol 2 ConvAE + LOF,anomaly/anomaly_id_04_00000059.wav,04,1,-0.18791745603084564,-0.24492841958999634,1,True
Protocol 2 ConvAE + LOF,anomaly/anomaly_id_04_00000042.wav,04,1,-0.22114382684230804,-0.24492841958999634,1,True
Protocol 2 ConvAE + LOF,anomaly/anomaly_id_02_00000065.wav,02,1,0.10834410786628723,-0.24492841958999634,1,True
Protocol 2 ConvAE + LOF,anomaly/anomaly_id_04_00000071.wav,04,1,-0.4470818340778351,-0.24492841958999634,0,False
Protocol 2 ConvAE + LOF,anomaly/anomaly_id_00_00000031.wav,00,1,-0.10009344667196274,-0.24492841958999634,1,True
Protocol 2 ConvAE + LOF,anomaly/anomaly_id_00_00000129.wav,00,1,0.040859486907720566,-0.24492841958999634,1,True
Protocol 2 ConvAE + LOF,anomaly/anomaly_id_06_00000049.wav,06,1,-0.34346267580986023,-0.24492841958999634,0,False
Protocol 2 ConvAE + LOF,anomaly/anomaly_id_00_00000105.wav,00,1,-0.4831273853778839,-0.24492841958999634,0,False
Protocol 2 ConvAE + LOF,anomaly/anomaly_id_04_00000036.wav,04,1,0.4317268133163452,-0.24492841958999634,1,True
Protocol 2 ConvAE + LOF,anomaly/anomaly_id_04_00000013.wav,04,1,0.31711113452911377,-0.24492841958999634,1,True
Protocol 2 ConvAE + LOF,anomaly/anomaly_id_06_00000044.wav,06,1,-0.3881596624851227,-0.24492841958999634,0,False
Protocol 2 ConvAE + LOF,anomaly/anomaly_id_02_00000069.wav,02,1,-0.4216374158859253,-0.24492841958999634,0,False
Protocol 2 ConvAE + LOF,anomaly/anomaly_id_00_00000043.wav,00,1,-0.12984317541122437,-0.24492841958999634,1,True
Protocol 2 ConvAE + LOF,anomaly/anomaly_id_06_00000072.wav,06,1,-0.15222343802452087,-0.24492841958999634,1,True
Protocol 2 ConvAE + LOF,anomaly/anomaly_id_02_00000017.wav,02,1,-0.46029213070869446,-0.24492841958999634,0,False
Protocol 2 ConvAE + LOF,anomaly/anomaly_id_04_00000063.wav,04,1,-0.0885666087269783,-0.24492841958999634,1,True
Protocol 2 ConvAE + LOF,anomaly/anomaly_id_00_00000057.wav,00,1,-0.12305884808301926,-0.24492841958999634,1,True
Protocol 2 ConvAE + LOF,anomaly/anomaly_id_04_00000025.wav,04,1,-0.14416047930717468,-0.24492841958999634,1,True
Protocol 2 ConvAE + LOF,anomaly/anomaly_id_00_00000023.wav,00,1,-0.13779591023921967,-0.24492841958999634,1,True
Protocol 2 ConvAE + LOF,anomaly/anomaly_id_04_00000018.wav,04,1,-0.24057000875473022,-0.24492841958999634,1,True
Protocol 2 ConvAE + LOF,anomaly/anomaly_id_00_00000015.wav,00,1,-0.24667340517044067,-0.24492841958999634,0,False
Protocol 2 ConvAE + LOF,anomaly/anomaly_id_04_00000062.wav,04,1,-0.17494946718215942,-0.24492841958999634,1,True
Protocol 2 ConvAE + LOF,anomaly/anomaly_id_00_00000109.wav,00,1,-0.1671258956193924,-0.24492841958999634,1,True
Protocol 2 ConvAE + LOF,anomaly/anomaly_id_00_00000137.wav,00,1,0.013283384963870049,-0.24492841958999634,1,True
Protocol 2 ConvAE + LOF,anomaly/anomaly_id_02_00000047.wav,02,1,-0.48973003029823303,-0.24492841958999634,0,False
Protocol 2 ConvAE + LOF,anomaly/anomaly_id_04_00000033.wav,04,1,0.20585042238235474,-0.24492841958999634,1,True
Protocol 2 ConvAE + LOF,anomaly/anomaly_id_00_00000016.wav,00,1,0.3104656934738159,-0.24492841958999634,1,True
Protocol 2 ConvAE + LOF,anomaly/anomaly_id_04_00000046.wav,04,1,-0.08730801939964294,-0.24492841958999634,1,True
Protocol 2 ConvAE + LOF,anomaly/anomaly_id_02_00000097.wav,02,1,0.5604145526885986,-0.24492841958999634,1,True
Protocol 2 ConvAE + LOF,anomaly/anomaly_id_00_00000110.wav,00,1,-0.40090450644493103,-0.24492841958999634,0,False
Protocol 2 ConvAE + LOF,anomaly/anomaly_id_02_00000052.wav,02,1,-0.44454240798950195,-0.24492841958999634,0,False
Protocol 2 ConvAE + LOF,anomaly/anomaly_id_00_00000034.wav,00,1,0.02236313372850418,-0.24492841958999634,1,True
Protocol 2 ConvAE + LOF,anomaly/anomaly_id_04_00000032.wav,04,1,0.026509735733270645,-0.24492841958999634,1,True
Protocol 2 ConvAE + LOF,anomaly/anomaly_id_04_00000060.wav,04,1,-0.17756620049476624,-0.24492841958999634,1,True
Protocol 2 ConvAE + LOF,anomaly/anomaly_id_00_00000035.wav,00,1,0.11352874338626862,-0.24492841958999634,1,True
Protocol 2 ConvAE + LOF,anomaly/anomaly_id_04_00000079.wav,04,1,-0.17124031484127045,-0.24492841958999634,1,True
Protocol 2 ConvAE + LOF,anomaly/anomaly_id_02_00000039.wav,02,1,-0.49570968747138977,-0.24492841958999634,0,False
Protocol 2 ConvAE + LOF,anomaly/anomaly_id_00_00000049.wav,00,1,-0.23002362251281738,-0.24492841958999634,1,True
Protocol 2 ConvAE + LOF,anomaly/anomaly_id_00_00000006.wav,00,1,-0.261698842048645,-0.24492841958999634,0,False
Protocol 2 ConvAE + LOF,anomaly/anomaly_id_00_00000102.wav,00,1,-0.07644373923540115,-0.24492841958999634,1,True
Protocol 2 ConvAE + LOF,anomaly/anomaly_id_02_00000032.wav,02,1,-0.4037095308303833,-0.24492841958999634,0,False
Protocol 2 ConvAE + LOF,anomaly/anomaly_id_00_00000139.wav,00,1,-0.17599143087863922,-0.24492841958999634,1,True
Protocol 2 ConvAE + LOF,anomaly/anomaly_id_06_00000084.wav,06,1,-0.32976025342941284,-0.24492841958999634,0,False
Protocol 2 ConvAE + LOF,anomaly/anomaly_id_00_00000041.wav,00,1,-0.38356027007102966,-0.24492841958999634,0,False
Protocol 2 ConvAE + LOF,anomaly/anomaly_id_06_00000012.wav,06,1,-0.013856317847967148,-0.24492841958999634,1,True
Protocol 2 ConvAE + LOF,anomaly/anomaly_id_00_00000022.wav,00,1,-0.43918687105178833,-0.24492841958999634,0,False
Protocol 2 ConvAE + LOF,anomaly/anomaly_id_04_00000021.wav,04,1,-0.18277046084403992,-0.24492841958999634,1,True
Protocol 2 ConvAE + LOF,anomaly/anomaly_id_02_00000020.wav,02,1,0.27714845538139343,-0.24492841958999634,1,True
Protocol 2 ConvAE + LOF,anomaly/anomaly_id_04_00000066.wav,04,1,-0.19255898892879486,-0.24492841958999634,1,True
Protocol 2 ConvAE + LOF,anomaly/anomaly_id_04_00000049.wav,04,1,-0.3484356701374054,-0.24492841958999634,0,False
Protocol 2 ConvAE + LOF,anomaly/anomaly_id_00_00000113.wav,00,1,0.0267777182161808,-0.24492841958999634,1,True
Protocol 2 ConvAE + LOF,anomaly/anomaly_id_02_00000094.wav,02,1,0.3977455794811249,-0.24492841958999634,1,True
Protocol 2 ConvAE + LOF,anomaly/anomaly_id_06_00000042.wav,06,1,-0.20780062675476074,-0.24492841958999634,1,True
Protocol 2 ConvAE + LOF,anomaly/anomaly_id_06_00000083.wav,06,1,0.13079369068145752,-0.24492841958999634,1,True
Protocol 2 ConvAE + LOF,anomaly/anomaly_id_00_00000014.wav,00,1,0.1724836230278015,-0.24492841958999634,1,True
Protocol 2 ConvAE + LOF,anomaly/anomaly_id_00_00000141.wav,00,1,-0.4861737787723541,-0.24492841958999634,0,False
Protocol 2 ConvAE + LOF,anomaly/anomaly_id_02_00000051.wav,02,1,-0.10559725761413574,-0.24492841958999634,1,True
Protocol 2 ConvAE + LOF,anomaly/anomaly_id_00_00000036.wav,00,1,0.004484785720705986,-0.24492841958999634,1,True
Protocol 2 ConvAE + LOF,anomaly/anomaly_id_00_00000097.wav,00,1,-0.09373010694980621,-0.24492841958999634,1,True
Protocol 2 ConvAE + LOF,anomaly/anomaly_id_06_00000095.wav,06,1,0.061286330223083496,-0.24492841958999634,1,True
Protocol 2 ConvAE + LOF,anomaly/anomaly_id_00_00000136.wav,00,1,-0.4589935541152954,-0.24492841958999634,0,False
Protocol 2 OC-SVM (AE latent),test-normal/normal_id_06_00000054.wav,06,0,-3.37171239191837,-117.22849125902592,1,False
Protocol 2 OC-SVM (AE latent),test-normal/normal_id_06_00000060.wav,06,0,-160.50427146637256,-117.22849125902592,0,True
Protocol 2 OC-SVM (AE latent),test-normal/normal_id_02_00000058.wav,02,0,-2.081175152715073,-117.22849125902592,1,False
Protocol 2 OC-SVM (AE latent),test-normal/normal_id_04_00000039.wav,04,0,2.7205772153118724,-117.22849125902592,1,False
Protocol 2 OC-SVM (AE latent),test-normal/normal_id_06_00000047.wav,06,0,-89.4717374269614,-117.22849125902592,1,False
Protocol 2 OC-SVM (AE latent),test-normal/normal_id_00_00000095.wav,00,0,17.19621667978958,-117.22849125902592,1,False
Protocol 2 OC-SVM (AE latent),test-normal/normal_id_04_00000092.wav,04,0,5.6603942237941185,-117.22849125902592,1,False
Protocol 2 OC-SVM (AE latent),test-normal/normal_id_00_00000092.wav,00,0,-6.305300503549369,-117.22849125902592,1,False
Protocol 2 OC-SVM (AE latent),test-normal/normal_id_06_00000082.wav,06,0,-176.72293411486697,-117.22849125902592,0,True
Protocol 2 OC-SVM (AE latent),test-normal/normal_id_04_00000094.wav,04,0,-95.75053148581429,-117.22849125902592,1,False
Protocol 2 OC-SVM (AE latent),test-normal/normal_id_04_00000063.wav,04,0,6.8383208715538455,-117.22849125902592,1,False
Protocol 2 OC-SVM (AE latent),test-normal/normal_id_02_00000086.wav,02,0,-322.6657084798553,-117.22849125902592,0,True
Protocol 2 OC-SVM (AE latent),test-normal/normal_id_00_00000007.wav,00,0,-37.80102134269229,-117.22849125902592,1,False
Protocol 2 OC-SVM (AE latent),test-normal/normal_id_04_00000076.wav,04,0,-33.46635238454355,-117.22849125902592,1,False
Protocol 2 OC-SVM (AE latent),test-normal/normal_id_06_00000035.wav,06,0,-149.3602411282428,-117.22849125902592,0,True
Protocol 2 OC-SVM (AE latent),test-normal/normal_id_04_00000084.wav,04,0,-126.61299580791405,-117.22849125902592,0,True
Protocol 2 OC-SVM (AE latent),test-normal/normal_id_00_00000060.wav,00,0,-69.46907784748183,-117.22849125902592,1,False
Protocol 2 OC-SVM (AE latent),test-normal/normal_id_06_00000053.wav,06,0,-183.89498749936985,-117.22849125902592,0,True
Protocol 2 OC-SVM (AE latent),test-normal/normal_id_04_00000033.wav,04,0,-60.28313169502355,-117.22849125902592,1,False
Protocol 2 OC-SVM (AE latent),test-normal/normal_id_00_00000088.wav,00,0,-249.65532645634156,-117.22849125902592,0,True
Protocol 2 OC-SVM (AE latent),test-normal/normal_id_06_00000040.wav,06,0,33.21377443393601,-117.22849125902592,1,False
Protocol 2 OC-SVM (AE latent),test-normal/normal_id_04_00000055.wav,04,0,-28.410009498951723,-117.22849125902592,1,False
Protocol 2 OC-SVM (AE latent),test-normal/normal_id_06_00000043.wav,06,0,36.50766080853947,-117.22849125902592,1,False
Protocol 2 OC-SVM (AE latent),test-normal/normal_id_02_00000020.wav,02,0,-208.38667025875554,-117.22849125902592,0,True
Protocol 2 OC-SVM (AE latent),test-normal/normal_id_06_00000061.wav,06,0,49.06781424712253,-117.22849125902592,1,False
Protocol 2 OC-SVM (AE latent),test-normal/normal_id_04_00000014.wav,04,0,-90.36542337041595,-117.22849125902592,1,False
Protocol 2 OC-SVM (AE latent),test-normal/normal_id_00_00000037.wav,00,0,-151.2158696510013,-117.22849125902592,0,True
Protocol 2 OC-SVM (AE latent),test-normal/normal_id_04_00000028.wav,04,0,-70.44195796062291,-117.22849125902592,1,False
Protocol 2 OC-SVM (AE latent),test-normal/normal_id_02_00000062.wav,02,0,-45.92017618146943,-117.22849125902592,1,False
Protocol 2 OC-SVM (AE latent),test-normal/normal_id_06_00000006.wav,06,0,-10.065509358645862,-117.22849125902592,1,False
Protocol 2 OC-SVM (AE latent),test-normal/normal_id_04_00000080.wav,04,0,89.92802995573373,-117.22849125902592,1,False
Protocol 2 OC-SVM (AE latent),test-normal/normal_id_04_00000089.wav,04,0,-96.45774251818781,-117.22849125902592,1,False
Protocol 2 OC-SVM (AE latent),test-normal/normal_id_04_00000082.wav,04,0,-179.16092618765458,-117.22849125902592,0,True
Protocol 2 OC-SVM (AE latent),test-normal/normal_id_00_00000020.wav,00,0,-210.48138707591553,-117.22849125902592,0,True
Protocol 2 OC-SVM (AE latent),test-normal/normal_id_02_00000059.wav,02,0,-199.3923881234107,-117.22849125902592,0,True
Protocol 2 OC-SVM (AE latent),test-normal/normal_id_04_00000054.wav,04,0,-184.16222129527927,-117.22849125902592,0,True
Protocol 2 OC-SVM (AE latent),test-normal/normal_id_02_00000051.wav,02,0,-260.73668748789146,-117.22849125902592,0,True
Protocol 2 OC-SVM (AE latent),test-normal/normal_id_04_00000036.wav,04,0,-192.7228898389118,-117.22849125902592,0,True
Protocol 2 OC-SVM (AE latent),test-normal/normal_id_02_00000061.wav,02,0,-304.3710884636348,-117.22849125902592,0,True
Protocol 2 OC-SVM (AE latent),test-normal/normal_id_06_00000099.wav,06,0,67.4652873009769,-117.22849125902592,1,False
Protocol 2 OC-SVM (AE latent),test-normal/normal_id_04_00000016.wav,04,0,-69.25578364650195,-117.22849125902592,1,False
Protocol 2 OC-SVM (AE latent),test-normal/normal_id_04_00000007.wav,04,0,-0.9919835433049684,-117.22849125902592,1,False
Protocol 2 OC-SVM (AE latent),test-normal/normal_id_04_00000061.wav,04,0,-207.14123302997035,-117.22849125902592,0,True
Protocol 2 OC-SVM (AE latent),test-normal/normal_id_02_00000073.wav,02,0,-211.03453141741588,-117.22849125902592,0,True
Protocol 2 OC-SVM (AE latent),test-normal/normal_id_02_00000012.wav,02,0,-168.26837497897338,-117.22849125902592,0,True
Protocol 2 OC-SVM (AE latent),test-normal/normal_id_00_00000018.wav,00,0,-102.05372424846773,-117.22849125902592,1,False
Protocol 2 OC-SVM (AE latent),test-normal/normal_id_02_00000053.wav,02,0,-83.86190689114615,-117.22849125902592,1,False
Protocol 2 OC-SVM (AE latent),test-normal/normal_id_00_00000011.wav,00,0,46.92678695118002,-117.22849125902592,1,False
Protocol 2 OC-SVM (AE latent),test-normal/normal_id_06_00000032.wav,06,0,-235.60979769437097,-117.22849125902592,0,True
Protocol 2 OC-SVM (AE latent),test-normal/normal_id_06_00000023.wav,06,0,73.26247276831465,-117.22849125902592,1,False
Protocol 2 OC-SVM (AE latent),test-normal/normal_id_04_00000005.wav,04,0,-14.309214673827553,-117.22849125902592,1,False
Protocol 2 OC-SVM (AE latent),test-normal/normal_id_00_00000079.wav,00,0,-43.62724203444044,-117.22849125902592,1,False
Protocol 2 OC-SVM (AE latent),test-normal/normal_id_04_00000002.wav,04,0,40.844383487205675,-117.22849125902592,1,False
Protocol 2 OC-SVM (AE latent),test-normal/normal_id_04_00000059.wav,04,0,43.141709667620546,-117.22849125902592,1,False
Protocol 2 OC-SVM (AE latent),test-normal/normal_id_04_00000035.wav,04,0,-17.57476946980284,-117.22849125902592,1,False
Protocol 2 OC-SVM (AE latent),test-normal/normal_id_06_00000042.wav,06,0,-63.551655415901074,-117.22849125902592,1,False
Protocol 2 OC-SVM (AE latent),test-normal/normal_id_00_00000066.wav,00,0,72.36057664314691,-117.22849125902592,1,False
Protocol 2 OC-SVM (AE latent),test-normal/normal_id_00_00000009.wav,00,0,-151.88878281543543,-117.22849125902592,0,True
Protocol 2 OC-SVM (AE latent),test-normal/normal_id_00_00000059.wav,00,0,-236.29658476079638,-117.22849125902592,0,True
Protocol 2 OC-SVM (AE latent),test-normal/normal_id_06_00000034.wav,06,0,-116.9721094461833,-117.22849125902592,1,False
Protocol 2 OC-SVM (AE latent),test-normal/normal_id_00_00000004.wav,00,0,-177.07313308248956,-117.22849125902592,0,True
Protocol 2 OC-SVM (AE latent),test-normal/normal_id_00_00000094.wav,00,0,-98.85947785522869,-117.22849125902592,1,False
Protocol 2 OC-SVM (AE latent),test-normal/normal_id_00_00000048.wav,00,0,-257.57526452616867,-117.22849125902592,0,True
Protocol 2 OC-SVM (AE latent),test-normal/normal_id_00_00000093.wav,00,0,-42.822874591911905,-117.22849125902592,1,False
Protocol 2 OC-SVM (AE latent),test-normal/normal_id_04_00000051.wav,04,0,-78.15874593502548,-117.22849125902592,1,False
Protocol 2 OC-SVM (AE latent),test-normal/normal_id_04_00000073.wav,04,0,-202.03898130313075,-117.22849125902592,0,True
Protocol 2 OC-SVM (AE latent),test-normal/normal_id_00_00000032.wav,00,0,-50.473895953118216,-117.22849125902592,1,False
Protocol 2 OC-SVM (AE latent),test-normal/normal_id_02_00000055.wav,02,0,-92.77692235667719,-117.22849125902592,1,False
Protocol 2 OC-SVM (AE latent),test-normal/normal_id_02_00000028.wav,02,0,-224.4065323973548,-117.22849125902592,0,True
Protocol 2 OC-SVM (AE latent),test-normal/normal_id_02_00000021.wav,02,0,-37.02560345814618,-117.22849125902592,1,False
Protocol 2 OC-SVM (AE latent),test-normal/normal_id_04_00000027.wav,04,0,-60.49921846817584,-117.22849125902592,1,False
Protocol 2 OC-SVM (AE latent),test-normal/normal_id_02_00000030.wav,02,0,-50.09225559296682,-117.22849125902592,1,False
Protocol 2 OC-SVM (AE latent),test-normal/normal_id_00_00000081.wav,00,0,-40.958391543153944,-117.22849125902592,1,False
Protocol 2 OC-SVM (AE latent),test-normal/normal_id_00_00000052.wav,00,0,-18.700389534440852,-117.22849125902592,1,False
Protocol 2 OC-SVM (AE latent),test-normal/normal_id_06_00000028.wav,06,0,-54.524798296866166,-117.22849125902592,1,False
Protocol 2 OC-SVM (AE latent),test-normal/normal_id_00_00000028.wav,00,0,9.54080363363343,-117.22849125902592,1,False
Protocol 2 OC-SVM (AE latent),test-normal/normal_id_06_00000052.wav,06,0,-13.833575919154292,-117.22849125902592,1,False
Protocol 2 OC-SVM (AE latent),test-normal/normal_id_04_00000009.wav,04,0,-239.26708202810622,-117.22849125902592,0,True
Protocol 2 OC-SVM (AE latent),test-normal/normal_id_02_00000006.wav,02,0,-296.35957424314535,-117.22849125902592,0,True
Protocol 2 OC-SVM (AE latent),test-normal/normal_id_06_00000037.wav,06,0,21.662331015515225,-117.22849125902592,1,False
Protocol 2 OC-SVM (AE latent),test-normal/normal_id_06_00000094.wav,06,0,-150.2540551040409,-117.22849125902592,0,True
Protocol 2 OC-SVM (AE latent),test-normal/normal_id_00_00000021.wav,00,0,-38.18640093409887,-117.22849125902592,1,False
Protocol 2 OC-SVM (AE latent),test-normal/normal_id_04_00000018.wav,04,0,-186.32831185823693,-117.22849125902592,0,True
Protocol 2 OC-SVM (AE latent),test-normal/normal_id_06_00000050.wav,06,0,76.86218076255467,-117.22849125902592,1,False
Protocol 2 OC-SVM (AE latent),test-normal/normal_id_04_00000066.wav,04,0,28.98884300045088,-117.22849125902592,1,False
Protocol 2 OC-SVM (AE latent),test-normal/normal_id_06_00000086.wav,06,0,-1.4685731164811198,-117.22849125902592,1,False
Protocol 2 OC-SVM (AE latent),test-normal/normal_id_06_00000067.wav,06,0,-165.0461128503731,-117.22849125902592,0,True
Protocol 2 OC-SVM (AE latent),test-normal/normal_id_00_00000039.wav,00,0,-70.18126606487323,-117.22849125902592,1,False
Protocol 2 OC-SVM (AE latent),test-normal/normal_id_02_00000088.wav,02,0,20.61608518028224,-117.22849125902592,1,False
Protocol 2 OC-SVM (AE latent),test-normal/normal_id_00_00000013.wav,00,0,-231.90261877178597,-117.22849125902592,0,True
Protocol 2 OC-SVM (AE latent),test-normal/normal_id_02_00000089.wav,02,0,-288.1817043943889,-117.22849125902592,0,True
Protocol 2 OC-SVM (AE latent),test-normal/normal_id_06_00000008.wav,06,0,-171.41413421710217,-117.22849125902592,0,True
Protocol 2 OC-SVM (AE latent),test-normal/normal_id_04_00000020.wav,04,0,-226.22426285049605,-117.22849125902592,0,True
Protocol 2 OC-SVM (AE latent),test-normal/normal_id_00_00000005.wav,00,0,-130.14333014980323,-117.22849125902592,0,True
Protocol 2 OC-SVM (AE latent),test-normal/normal_id_00_00000085.wav,00,0,37.24115695215489,-117.22849125902592,1,False
Protocol 2 OC-SVM (AE latent),test-normal/normal_id_06_00000015.wav,06,0,-6.702532392613045,-117.22849125902592,1,False
Protocol 2 OC-SVM (AE latent),test-normal/normal_id_04_00000078.wav,04,0,119.86636740164211,-117.22849125902592,1,False
Protocol 2 OC-SVM (AE latent),test-normal/normal_id_00_00000078.wav,00,0,-189.77668311664883,-117.22849125902592,0,True
Protocol 2 OC-SVM (AE latent),test-normal/normal_id_02_00000014.wav,02,0,-179.82222328518102,-117.22849125902592,0,True
Protocol 2 OC-SVM (AE latent),test-normal/normal_id_02_00000070.wav,02,0,-136.50777059414145,-117.22849125902592,0,True
Protocol 2 OC-SVM (AE latent),test-normal/normal_id_02_00000023.wav,02,0,2.129778435573494,-117.22849125902592,1,False
Protocol 2 OC-SVM (AE latent),test-normal/normal_id_06_00000001.wav,06,0,45.19491413058237,-117.22849125902592,1,False
Protocol 2 OC-SVM (AE latent),test-normal/normal_id_02_00000003.wav,02,0,-174.45444741534615,-117.22849125902592,0,True
Protocol 2 OC-SVM (AE latent),test-normal/normal_id_00_00000090.wav,00,0,-102.86474713447078,-117.22849125902592,1,False
Protocol 2 OC-SVM (AE latent),test-normal/normal_id_02_00000099.wav,02,0,-24.99638606628399,-117.22849125902592,1,False
Protocol 2 OC-SVM (AE latent),test-normal/normal_id_04_00000074.wav,04,0,-107.79925878118333,-117.22849125902592,1,False
Protocol 2 OC-SVM (AE latent),test-normal/normal_id_06_00000077.wav,06,0,-217.19451184442624,-117.22849125902592,0,True
Protocol 2 OC-SVM (AE latent),test-normal/normal_id_04_00000006.wav,04,0,-46.03739939293474,-117.22849125902592,1,False
Protocol 2 OC-SVM (AE latent),test-normal/normal_id_00_00000087.wav,00,0,-46.21711134339768,-117.22849125902592,1,False
Protocol 2 OC-SVM (AE latent),test-normal/normal_id_04_00000021.wav,04,0,-39.863884126603985,-117.22849125902592,1,False
Protocol 2 OC-SVM (AE latent),test-normal/normal_id_02_00000042.wav,02,0,-309.6212077469841,-117.22849125902592,0,True
Protocol 2 OC-SVM (AE latent),test-normal/normal_id_02_00000011.wav,02,0,-113.94789433846803,-117.22849125902592,1,False
Protocol 2 OC-SVM (AE latent),test-normal/normal_id_06_00000090.wav,06,0,-41.546263731580325,-117.22849125902592,1,False
Protocol 2 OC-SVM (AE latent),test-normal/normal_id_04_00000077.wav,04,0,-22.87455954931757,-117.22849125902592,1,False
Protocol 2 OC-SVM (AE latent),test-normal/normal_id_06_00000064.wav,06,0,-146.54795632329981,-117.22849125902592,0,True
Protocol 2 OC-SVM (AE latent),test-normal/normal_id_02_00000087.wav,02,0,6.21982989543892,-117.22849125902592,1,False
Protocol 2 OC-SVM (AE latent),test-normal/normal_id_00_00000065.wav,00,0,-72.04515862753856,-117.22849125902592,1,False
Protocol 2 OC-SVM (AE latent),test-normal/normal_id_06_00000079.wav,06,0,-44.14732834601768,-117.22849125902592,1,False
Protocol 2 OC-SVM (AE latent),test-normal/normal_id_00_00000099.wav,00,0,15.812503415790843,-117.22849125902592,1,False
Protocol 2 OC-SVM (AE latent),test-normal/normal_id_00_00000071.wav,00,0,-51.175561182947035,-117.22849125902592,1,False
Protocol 2 OC-SVM (AE latent),test-normal/normal_id_06_00000059.wav,06,0,-55.91941484897015,-117.22849125902592,1,False
Protocol 2 OC-SVM (AE latent),test-normal/normal_id_00_00000069.wav,00,0,131.33194809396934,-117.22849125902592,1,False
Protocol 2 OC-SVM (AE latent),test-normal/normal_id_06_00000024.wav,06,0,-227.88233790531206,-117.22849125902592,0,True
Protocol 2 OC-SVM (AE latent),test-normal/normal_id_02_00000025.wav,02,0,-172.51029561975363,-117.22849125902592,0,True
Protocol 2 OC-SVM (AE latent),test-normal/normal_id_02_00000077.wav,02,0,-31.11887041817378,-117.22849125902592,1,False
Protocol 2 OC-SVM (AE latent),test-normal/normal_id_04_00000024.wav,04,0,-81.57894949813542,-117.22849125902592,1,False
Protocol 2 OC-SVM (AE latent),test-normal/normal_id_06_00000087.wav,06,0,18.764459796953055,-117.22849125902592,1,False
Protocol 2 OC-SVM (AE latent),test-normal/normal_id_02_00000017.wav,02,0,-129.11390736578397,-117.22849125902592,0,True
Protocol 2 OC-SVM (AE latent),test-normal/normal_id_00_00000074.wav,00,0,-208.88649863902742,-117.22849125902592,0,True
Protocol 2 OC-SVM (AE latent),test-normal/normal_id_00_00000010.wav,00,0,24.697825746357253,-117.22849125902592,1,False
Protocol 2 OC-SVM (AE latent),test-normal/normal_id_02_00000016.wav,02,0,-226.90659355242016,-117.22849125902592,0,True
Protocol 2 OC-SVM (AE latent),test-normal/normal_id_06_00000041.wav,06,0,-72.14709161846312,-117.22849125902592,1,False
Protocol 2 OC-SVM (AE latent),test-normal/normal_id_02_00000057.wav,02,0,46.22448647271634,-117.22849125902592,1,False
Protocol 2 OC-SVM (AE latent),test-normal/normal_id_00_00000063.wav,00,0,-45.33393996605459,-117.22849125902592,1,False
Protocol 2 OC-SVM (AE latent),test-normal/normal_id_04_00000023.wav,04,0,-106.9564806935929,-117.22849125902592,1,False
Protocol 2 OC-SVM (AE latent),test-normal/normal_id_00_00000001.wav,00,0,-165.10946837145372,-117.22849125902592,0,True
Protocol 2 OC-SVM (AE latent),test-normal/normal_id_00_00000042.wav,00,0,-40.140847695523426,-117.22849125902592,1,False
Protocol 2 OC-SVM (AE latent),test-normal/normal_id_02_00000022.wav,02,0,-39.08265609080571,-117.22849125902592,1,False
Protocol 2 OC-SVM (AE latent),test-normal/normal_id_00_00000017.wav,00,0,-182.40607671370583,-117.22849125902592,0,True
Protocol 2 OC-SVM (AE latent),test-normal/normal_id_02_00000067.wav,02,0,-89.10490345743902,-117.22849125902592,1,False
Protocol 2 OC-SVM (AE latent),test-normal/normal_id_04_00000097.wav,04,0,-78.78072529732579,-117.22849125902592,1,False
Protocol 2 OC-SVM (AE latent),test-normal/normal_id_06_00000009.wav,06,0,18.771978371055486,-117.22849125902592,1,False
Protocol 2 OC-SVM (AE latent),test-normal/normal_id_00_00000076.wav,00,0,-198.8250134070872,-117.22849125902592,0,True
Protocol 2 OC-SVM (AE latent),test-normal/normal_id_06_00000013.wav,06,0,61.48202309231461,-117.22849125902592,1,False
Protocol 2 OC-SVM (AE latent),test-normal/normal_id_04_00000096.wav,04,0,99.29327580503258,-117.22849125902592,1,False
Protocol 2 OC-SVM (AE latent),test-normal/normal_id_04_00000008.wav,04,0,116.3560105195774,-117.22849125902592,1,False
Protocol 2 OC-SVM (AE latent),test-normal/normal_id_06_00000025.wav,06,0,-82.52050138099166,-117.22849125902592,1,False
Protocol 2 OC-SVM (AE latent),test-normal/normal_id_00_00000031.wav,00,0,-264.3824382572727,-117.22849125902592,0,True
Protocol 2 OC-SVM (AE latent),test-normal/normal_id_02_00000029.wav,02,0,-27.254835409511518,-117.22849125902592,1,False
Protocol 2 OC-SVM (AE latent),test-normal/normal_id_06_00000051.wav,06,0,-249.79742469281032,-117.22849125902592,0,True
Protocol 2 OC-SVM (AE latent),test-normal/normal_id_02_00000005.wav,02,0,-148.09286542298045,-117.22849125902592,0,True
Protocol 2 OC-SVM (AE latent),test-normal/normal_id_04_00000090.wav,04,0,-148.33319027213912,-117.22849125902592,0,True
Protocol 2 OC-SVM (AE latent),test-normal/normal_id_04_00000067.wav,04,0,-202.76239986822893,-117.22849125902592,0,True
Protocol 2 OC-SVM (AE latent),test-normal/normal_id_04_00000012.wav,04,0,-195.09345495909457,-117.22849125902592,0,True
Protocol 2 OC-SVM (AE latent),test-normal/normal_id_00_00000043.wav,00,0,-258.81693089590607,-117.22849125902592,0,True
Protocol 2 OC-SVM (AE latent),test-normal/normal_id_06_00000073.wav,06,0,63.07549379205031,-117.22849125902592,1,False
Protocol 2 OC-SVM (AE latent),test-normal/normal_id_02_00000060.wav,02,0,-295.9645223295274,-117.22849125902592,0,True
Protocol 2 OC-SVM (AE latent),test-normal/normal_id_06_00000017.wav,06,0,24.722158527312043,-117.22849125902592,1,False
Protocol 2 OC-SVM (AE latent),test-normal/normal_id_00_00000057.wav,00,0,-90.23218784797547,-117.22849125902592,1,False
Protocol 2 OC-SVM (AE latent),test-normal/normal_id_04_00000079.wav,04,0,-10.90489092807806,-117.22849125902592,1,False
Protocol 2 OC-SVM (AE latent),test-normal/normal_id_00_00000023.wav,00,0,19.623129771254767,-117.22849125902592,1,False
Protocol 2 OC-SVM (AE latent),test-normal/normal_id_04_00000072.wav,04,0,30.217023103160514,-117.22849125902592,1,False
Protocol 2 OC-SVM (AE latent),test-normal/normal_id_00_00000015.wav,00,0,36.31290669278811,-117.22849125902592,1,False
Protocol 2 OC-SVM (AE latent),test-normal/normal_id_06_00000016.wav,06,0,-245.2359028735272,-117.22849125902592,0,True
Protocol 2 OC-SVM (AE latent),test-normal/normal_id_02_00000009.wav,02,0,-4.0656544127898036,-117.22849125902592,1,False
Protocol 2 OC-SVM (AE latent),test-normal/normal_id_02_00000037.wav,02,0,-301.72766726179583,-117.22849125902592,0,True
Protocol 2 OC-SVM (AE latent),test-normal/normal_id_02_00000090.wav,02,0,-165.6553717596618,-117.22849125902592,0,True
Protocol 2 OC-SVM (AE latent),test-normal/normal_id_04_00000087.wav,04,0,-80.40094427849141,-117.22849125902592,1,False
Protocol 2 OC-SVM (AE latent),test-normal/normal_id_00_00000016.wav,00,0,34.29948907054519,-117.22849125902592,1,False
Protocol 2 OC-SVM (AE latent),test-normal/normal_id_06_00000000.wav,06,0,-61.981430680724515,-117.22849125902592,1,False
Protocol 2 OC-SVM (AE latent),test-normal/normal_id_04_00000040.wav,04,0,-112.86901113347363,-117.22849125902592,1,False
Protocol 2 OC-SVM (AE latent),test-normal/normal_id_02_00000010.wav,02,0,-307.59469328009266,-117.22849125902592,0,True
Protocol 2 OC-SVM (AE latent),test-normal/normal_id_02_00000095.wav,02,0,-169.24583602236112,-117.22849125902592,0,True
Protocol 2 OC-SVM (AE latent),test-normal/normal_id_00_00000034.wav,00,0,-183.5966778587075,-117.22849125902592,0,True
Protocol 2 OC-SVM (AE latent),test-normal/normal_id_04_00000086.wav,04,0,-10.033689346729428,-117.22849125902592,1,False
Protocol 2 OC-SVM (AE latent),test-normal/normal_id_06_00000014.wav,06,0,-51.28687771346971,-117.22849125902592,1,False
Protocol 2 OC-SVM (AE latent),test-normal/normal_id_00_00000035.wav,00,0,-53.87020719115594,-117.22849125902592,1,False
Protocol 2 OC-SVM (AE latent),test-normal/normal_id_06_00000033.wav,06,0,2.6976785096941063,-117.22849125902592,1,False
Protocol 2 OC-SVM (AE latent),test-normal/normal_id_02_00000082.wav,02,0,-54.715316643101815,-117.22849125902592,1,False
Protocol 2 OC-SVM (AE latent),test-normal/normal_id_00_00000049.wav,00,0,-5.450231529019551,-117.22849125902592,1,False
Protocol 2 OC-SVM (AE latent),test-normal/normal_id_00_00000006.wav,00,0,-5.954520589483258,-117.22849125902592,1,False
Protocol 2 OC-SVM (AE latent),test-normal/normal_id_02_00000002.wav,02,0,-66.85671045729492,-117.22849125902592,1,False
Protocol 2 OC-SVM (AE latent),test-normal/normal_id_02_00000075.wav,02,0,-216.73320353972224,-117.22849125902592,0,True
Protocol 2 OC-SVM (AE latent),test-normal/normal_id_02_00000039.wav,02,0,-183.04724051021566,-117.22849125902592,0,True
Protocol 2 OC-SVM (AE latent),test-normal/normal_id_06_00000085.wav,06,0,-65.50648267458463,-117.22849125902592,1,False
Protocol 2 OC-SVM (AE latent),test-normal/normal_id_00_00000041.wav,00,0,-245.28506464268742,-117.22849125902592,0,True
Protocol 2 OC-SVM (AE latent),test-normal/normal_id_06_00000066.wav,06,0,-37.773243230159736,-117.22849125902592,1,False
Protocol 2 OC-SVM (AE latent),test-normal/normal_id_00_00000022.wav,00,0,95.536634163199,-117.22849125902592,1,False
Protocol 2 OC-SVM (AE latent),test-normal/normal_id_04_00000075.wav,04,0,-168.53653425151506,-117.22849125902592,0,True
Protocol 2 OC-SVM (AE latent),test-normal/normal_id_02_00000063.wav,02,0,-25.48939265882089,-117.22849125902592,1,False
Protocol 2 OC-SVM (AE latent),test-normal/normal_id_06_00000020.wav,06,0,-20.81593228458473,-117.22849125902592,1,False
Protocol 2 OC-SVM (AE latent),test-normal/normal_id_06_00000003.wav,06,0,86.96163642760285,-117.22849125902592,1,False
Protocol 2 OC-SVM (AE latent),test-normal/normal_id_02_00000013.wav,02,0,2.925629318018764,-117.22849125902592,1,False
Protocol 2 OC-SVM (AE latent),test-normal/normal_id_04_00000037.wav,04,0,-19.472427738139245,-117.22849125902592,1,False
Protocol 2 OC-SVM (AE latent),test-normal/normal_id_00_00000014.wav,00,0,-228.90690775988722,-117.22849125902592,0,True
Protocol 2 OC-SVM (AE latent),test-normal/normal_id_02_00000041.wav,02,0,-2.3990731507810334,-117.22849125902592,1,False
Protocol 2 OC-SVM (AE latent),test-normal/normal_id_02_00000094.wav,02,0,-20.787567817982094,-117.22849125902592,1,False
Protocol 2 OC-SVM (AE latent),test-normal/normal_id_00_00000036.wav,00,0,-22.778549475119295,-117.22849125902592,1,False
Protocol 2 OC-SVM (AE latent),test-normal/normal_id_00_00000097.wav,00,0,-213.49434328877098,-117.22849125902592,0,True
Protocol 2 OC-SVM (AE latent),test-normal/normal_id_02_00000036.wav,02,0,-216.89692596612795,-117.22849125902592,0,True
Protocol 2 OC-SVM (AE latent),anomaly/anomaly_id_02_00000089.wav,02,1,103.54337595219039,-117.22849125902592,1,True
Protocol 2 OC-SVM (AE latent),anomaly/anomaly_id_04_00000073.wav,04,1,-20.812364880448413,-117.22849125902592,1,True
Protocol 2 OC-SVM (AE latent),anomaly/anomaly_id_06_00000051.wav,06,1,9.654163689305392,-117.22849125902592,1,True
Protocol 2 OC-SVM (AE latent),anomaly/anomaly_id_04_00000035.wav,04,1,-169.26716295628594,-117.22849125902592,0,False
Protocol 2 OC-SVM (AE latent),anomaly/anomaly_id_04_00000001.wav,04,1,-74.79838951179984,-117.22849125902592,1,True
Protocol 2 OC-SVM (AE latent),anomaly/anomaly_id_04_00000011.wav,04,1,-8.266662085731964,-117.22849125902592,1,True
Protocol 2 OC-SVM (AE latent),anomaly/anomaly_id_04_00000080.wav,04,1,-128.7759050016941,-117.22849125902592,0,False
Protocol 2 OC-SVM (AE latent),anomaly/anomaly_id_06_00000036.wav,06,1,-59.081251659265426,-117.22849125902592,1,True
Protocol 2 OC-SVM (AE latent),anomaly/anomaly_id_00_00000024.wav,00,1,2.370466940356061,-117.22849125902592,1,True
Protocol 2 OC-SVM (AE latent),anomaly/anomaly_id_04_00000098.wav,04,1,82.62063702010781,-117.22849125902592,1,True
Protocol 2 OC-SVM (AE latent),anomaly/anomaly_id_04_00000058.wav,04,1,83.08415177488729,-117.22849125902592,1,True
Protocol 2 OC-SVM (AE latent),anomaly/anomaly_id_02_00000091.wav,02,1,20.734710085160273,-117.22849125902592,1,True
Protocol 2 OC-SVM (AE latent),anomaly/anomaly_id_04_00000037.wav,04,1,-168.7189282091691,-117.22849125902592,0,False
Protocol 2 OC-SVM (AE latent),anomaly/anomaly_id_04_00000070.wav,04,1,103.28560562054211,-117.22849125902592,1,True
Protocol 2 OC-SVM (AE latent),anomaly/anomaly_id_00_00000068.wav,00,1,152.2212175270714,-117.22849125902592,1,True
Protocol 2 OC-SVM (AE latent),anomaly/anomaly_id_00_00000056.wav,00,1,-257.3126646822354,-117.22849125902592,0,False
Protocol 2 OC-SVM (AE latent),anomaly/anomaly_id_02_00000087.wav,02,1,50.2360243989017,-117.22849125902592,1,True
Protocol 2 OC-SVM (AE latent),anomaly/anomaly_id_00_00000019.wav,00,1,19.250071781098676,-117.22849125902592,1,True
Protocol 2 OC-SVM (AE latent),anomaly/anomaly_id_02_00000021.wav,02,1,30.756474726711833,-117.22849125902592,1,True
Protocol 2 OC-SVM (AE latent),anomaly/anomaly_id_02_00000095.wav,02,1,-294.2487994542879,-117.22849125902592,0,False
Protocol 2 OC-SVM (AE latent),anomaly/anomaly_id_06_00000088.wav,06,1,47.204681947811714,-117.22849125902592,1,True
Protocol 2 OC-SVM (AE latent),anomaly/anomaly_id_02_00000070.wav,02,1,-31.06264752547559,-117.22849125902592,1,True
Protocol 2 OC-SVM (AE latent),anomaly/anomaly_id_00_00000060.wav,00,1,38.27863988657204,-117.22849125902592,1,True
Protocol 2 OC-SVM (AE latent),anomaly/anomaly_id_06_00000026.wav,06,1,-142.99277787098256,-117.22849125902592,0,False
Protocol 2 OC-SVM (AE latent),anomaly/anomaly_id_00_00000073.wav,00,1,-170.15999209833527,-117.22849125902592,0,False
Protocol 2 OC-SVM (AE latent),anomaly/anomaly_id_02_00000090.wav,02,1,-163.10412986510562,-117.22849125902592,0,False
Protocol 2 OC-SVM (AE latent),anomaly/anomaly_id_00_00000003.wav,00,1,39.99595142335956,-117.22849125902592,1,True
Protocol 2 OC-SVM (AE latent),anomaly/anomaly_id_04_00000053.wav,04,1,62.665283297437604,-117.22849125902592,1,True
Protocol 2 OC-SVM (AE latent),anomaly/anomaly_id_06_00000067.wav,06,1,-175.06986910009212,-117.22849125902592,0,False
Protocol 2 OC-SVM (AE latent),anomaly/anomaly_id_06_00000013.wav,06,1,-191.64529742009847,-117.22849125902592,0,False
Protocol 2 OC-SVM (AE latent),anomaly/anomaly_id_06_00000028.wav,06,1,-46.11865702660303,-117.22849125902592,1,True
Protocol 2 OC-SVM (AE latent),anomaly/anomaly_id_04_00000005.wav,04,1,73.12406289411072,-117.22849125902592,1,True
Protocol 2 OC-SVM (AE latent),anomaly/anomaly_id_02_00000035.wav,02,1,-14.493745567381556,-117.22849125902592,1,True
Protocol 2 OC-SVM (AE latent),anomaly/anomaly_id_04_00000086.wav,04,1,4.943762159327997,-117.22849125902592,1,True
Protocol 2 OC-SVM (AE latent),anomaly/anomaly_id_00_00000118.wav,00,1,-80.57682636987118,-117.22849125902592,1,True
Protocol 2 OC-SVM (AE latent),anomaly/anomaly_id_02_00000106.wav,02,1,16.297757966435796,-117.22849125902592,1,True
Protocol 2 OC-SVM (AE latent),anomaly/anomaly_id_04_00000029.wav,04,1,-199.50351239346077,-117.22849125902592,0,False
Protocol 2 OC-SVM (AE latent),anomaly/anomaly_id_00_00000047.wav,00,1,107.92808627850559,-117.22849125902592,1,True
Protocol 2 OC-SVM (AE latent),anomaly/anomaly_id_02_00000092.wav,02,1,84.15614188563319,-117.22849125902592,1,True
Protocol 2 OC-SVM (AE latent),anomaly/anomaly_id_00_00000127.wav,00,1,-96.77004476414108,-117.22849125902592,1,True
Protocol 2 OC-SVM (AE latent),anomaly/anomaly_id_02_00000003.wav,02,1,-30.432722608583454,-117.22849125902592,1,True
Protocol 2 OC-SVM (AE latent),anomaly/anomaly_id_06_00000071.wav,06,1,-152.66840351774493,-117.22849125902592,0,False
Protocol 2 OC-SVM (AE latent),anomaly/anomaly_id_00_00000027.wav,00,1,-21.728149488887123,-117.22849125902592,1,True
Protocol 2 OC-SVM (AE latent),anomaly/anomaly_id_06_00000010.wav,06,1,61.395670125865244,-117.22849125902592,1,True
Protocol 2 OC-SVM (AE latent),anomaly/anomaly_id_00_00000062.wav,00,1,-26.238062016747726,-117.22849125902592,1,True
Protocol 2 OC-SVM (AE latent),anomaly/anomaly_id_06_00000027.wav,06,1,-165.38798278895877,-117.22849125902592,0,False
Protocol 2 OC-SVM (AE latent),anomaly/anomaly_id_06_00000098.wav,06,1,-219.58958124881414,-117.22849125902592,0,False
Protocol 2 OC-SVM (AE latent),anomaly/anomaly_id_04_00000096.wav,04,1,152.54959305212054,-117.22849125902592,1,True
Protocol 2 OC-SVM (AE latent),anomaly/anomaly_id_04_00000064.wav,04,1,9.716963124577651,-117.22849125902592,1,True
Protocol 2 OC-SVM (AE latent),anomaly/anomaly_id_02_00000110.wav,02,1,-10.683469857751712,-117.22849125902592,1,True
Protocol 2 OC-SVM (AE latent),anomaly/anomaly_id_04_00000000.wav,04,1,73.7198025650244,-117.22849125902592,1,True
Protocol 2 OC-SVM (AE latent),anomaly/anomaly_id_06_00000060.wav,06,1,136.6638609900655,-117.22849125902592,1,True
Protocol 2 OC-SVM (AE latent),anomaly/anomaly_id_02_00000000.wav,02,1,115.64685195626728,-117.22849125902592,1,True
Protocol 2 OC-SVM (AE latent),anomaly/anomaly_id_02_00000057.wav,02,1,127.79971639190234,-117.22849125902592,1,True
Protocol 2 OC-SVM (AE latent),anomaly/anomaly_id_04_00000026.wav,04,1,-158.42968048460583,-117.22849125902592,0,False
Protocol 2 OC-SVM (AE latent),anomaly/anomaly_id_00_00000038.wav,00,1,-7.3809433857266775,-117.22849125902592,1,True
Protocol 2 OC-SVM (AE latent),anomaly/anomaly_id_06_00000023.wav,06,1,-11.499548081160546,-117.22849125902592,1,True
Protocol 2 OC-SVM (AE latent),anomaly/anomaly_id_00_00000029.wav,00,1,-66.27626567100103,-117.22849125902592,1,True
Protocol 2 OC-SVM (AE latent),anomaly/anomaly_id_00_00000089.wav,00,1,-167.46108581427686,-117.22849125902592,0,False
Protocol 2 OC-SVM (AE latent),anomaly/anomaly_id_02_00000093.wav,02,1,44.43358022441231,-117.22849125902592,1,True
Protocol 2 OC-SVM (AE latent),anomaly/anomaly_id_00_00000098.wav,00,1,86.18409836035758,-117.22849125902592,1,True
Protocol 2 OC-SVM (AE latent),anomaly/anomaly_id_00_00000119.wav,00,1,27.232035507100914,-117.22849125902592,1,True
Protocol 2 OC-SVM (AE latent),anomaly/anomaly_id_02_00000005.wav,02,1,-221.39918239612882,-117.22849125902592,0,False
Protocol 2 OC-SVM (AE latent),anomaly/anomaly_id_02_00000053.wav,02,1,43.956065978370994,-117.22849125902592,1,True
Protocol 2 OC-SVM (AE latent),anomaly/anomaly_id_04_00000093.wav,04,1,131.52572438904087,-117.22849125902592,1,True
Protocol 2 OC-SVM (AE latent),anomaly/anomaly_id_04_00000038.wav,04,1,-36.354110327084555,-117.22849125902592,1,True
Protocol 2 OC-SVM (AE latent),anomaly/anomaly_id_00_00000134.wav,00,1,-26.136159547333776,-117.22849125902592,1,True
Protocol 2 OC-SVM (AE latent),anomaly/anomaly_id_02_00000068.wav,02,1,85.55292062852448,-117.22849125902592,1,True
Protocol 2 OC-SVM (AE latent),anomaly/anomaly_id_00_00000012.wav,00,1,10.743064976242083,-117.22849125902592,1,True
Protocol 2 OC-SVM (AE latent),anomaly/anomaly_id_02_00000082.wav,02,1,77.9074472668768,-117.22849125902592,1,True
Protocol 2 OC-SVM (AE latent),anomaly/anomaly_id_00_00000067.wav,00,1,-142.41565560162158,-117.22849125902592,0,False
Protocol 2 OC-SVM (AE latent),anomaly/anomaly_id_00_00000108.wav,00,1,-14.359592024719099,-117.22849125902592,1,True
Protocol 2 OC-SVM (AE latent),anomaly/anomaly_id_00_00000084.wav,00,1,-22.14846666289329,-117.22849125902592,1,True
Protocol 2 OC-SVM (AE latent),anomaly/anomaly_id_04_00000094.wav,04,1,73.08486248237249,-117.22849125902592,1,True
Protocol 2 OC-SVM (AE latent),anomaly/anomaly_id_02_00000058.wav,02,1,91.61937797834388,-117.22849125902592,1,True
Protocol 2 OC-SVM (AE latent),anomaly/anomaly_id_06_00000019.wav,06,1,-164.86499877561016,-117.22849125902592,0,False
Protocol 2 OC-SVM (AE latent),anomaly/anomaly_id_06_00000093.wav,06,1,-183.70154906182134,-117.22849125902592,0,False
Protocol 2 OC-SVM (AE latent),anomaly/anomaly_id_00_00000030.wav,00,1,86.41691179398471,-117.22849125902592,1,True
Protocol 2 OC-SVM (AE latent),anomaly/anomaly_id_00_00000007.wav,00,1,-83.72056746425469,-117.22849125902592,1,True
Protocol 2 OC-SVM (AE latent),anomaly/anomaly_id_06_00000022.wav,06,1,-37.22487876972806,-117.22849125902592,1,True
Protocol 2 OC-SVM (AE latent),anomaly/anomaly_id_06_00000091.wav,06,1,-198.92295609120578,-117.22849125902592,0,False
Protocol 2 OC-SVM (AE latent),anomaly/anomaly_id_02_00000102.wav,02,1,-38.27366501555522,-117.22849125902592,1,True
Protocol 2 OC-SVM (AE latent),anomaly/anomaly_id_00_00000025.wav,00,1,-184.31637642117343,-117.22849125902592,0,False
Protocol 2 OC-SVM (AE latent),anomaly/anomaly_id_00_00000092.wav,00,1,-336.6216683183463,-117.22849125902592,0,False
Protocol 2 OC-SVM (AE latent),anomaly/anomaly_id_04_00000050.wav,04,1,89.09738718799474,-117.22849125902592,1,True
Protocol 2 OC-SVM (AE latent),anomaly/anomaly_id_06_00000080.wav,06,1,-216.3810316414831,-117.22849125902592,0,False
Protocol 2 OC-SVM (AE latent),anomaly/anomaly_id_06_00000087.wav,06,1,-8.72028731804943,-117.22849125902592,1,True
Protocol 2 OC-SVM (AE latent),anomaly/anomaly_id_06_00000094.wav,06,1,-103.53621210135914,-117.22849125902592,1,True
Protocol 2 OC-SVM (AE latent),anomaly/anomaly_id_04_00000019.wav,04,1,59.43619111355156,-117.22849125902592,1,True
Protocol 2 OC-SVM (AE latent),anomaly/anomaly_id_02_00000104.wav,02,1,91.26156002921279,-117.22849125902592,1,True
Protocol 2 OC-SVM (AE latent),anomaly/anomaly_id_00_00000040.wav,00,1,45.15947723613354,-117.22849125902592,1,True
Protocol 2 OC-SVM (AE latent),anomaly/anomaly_id_06_00000015.wav,06,1,25.003009667733803,-117.22849125902592,1,True
Protocol 2 OC-SVM (AE latent),anomaly/anomaly_id_02_00000013.wav,02,1,-171.32091096402672,-117.22849125902592,0,False
Protocol 2 OC-SVM (AE latent),anomaly/anomaly_id_06_00000075.wav,06,1,-159.28685338379404,-117.22849125902592,0,False
Protocol 2 OC-SVM (AE latent),anomaly/anomaly_id_02_00000038.wav,02,1,-104.65447786416512,-117.22849125902592,1,True
Protocol 2 OC-SVM (AE latent),anomaly/anomaly_id_04_00000074.wav,04,1,145.50662407375177,-117.22849125902592,1,True
Protocol 2 OC-SVM (AE latent),anomaly/anomaly_id_00_00000104.wav,00,1,-59.133073800769644,-117.22849125902592,1,True
Protocol 2 OC-SVM (AE latent),anomaly/anomaly_id_00_00000075.wav,00,1,-87.33579987922326,-117.22849125902592,1,True
Protocol 2 OC-SVM (AE latent),anomaly/anomaly_id_04_00000069.wav,04,1,-104.41857374735838,-117.22849125902592,1,True
Protocol 2 OC-SVM (AE latent),anomaly/anomaly_id_02_00000037.wav,02,1,11.17406746042806,-117.22849125902592,1,True
Protocol 2 OC-SVM (AE latent),anomaly/anomaly_id_04_00000028.wav,04,1,-172.06002143555648,-117.22849125902592,0,False
Protocol 2 OC-SVM (AE latent),anomaly/anomaly_id_00_00000135.wav,00,1,-27.35068649481714,-117.22849125902592,1,True
Protocol 2 OC-SVM (AE latent),anomaly/anomaly_id_02_00000022.wav,02,1,-201.5684705399034,-117.22849125902592,0,False
Protocol 2 OC-SVM (AE latent),anomaly/anomaly_id_02_00000050.wav,02,1,103.32589735377425,-117.22849125902592,1,True
Protocol 2 OC-SVM (AE latent),anomaly/anomaly_id_00_00000091.wav,00,1,-126.23292528455302,-117.22849125902592,0,False
Protocol 2 OC-SVM (AE latent),anomaly/anomaly_id_04_00000017.wav,04,1,-149.0958307246023,-117.22849125902592,0,False
Protocol 2 OC-SVM (AE latent),anomaly/anomaly_id_04_00000067.wav,04,1,33.10328050744051,-117.22849125902592,1,True
Protocol 2 OC-SVM (AE latent),anomaly/anomaly_id_06_00000089.wav,06,1,-4.272018712762064,-117.22849125902592,1,True
Protocol 2 OC-SVM (AE latent),anomaly/anomaly_id_02_00000002.wav,02,1,-27.946845687911647,-117.22849125902592,1,True
Protocol 2 OC-SVM (AE latent),anomaly/anomaly_id_06_00000064.wav,06,1,84.527302452887,-117.22849125902592,1,True
Protocol 2 OC-SVM (AE latent),anomaly/anomaly_id_02_00000074.wav,02,1,21.14255970077124,-117.22849125902592,1,True
Protocol 2 OC-SVM (AE latent),anomaly/anomaly_id_06_00000011.wav,06,1,15.244346739301749,-117.22849125902592,1,True
Protocol 2 OC-SVM (AE latent),anomaly/anomaly_id_02_00000006.wav,02,1,-96.88241116194793,-117.22849125902592,1,True
Protocol 2 OC-SVM (AE latent),anomaly/anomaly_id_00_00000126.wav,00,1,-89.21395768990763,-117.22849125902592,1,True
Protocol 2 OC-SVM (AE latent),anomaly/anomaly_id_06_00000045.wav,06,1,1.646598121759619,-117.22849125902592,1,True
Protocol 2 OC-SVM (AE latent),anomaly/anomaly_id_00_00000070.wav,00,1,18.54761986117832,-117.22849125902592,1,True
Protocol 2 OC-SVM (AE latent),anomaly/anomaly_id_04_00000089.wav,04,1,-193.67892672240527,-117.22849125902592,0,False
Protocol 2 OC-SVM (AE latent),anomaly/anomaly_id_02_00000029.wav,02,1,-280.7766964467553,-117.22849125902592,0,False
Protocol 2 OC-SVM (AE latent),anomaly/anomaly_id_06_00000002.wav,06,1,-7.886756796503644,-117.22849125902592,1,True
Protocol 2 OC-SVM (AE latent),anomaly/anomaly_id_02_00000107.wav,02,1,83.27848143235796,-117.22849125902592,1,True
Protocol 2 OC-SVM (AE latent),anomaly/anomaly_id_00_00000054.wav,00,1,43.89095463060081,-117.22849125902592,1,True
Protocol 2 OC-SVM (AE latent),anomaly/anomaly_id_02_00000026.wav,02,1,99.56941225673616,-117.22849125902592,1,True
Protocol 2 OC-SVM (AE latent),anomaly/anomaly_id_04_00000027.wav,04,1,-23.597052648550232,-117.22849125902592,1,True
Protocol 2 OC-SVM (AE latent),anomaly/anomaly_id_02_00000072.wav,02,1,-246.1721606459307,-117.22849125902592,0,False
Protocol 2 OC-SVM (AE latent),anomaly/anomaly_id_06_00000053.wav,06,1,-54.5418327211962,-117.22849125902592,1,True
Protocol 2 OC-SVM (AE latent),anomaly/anomaly_id_06_00000059.wav,06,1,83.98782258847555,-117.22849125902592,1,True
Protocol 2 OC-SVM (AE latent),anomaly/anomaly_id_02_00000015.wav,02,1,-248.18693984568557,-117.22849125902592,0,False
Protocol 2 OC-SVM (AE latent),anomaly/anomaly_id_06_00000101.wav,06,1,90.32647661707061,-117.22849125902592,1,True
Protocol 2 OC-SVM (AE latent),anomaly/anomaly_id_00_00000095.wav,00,1,-134.27118263269472,-117.22849125902592,0,False
Protocol 2 OC-SVM (AE latent),anomaly/anomaly_id_06_00000081.wav,06,1,-187.64157960703469,-117.22849125902592,0,False
Protocol 2 OC-SVM (AE latent),anomaly/anomaly_id_04_00000051.wav,04,1,43.97586718621168,-117.22849125902592,1,True
Protocol 2 OC-SVM (AE latent),anomaly/anomaly_id_02_00000043.wav,02,1,-61.5182581626054,-117.22849125902592,1,True
Protocol 2 OC-SVM (AE latent),anomaly/anomaly_id_04_00000009.wav,04,1,-138.55114852017593,-117.22849125902592,0,False
Protocol 2 OC-SVM (AE latent),anomaly/anomaly_id_04_00000003.wav,04,1,52.94979812691878,-117.22849125902592,1,True
Protocol 2 OC-SVM (AE latent),anomaly/anomaly_id_04_00000061.wav,04,1,142.89224503435736,-117.22849125902592,1,True
Protocol 2 OC-SVM (AE latent),anomaly/anomaly_id_04_00000052.wav,04,1,-119.84963538422714,-117.22849125902592,0,False
Protocol 2 OC-SVM (AE latent),anomaly/anomaly_id_06_00000052.wav,06,1,49.40312414348667,-117.22849125902592,1,True
Protocol 2 OC-SVM (AE latent),anomaly/anomaly_id_00_00000088.wav,00,1,96.51309758922667,-117.22849125902592,1,True
Protocol 2 OC-SVM (AE latent),anomaly/anomaly_id_04_00000090.wav,04,1,-53.15604012843481,-117.22849125902592,1,True
Protocol 2 OC-SVM (AE latent),anomaly/anomaly_id_06_00000069.wav,06,1,-54.2420018893857,-117.22849125902592,1,True
Protocol 2 OC-SVM (AE latent),anomaly/anomaly_id_02_00000105.wav,02,1,-101.94615721283944,-117.22849125902592,1,True
Protocol 2 OC-SVM (AE latent),anomaly/anomaly_id_02_00000071.wav,02,1,37.90707959432027,-117.22849125902592,1,True
Protocol 2 OC-SVM (AE latent),anomaly/anomaly_id_00_00000037.wav,00,1,77.24090609929604,-117.22849125902592,1,True
Protocol 2 OC-SVM (AE latent),anomaly/anomaly_id_06_00000001.wav,06,1,-151.10712444286202,-117.22849125902592,0,False
Protocol 2 OC-SVM (AE latent),anomaly/anomaly_id_04_00000016.wav,04,1,-195.31330088772108,-117.22849125902592,0,False
Protocol 2 OC-SVM (AE latent),anomaly/anomaly_id_06_00000076.wav,06,1,-6.090497690928796,-117.22849125902592,1,True
Protocol 2 OC-SVM (AE latent),anomaly/anomaly_id_04_00000022.wav,04,1,37.04518758011232,-117.22849125902592,1,True
Protocol 2 OC-SVM (AE latent),anomaly/anomaly_id_02_00000018.wav,02,1,-256.1802740285955,-117.22849125902592,0,False
Protocol 2 OC-SVM (AE latent),anomaly/anomaly_id_02_00000073.wav,02,1,-188.7053325011861,-117.22849125902592,0,False
Protocol 2 OC-SVM (AE latent),anomaly/anomaly_id_02_00000064.wav,02,1,-61.32474017773375,-117.22849125902592,1,True
Protocol 2 OC-SVM (AE latent),anomaly/anomaly_id_06_00000090.wav,06,1,-3.9655346558425544,-117.22849125902592,1,True
Protocol 2 OC-SVM (AE latent),anomaly/anomaly_id_02_00000030.wav,02,1,119.24602018873293,-117.22849125902592,1,True
Protocol 2 OC-SVM (AE latent),anomaly/anomaly_id_00_00000112.wav,00,1,-120.68670200297308,-117.22849125902592,0,False
Protocol 2 OC-SVM (AE latent),anomaly/anomaly_id_00_00000018.wav,00,1,-57.2603100885099,-117.22849125902592,1,True
Protocol 2 OC-SVM (AE latent),anomaly/anomaly_id_02_00000010.wav,02,1,85.40503735693567,-117.22849125902592,1,True
Protocol 2 OC-SVM (AE latent),anomaly/anomaly_id_00_00000011.wav,00,1,-121.83204273541384,-117.22849125902592,0,False
Protocol 2 OC-SVM (AE latent),anomaly/anomaly_id_06_00000030.wav,06,1,85.29553993309399,-117.22849125902592,1,True
Protocol 2 OC-SVM (AE latent),anomaly/anomaly_id_02_00000062.wav,02,1,150.5158009007026,-117.22849125902592,1,True
Protocol 2 OC-SVM (AE latent),anomaly/anomaly_id_04_00000081.wav,04,1,-170.64454507574504,-117.22849125902592,0,False
Protocol 2 OC-SVM (AE latent),anomaly/anomaly_id_06_00000040.wav,06,1,35.54096486061586,-117.22849125902592,1,True
Protocol 2 OC-SVM (AE latent),anomaly/anomaly_id_00_00000066.wav,00,1,-28.389594454642435,-117.22849125902592,1,True
Protocol 2 OC-SVM (AE latent),anomaly/anomaly_id_00_00000009.wav,00,1,3.623142557414386,-117.22849125902592,1,True
Protocol 2 OC-SVM (AE latent),anomaly/anomaly_id_06_00000009.wav,06,1,-155.89443688729645,-117.22849125902592,0,False
Protocol 2 OC-SVM (AE latent),anomaly/anomaly_id_00_00000059.wav,00,1,85.03895130443931,-117.22849125902592,1,True
Protocol 2 OC-SVM (AE latent),anomaly/anomaly_id_06_00000032.wav,06,1,32.28751435443319,-117.22849125902592,1,True
Protocol 2 OC-SVM (AE latent),anomaly/anomaly_id_06_00000038.wav,06,1,-9.469128985923662,-117.22849125902592,1,True
Protocol 2 OC-SVM (AE latent),anomaly/anomaly_id_00_00000004.wav,00,1,-140.40894026112701,-117.22849125902592,0,False
Protocol 2 OC-SVM (AE latent),anomaly/anomaly_id_00_00000094.wav,00,1,-120.56007170147407,-117.22849125902592,0,False
Protocol 2 OC-SVM (AE latent),anomaly/anomaly_id_00_00000048.wav,00,1,44.8589137279062,-117.22849125902592,1,True
Protocol 2 OC-SVM (AE latent),anomaly/anomaly_id_00_00000093.wav,00,1,-42.45799467608284,-117.22849125902592,1,True
Protocol 2 OC-SVM (AE latent),anomaly/anomaly_id_02_00000108.wav,02,1,-180.41203111194932,-117.22849125902592,0,False
Protocol 2 OC-SVM (AE latent),anomaly/anomaly_id_06_00000056.wav,06,1,12.90988642172237,-117.22849125902592,1,True
Protocol 2 OC-SVM (AE latent),anomaly/anomaly_id_00_00000032.wav,00,1,52.023247586259636,-117.22849125902592,1,True
Protocol 2 OC-SVM (AE latent),anomaly/anomaly_id_02_00000012.wav,02,1,125.74367182929116,-117.22849125902592,1,True
Protocol 2 OC-SVM (AE latent),anomaly/anomaly_id_00_00000128.wav,00,1,-162.9569355497263,-117.22849125902592,0,False
Protocol 2 OC-SVM (AE latent),anomaly/anomaly_id_00_00000121.wav,00,1,-139.69700261194984,-117.22849125902592,0,False
Protocol 2 OC-SVM (AE latent),anomaly/anomaly_id_02_00000084.wav,02,1,-244.6095313997739,-117.22849125902592,0,False
Protocol 2 OC-SVM (AE latent),anomaly/anomaly_id_00_00000130.wav,00,1,-136.85231268415254,-117.22849125902592,0,False
Protocol 2 OC-SVM (AE latent),anomaly/anomaly_id_00_00000081.wav,00,1,-158.3787586911205,-117.22849125902592,0,False
Protocol 2 OC-SVM (AE latent),anomaly/anomaly_id_04_00000054.wav,04,1,12.59289279543851,-117.22849125902592,1,True
Protocol 2 OC-SVM (AE latent),anomaly/anomaly_id_04_00000057.wav,04,1,-182.4597645172249,-117.22849125902592,0,False
Protocol 2 OC-SVM (AE latent),anomaly/anomaly_id_00_00000052.wav,00,1,39.591129985057755,-117.22849125902592,1,True
Protocol 2 OC-SVM (AE latent),anomaly/anomaly_id_06_00000025.wav,06,1,-183.63995337000154,-117.22849125902592,0,False
Protocol 2 OC-SVM (AE latent),anomaly/anomaly_id_00_00000028.wav,00,1,-117.0066270848815,-117.22849125902592,1,True
Protocol 2 OC-SVM (AE latent),anomaly/anomaly_id_06_00000050.wav,06,1,60.361699015205915,-117.22849125902592,1,True
Protocol 2 OC-SVM (AE latent),anomaly/anomaly_id_02_00000066.wav,02,1,-297.60370503187215,-117.22849125902592,0,False
Protocol 2 OC-SVM (AE latent),anomaly/anomaly_id_00_00000106.wav,00,1,-166.95709410057816,-117.22849125902592,0,False
Protocol 2 OC-SVM (AE latent),anomaly/anomaly_id_06_00000035.wav,06,1,-150.20301826195018,-117.22849125902592,0,False
Protocol 2 OC-SVM (AE latent),anomaly/anomaly_id_06_00000100.wav,06,1,57.95548645314005,-117.22849125902592,1,True
Protocol 2 OC-SVM (AE latent),anomaly/anomaly_id_00_00000021.wav,00,1,54.381548645733886,-117.22849125902592,1,True
Protocol 2 OC-SVM (AE latent),anomaly/anomaly_id_02_00000075.wav,02,1,-110.71408759880116,-117.22849125902592,1,True
Protocol 2 OC-SVM (AE latent),anomaly/anomaly_id_06_00000048.wav,06,1,-263.02140933794135,-117.22849125902592,0,False
Protocol 2 OC-SVM (AE latent),anomaly/anomaly_id_04_00000012.wav,04,1,80.65665125069081,-117.22849125902592,1,True
Protocol 2 OC-SVM (AE latent),anomaly/anomaly_id_06_00000065.wav,06,1,33.443846965447214,-117.22849125902592,1,True
Protocol 2 OC-SVM (AE latent),anomaly/anomaly_id_04_00000077.wav,04,1,15.923839179098122,-117.22849125902592,1,True
Protocol 2 OC-SVM (AE latent),anomaly/anomaly_id_00_00000039.wav,00,1,-73.24017332091489,-117.22849125902592,1,True
Protocol 2 OC-SVM (AE latent),anomaly/anomaly_id_02_00000045.wav,02,1,-4.358521458386371,-117.22849125902592,1,True
Protocol 2 OC-SVM (AE latent),anomaly/anomaly_id_00_00000013.wav,00,1,28.419060878763045,-117.22849125902592,1,True
Protocol 2 OC-SVM (AE latent),anomaly/anomaly_id_02_00000046.wav,02,1,36.79131903705138,-117.22849125902592,1,True
Protocol 2 OC-SVM (AE latent),anomaly/anomaly_id_04_00000091.wav,04,1,66.68801038845314,-117.22849125902592,1,True
Protocol 2 OC-SVM (AE latent),anomaly/anomaly_id_06_00000003.wav,06,1,-33.21056460220729,-117.22849125902592,1,True
Protocol 2 OC-SVM (AE latent),anomaly/anomaly_id_02_00000077.wav,02,1,-26.305974083322575,-117.22849125902592,1,True
Protocol 2 OC-SVM (AE latent),anomaly/anomaly_id_00_00000005.wav,00,1,15.76093601644692,-117.22849125902592,1,True
Protocol 2 OC-SVM (AE latent),anomaly/anomaly_id_00_00000085.wav,00,1,-62.558386851664444,-117.22849125902592,1,True
Protocol 2 OC-SVM (AE latent),anomaly/anomaly_id_06_00000085.wav,06,1,-8.507333796227206,-117.22849125902592,1,True
Protocol 2 OC-SVM (AE latent),anomaly/anomaly_id_06_00000007.wav,06,1,27.581341308728966,-117.22849125902592,1,True
Protocol 2 OC-SVM (AE latent),anomaly/anomaly_id_04_00000078.wav,04,1,66.3028652664007,-117.22849125902592,1,True
Protocol 2 OC-SVM (AE latent),anomaly/anomaly_id_04_00000024.wav,04,1,21.8531493749747,-117.22849125902592,1,True
Protocol 2 OC-SVM (AE latent),anomaly/anomaly_id_00_00000078.wav,00,1,-32.49076033732198,-117.22849125902592,1,True
Protocol 2 OC-SVM (AE latent),anomaly/anomaly_id_06_00000068.wav,06,1,-102.12160563746772,-117.22849125902592,1,True
Protocol 2 OC-SVM (AE latent),anomaly/anomaly_id_00_00000114.wav,00,1,16.655428553873676,-117.22849125902592,1,True
Protocol 2 OC-SVM (AE latent),anomaly/anomaly_id_02_00000027.wav,02,1,-83.47334169459533,-117.22849125902592,1,True
Protocol 2 OC-SVM (AE latent),anomaly/anomaly_id_04_00000085.wav,04,1,10.394850311685685,-117.22849125902592,1,True
Protocol 2 OC-SVM (AE latent),anomaly/anomaly_id_00_00000123.wav,00,1,64.23388053156799,-117.22849125902592,1,True
Protocol 2 OC-SVM (AE latent),anomaly/anomaly_id_04_00000047.wav,04,1,-75.87437366234597,-117.22849125902592,1,True
Protocol 2 OC-SVM (AE latent),anomaly/anomaly_id_00_00000103.wav,00,1,130.699218019795,-117.22849125902592,1,True
Protocol 2 OC-SVM (AE latent),anomaly/anomaly_id_00_00000090.wav,00,1,45.34489450261935,-117.22849125902592,1,True
Protocol 2 OC-SVM (AE latent),anomaly/anomaly_id_02_00000056.wav,02,1,87.60574665879624,-117.22849125902592,1,True
Protocol 2 OC-SVM (AE latent),anomaly/anomaly_id_04_00000020.wav,04,1,-179.49251787553732,-117.22849125902592,0,False
Protocol 2 OC-SVM (AE latent),anomaly/anomaly_id_06_00000031.wav,06,1,23.244537635190362,-117.22849125902592,1,True
Protocol 2 OC-SVM (AE latent),anomaly/anomaly_id_02_00000063.wav,02,1,90.22466368264394,-117.22849125902592,1,True
Protocol 2 OC-SVM (AE latent),anomaly/anomaly_id_00_00000087.wav,00,1,36.69011186395942,-117.22849125902592,1,True
Protocol 2 OC-SVM (AE latent),anomaly/anomaly_id_02_00000078.wav,02,1,109.34713848829246,-117.22849125902592,1,True
Protocol 2 OC-SVM (AE latent),anomaly/anomaly_id_00_00000142.wav,00,1,-74.28223204569963,-117.22849125902592,1,True
Protocol 2 OC-SVM (AE latent),anomaly/anomaly_id_00_00000111.wav,00,1,-145.21564299203786,-117.22849125902592,0,False
Protocol 2 OC-SVM (AE latent),anomaly/anomaly_id_04_00000075.wav,04,1,-98.82652251502233,-117.22849125902592,1,True
Protocol 2 OC-SVM (AE latent),anomaly/anomaly_id_06_00000017.wav,06,1,-124.06825455791662,-117.22849125902592,0,False
Protocol 2 OC-SVM (AE latent),anomaly/anomaly_id_04_00000023.wav,04,1,-41.28798563484689,-117.22849125902592,1,True
Protocol 2 OC-SVM (AE latent),anomaly/anomaly_id_04_00000095.wav,04,1,167.0503512053953,-117.22849125902592,1,True
Protocol 2 OC-SVM (AE latent),anomaly/anomaly_id_06_00000063.wav,06,1,24.448426088112438,-117.22849125902592,1,True
Protocol 2 OC-SVM (AE latent),anomaly/anomaly_id_02_00000044.wav,02,1,5.317131471212583,-117.22849125902592,1,True
Protocol 2 OC-SVM (AE latent),anomaly/anomaly_id_00_00000065.wav,00,1,57.01210459930491,-117.22849125902592,1,True
Protocol 2 OC-SVM (AE latent),anomaly/anomaly_id_06_00000078.wav,06,1,-189.7067712825917,-117.22849125902592,0,False
Protocol 2 OC-SVM (AE latent),anomaly/anomaly_id_00_00000099.wav,00,1,-104.15922827232255,-117.22849125902592,1,True
Protocol 2 OC-SVM (AE latent),anomaly/anomaly_id_00_00000071.wav,00,1,-1.5038880601243438,-117.22849125902592,1,True
Protocol 2 OC-SVM (AE latent),anomaly/anomaly_id_06_00000058.wav,06,1,27.76512934453427,-117.22849125902592,1,True
Protocol 2 OC-SVM (AE latent),anomaly/anomaly_id_00_00000069.wav,00,1,86.42686026518543,-117.22849125902592,1,True
Protocol 2 OC-SVM (AE latent),anomaly/anomaly_id_06_00000021.wav,06,1,88.78668801003518,-117.22849125902592,1,True
Protocol 2 OC-SVM (AE latent),anomaly/anomaly_id_00_00000125.wav,00,1,59.75907041381736,-117.22849125902592,1,True
Protocol 2 OC-SVM (AE latent),anomaly/anomaly_id_02_00000034.wav,02,1,-190.3779238426164,-117.22849125902592,0,False
Protocol 2 OC-SVM (AE latent),anomaly/anomaly_id_02_00000081.wav,02,1,-203.92604078505144,-117.22849125902592,0,False
Protocol 2 OC-SVM (AE latent),anomaly/anomaly_id_06_00000086.wav,06,1,-236.65577831330893,-117.22849125902592,0,False
Protocol 2 OC-SVM (AE latent),anomaly/anomaly_id_00_00000117.wav,00,1,-327.40303174454516,-117.22849125902592,0,False
Protocol 2 OC-SVM (AE latent),anomaly/anomaly_id_00_00000074.wav,00,1,-109.85261850087501,-117.22849125902592,1,True
Protocol 2 OC-SVM (AE latent),anomaly/anomaly_id_06_00000018.wav,06,1,-57.98873500019598,-117.22849125902592,1,True
Protocol 2 OC-SVM (AE latent),anomaly/anomaly_id_00_00000010.wav,00,1,45.5254574540722,-117.22849125902592,1,True
Protocol 2 OC-SVM (AE latent),anomaly/anomaly_id_00_00000116.wav,00,1,-79.5927486048953,-117.22849125902592,1,True
Protocol 2 OC-SVM (AE latent),anomaly/anomaly_id_06_00000039.wav,06,1,68.40311813476355,-117.22849125902592,1,True
Protocol 2 OC-SVM (AE latent),anomaly/anomaly_id_02_00000014.wav,02,1,-168.40338205665054,-117.22849125902592,0,False
Protocol 2 OC-SVM (AE latent),anomaly/anomaly_id_00_00000063.wav,00,1,-50.560487968691746,-117.22849125902592,1,True
Protocol 2 OC-SVM (AE latent),anomaly/anomaly_id_02_00000080.wav,02,1,24.86479631078492,-117.22849125902592,1,True
Protocol 2 OC-SVM (AE latent),anomaly/anomaly_id_00_00000001.wav,00,1,-107.55958807631784,-117.22849125902592,1,True
Protocol 2 OC-SVM (AE latent),anomaly/anomaly_id_00_00000042.wav,00,1,-72.10026982284704,-117.22849125902592,1,True
Protocol 2 OC-SVM (AE latent),anomaly/anomaly_id_00_00000122.wav,00,1,-103.20706053963157,-117.22849125902592,1,True
Protocol 2 OC-SVM (AE latent),anomaly/anomaly_id_00_00000017.wav,00,1,146.45109955238152,-117.22849125902592,1,True
Protocol 2 OC-SVM (AE latent),anomaly/anomaly_id_02_00000024.wav,02,1,47.67988833551812,-117.22849125902592,1,True
Protocol 2 OC-SVM (AE latent),anomaly/anomaly_id_04_00000043.wav,04,1,33.283456234767954,-117.22849125902592,1,True
Protocol 2 OC-SVM (AE latent),anomaly/anomaly_id_04_00000055.wav,04,1,42.04437981889516,-117.22849125902592,1,True
Protocol 2 OC-SVM (AE latent),anomaly/anomaly_id_00_00000076.wav,00,1,30.224498024560237,-117.22849125902592,1,True
Protocol 2 OC-SVM (AE latent),anomaly/anomaly_id_04_00000059.wav,04,1,-92.75216834529971,-117.22849125902592,1,True
Protocol 2 OC-SVM (AE latent),anomaly/anomaly_id_04_00000042.wav,04,1,60.19793923163198,-117.22849125902592,1,True
Protocol 2 OC-SVM (AE latent),anomaly/anomaly_id_02_00000065.wav,02,1,75.70314603393287,-117.22849125902592,1,True
Protocol 2 OC-SVM (AE latent),anomaly/anomaly_id_04_00000071.wav,04,1,-177.68413749878243,-117.22849125902592,0,False
Protocol 2 OC-SVM (AE latent),anomaly/anomaly_id_00_00000031.wav,00,1,6.891088226104267,-117.22849125902592,1,True
Protocol 2 OC-SVM (AE latent),anomaly/anomaly_id_00_00000129.wav,00,1,16.82260773675282,-117.22849125902592,1,True
Protocol 2 OC-SVM (AE latent),anomaly/anomaly_id_06_00000049.wav,06,1,40.78556369529891,-117.22849125902592,1,True
Protocol 2 OC-SVM (AE latent),anomaly/anomaly_id_00_00000105.wav,00,1,-92.66694015383952,-117.22849125902592,1,True
Protocol 2 OC-SVM (AE latent),anomaly/anomaly_id_04_00000036.wav,04,1,28.899269202989974,-117.22849125902592,1,True
Protocol 2 OC-SVM (AE latent),anomaly/anomaly_id_04_00000013.wav,04,1,44.27863919112937,-117.22849125902592,1,True
Protocol 2 OC-SVM (AE latent),anomaly/anomaly_id_06_00000044.wav,06,1,-160.66337079725514,-117.22849125902592,0,False
Protocol 2 OC-SVM (AE latent),anomaly/anomaly_id_02_00000069.wav,02,1,-146.72684960041315,-117.22849125902592,0,False
Protocol 2 OC-SVM (AE latent),anomaly/anomaly_id_00_00000043.wav,00,1,-156.49998843748722,-117.22849125902592,0,False
Protocol 2 OC-SVM (AE latent),anomaly/anomaly_id_06_00000072.wav,06,1,5.280036740120244,-117.22849125902592,1,True
Protocol 2 OC-SVM (AE latent),anomaly/anomaly_id_02_00000017.wav,02,1,-273.36579943023935,-117.22849125902592,0,False
Protocol 2 OC-SVM (AE latent),anomaly/anomaly_id_04_00000063.wav,04,1,63.98582245910924,-117.22849125902592,1,True
Protocol 2 OC-SVM (AE latent),anomaly/anomaly_id_00_00000057.wav,00,1,77.39305620374414,-117.22849125902592,1,True
Protocol 2 OC-SVM (AE latent),anomaly/anomaly_id_04_00000025.wav,04,1,16.039999217102277,-117.22849125902592,1,True
Protocol 2 OC-SVM (AE latent),anomaly/anomaly_id_00_00000023.wav,00,1,-70.10769270609622,-117.22849125902592,1,True
Protocol 2 OC-SVM (AE latent),anomaly/anomaly_id_04_00000018.wav,04,1,-25.028478581262974,-117.22849125902592,1,True
Protocol 2 OC-SVM (AE latent),anomaly/anomaly_id_00_00000015.wav,00,1,-11.043762785248289,-117.22849125902592,1,True
Protocol 2 OC-SVM (AE latent),anomaly/anomaly_id_04_00000062.wav,04,1,-74.3678411025067,-117.22849125902592,1,True
Protocol 2 OC-SVM (AE latent),anomaly/anomaly_id_00_00000109.wav,00,1,-174.98689324437268,-117.22849125902592,0,False
Protocol 2 OC-SVM (AE latent),anomaly/anomaly_id_00_00000137.wav,00,1,22.272108384412025,-117.22849125902592,1,True
Protocol 2 OC-SVM (AE latent),anomaly/anomaly_id_02_00000047.wav,02,1,-201.46123670668865,-117.22849125902592,0,False
Protocol 2 OC-SVM (AE latent),anomaly/anomaly_id_04_00000033.wav,04,1,5.13966512696124,-117.22849125902592,1,True
Protocol 2 OC-SVM (AE latent),anomaly/anomaly_id_00_00000016.wav,00,1,-49.480434488335554,-117.22849125902592,1,True
Protocol 2 OC-SVM (AE latent),anomaly/anomaly_id_04_00000046.wav,04,1,-159.62299523896064,-117.22849125902592,0,False
Protocol 2 OC-SVM (AE latent),anomaly/anomaly_id_02_00000097.wav,02,1,108.86806039733234,-117.22849125902592,1,True
Protocol 2 OC-SVM (AE latent),anomaly/anomaly_id_00_00000110.wav,00,1,-49.55067406545535,-117.22849125902592,1,True
Protocol 2 OC-SVM (AE latent),anomaly/anomaly_id_02_00000052.wav,02,1,-58.06370602317707,-117.22849125902592,1,True
Protocol 2 OC-SVM (AE latent),anomaly/anomaly_id_00_00000034.wav,00,1,1.5045626631349984,-117.22849125902592,1,True
Protocol 2 OC-SVM (AE latent),anomaly/anomaly_id_04_00000032.wav,04,1,-37.504826701382626,-117.22849125902592,1,True
Protocol 2 OC-SVM (AE latent),anomaly/anomaly_id_04_00000060.wav,04,1,4.593614090438011,-117.22849125902592,1,True
Protocol 2 OC-SVM (AE latent),anomaly/anomaly_id_00_00000035.wav,00,1,58.278104193601294,-117.22849125902592,1,True
Protocol 2 OC-SVM (AE latent),anomaly/anomaly_id_04_00000079.wav,04,1,-7.150364658955005,-117.22849125902592,1,True
Protocol 2 OC-SVM (AE latent),anomaly/anomaly_id_02_00000039.wav,02,1,-215.4950341944217,-117.22849125902592,0,False
Protocol 2 OC-SVM (AE latent),anomaly/anomaly_id_00_00000049.wav,00,1,-118.75120275510557,-117.22849125902592,0,False
Protocol 2 OC-SVM (AE latent),anomaly/anomaly_id_00_00000006.wav,00,1,79.34051389036689,-117.22849125902592,1,True
Protocol 2 OC-SVM (AE latent),anomaly/anomaly_id_00_00000102.wav,00,1,62.72026610267473,-117.22849125902592,1,True
Protocol 2 OC-SVM (AE latent),anomaly/anomaly_id_02_00000032.wav,02,1,31.602746306920267,-117.22849125902592,1,True
Protocol 2 OC-SVM (AE latent),anomaly/anomaly_id_00_00000139.wav,00,1,13.799817712509233,-117.22849125902592,1,True
Protocol 2 OC-SVM (AE latent),anomaly/anomaly_id_06_00000084.wav,06,1,-248.1688583938359,-117.22849125902592,0,False
Protocol 2 OC-SVM (AE latent),anomaly/anomaly_id_00_00000041.wav,00,1,16.962877820276987,-117.22849125902592,1,True
Protocol 2 OC-SVM (AE latent),anomaly/anomaly_id_06_00000012.wav,06,1,74.70775015426159,-117.22849125902592,1,True
Protocol 2 OC-SVM (AE latent),anomaly/anomaly_id_00_00000022.wav,00,1,-122.64378830853522,-117.22849125902592,0,False
Protocol 2 OC-SVM (AE latent),anomaly/anomaly_id_04_00000021.wav,04,1,-215.5232835685085,-117.22849125902592,0,False
Protocol 2 OC-SVM (AE latent),anomaly/anomaly_id_02_00000020.wav,02,1,22.094010742269283,-117.22849125902592,1,True
Protocol 2 OC-SVM (AE latent),anomaly/anomaly_id_04_00000066.wav,04,1,-243.6656483579908,-117.22849125902592,0,False
Protocol 2 OC-SVM (AE latent),anomaly/anomaly_id_04_00000049.wav,04,1,77.56701970894534,-117.22849125902592,1,True
Protocol 2 OC-SVM (AE latent),anomaly/anomaly_id_00_00000113.wav,00,1,-56.92725794274926,-117.22849125902592,1,True
Protocol 2 OC-SVM (AE latent),anomaly/anomaly_id_02_00000094.wav,02,1,11.581011766374372,-117.22849125902592,1,True
Protocol 2 OC-SVM (AE latent),anomaly/anomaly_id_06_00000042.wav,06,1,-126.33691113903585,-117.22849125902592,0,False
Protocol 2 OC-SVM (AE latent),anomaly/anomaly_id_06_00000083.wav,06,1,-47.23178750916059,-117.22849125902592,1,True
Protocol 2 OC-SVM (AE latent),anomaly/anomaly_id_00_00000014.wav,00,1,46.59190442706967,-117.22849125902592,1,True
Protocol 2 OC-SVM (AE latent),anomaly/anomaly_id_00_00000141.wav,00,1,-136.9495558574698,-117.22849125902592,0,False
Protocol 2 OC-SVM (AE latent),anomaly/anomaly_id_02_00000051.wav,02,1,34.32876852236557,-117.22849125902592,1,True
Protocol 2 OC-SVM (AE latent),anomaly/anomaly_id_00_00000036.wav,00,1,-84.75082759768162,-117.22849125902592,1,True
Protocol 2 OC-SVM (AE latent),anomaly/anomaly_id_00_00000097.wav,00,1,-128.98453294608683,-117.22849125902592,0,False
Protocol 2 OC-SVM (AE latent),anomaly/anomaly_id_06_00000095.wav,06,1,93.18777340411953,-117.22849125902592,1,True
Protocol 2 OC-SVM (AE latent),anomaly/anomaly_id_00_00000136.wav,00,1,-272.1658153479497,-117.22849125902592,0,False
